[
    {
        "type":"palette",
        "id":"FO_VAULTPAL_DOOR",
        "terrain": {
           ".": "t_linoleum_white",
           "W": "t_concrete_wall",
           "w": "t_wall_metal",
           "F": "t_concrete",
           "C": "t_vault_door_c",
           "f": "t_rock_floor_no_roof",
           "T": "t_linoleum_white",
           "t": "t_linoleum_gray",
           "c": "t_door_glass_green_c",
           "Q": "t_wall_half",
           "S": "t_linoleum_gray",
           "s": "t_concrete",
           "G": "t_floor_blue",
           "*": "t_vault_floor_olight",
           "B": "t_metal_floor",
           "b": "t_metal_floor",
           "E": "t_linoleum_gray",
           "e": "t_linoleum_gray",
           "R": "t_linoleum_gray",
           "1": "t_metal_floor",
           "2": "t_metal_floor",
           "V": "t_metal_floor",
           "g": "t_grate",
           "Y": "t_linoleum_white",
           "y": "t_floor_blue",
           "U": "t_plut_generator",
           "u": "t_metal_floor",
           "I": "t_metal_floor",
           "i": "t_metal_floor",
           "3": "t_metal_floor",
           "O": "t_concrete",
           "o": "t_floor_blue",
           "P": "t_console",
           "p": "t_linoleum_white",
           "4": "t_concrete",
           "[": "t_metal_floor",
           "]": "t_concrete",
           "A": "t_concrete",
           "a": "t_concrete",
           "D": "t_concrete",
           "d": "t_concrete",
           "5": "t_metal_floor",
           "H": "t_floor_blue",
           "h": "t_floor_blue",
           "J": "t_reinforced_glass",
           "j": "t_concrete",
           "K": "t_concrete",
           "L": "t_strconc_floor",
           "l": "t_concrete",
           ";": "t_metal_floor",
           "'": "t_sewage_pump",
           "6": "t_concrete",
           "7": "t_concrete",
           "8": "t_concrete",
           "9": "t_concrete",
           "!": "t_sewage_pipe",
           "Z": "t_dirt",
           "z": "t_region_tree_fruit",
           "X": "t_shrub_strawberry",
           "x": "t_shrub_blackberry",
           "v": "t_concrete",
           "@": "t_concrete",
           "N": "t_linoleum_white",
           "n": "t_linoleum_white",
           "#": "t_linoleum_white",
           "$": "t_concrete",
           "%": "t_concrete",
           "^": "t_concrete",
           "~": "t_rock",
           "`": "t_floor_blue",
           "?": "t_floor_blue",
           ":": "t_linoleum_white",
           "(": "t_concrete",
           "0": "t_concrete",
           "_": "t_metal_floor",
           "=": "t_metal_floor",
           "+": "t_metal_floor",
           "M": "t_metal_railing",
           "m": "t_machinery_heavy",
           "|": "t_machinery_light",
           "/": "t_machinery_electronic",
           "k": "t_rock",
           "{": "t_column",
           "<": "t_stairs_up"
        },
        "furniture": {
           ".": "f_shower",
           "t": "f_table",
           "S": "f_stool",
           "s": "f_chair",
           "b": "f_trashcan",
           "E": "f_sink",
           "e": "f_washer",
           "R": "f_glass_fridge",
           "1": "f_rack",
           "2": "f_rack",
           "V": "f_vending_c",
           "Y": "f_IV_pole",
           "y": "f_bed",
           "u": "f_desk",
           "I": "f_fallout_magreel",
           "i": "f_fallout_server",
           "3": "f_rack",
           "O": "f_table",
           "o": "f_sofa",
           "p": "f_bed",
           "4": "f_locker",
           "[": "f_vent_pipe",
           "]": "f_air_filter",
           "A": "f_air_filter",
           "a": "f_standing_tank",
           "D": "f_water_heater",
           "d": "f_water_purifier",
           "5": "f_utility_shelf",
           "H": "f_table",
           "h": "f_armchair",
           "j": "f_table",
           "K": "f_chair",
           "l": "f_target",
           ";": "f_sandbag_half",
           "6": "f_utility_shelf",
           "7": "f_locker",
           "8": "f_bookcase",
           "9": "f_locker",
           "Z": "f_bluebell",
           "v": "f_water_heater",
           "@": "f_warehouse_shelf",
           "n": "f_toilet",
           "#": "f_glass_cabinet",
           "$": "f_utility_shelf",
           "%": "f_bookcase",
           "^": "f_utility_shelf",
           "?": "f_table",
           "(": "f_utility_shelf",
           "0": "f_heavy_lathe",
           "_": "f_bunkbed",
           "=": "f_workbench",
           "+": "f_stool"
        },
    "items": {
            
            }
        }
]