[
    {
        "type":"palette",
        "id":"FO_VAULTPAL_CYBORG",
        "terrain": {
           ".": "t_linoleum_white",
           "W": "t_concrete_wall",
           "w": "t_wall_metal",
           "F": "t_concrete",
           "<": "t_strconc_floor",
           ">": "t_door_metal_locked",
           "C": "t_vault_door_c",
           "f": "t_concrete",
           "T": "t_linoleum_white",
           "t": "t_linoleum_gray",
           "c": "t_door_glass_green_c",
           "Q": "t_wall_half",
           "S": "t_linoleum_gray",
           "s": "t_concrete",
           "G": "t_floor_blue",
           "*": "t_vault_floor_olight",
           "B": "t_floor",
           "b": "t_linoleum_gray",
           "E": "t_linoleum_gray",
           "e": "t_linoleum_gray",
           "R": "t_linoleum_gray",
           "1": "t_metal_floor",
           "2": "t_metal_floor",
           "V": "t_metal_floor",
           "g": "t_grate",
           "Y": "t_linoleum_white",
           "y": "t_linoleum_white",
           "U": "t_plut_generator",
           "u": "t_metal_floor",
           "I": "t_metal_floor",
           "i": "t_metal_floor",
           "3": "t_floor_blue",
           "O": "t_floor",
           "o": "t_floor_blue",
           "P": "t_console",
           "p": "t_linoleum_white",
           "4": "t_floor",
           "[": "t_metal_floor",
           "]": "t_floor",
           "A": "t_concrete",
           "a": "t_concrete",
           "D": "t_concrete",
           "d": "t_concrete",
           "5": "t_linoleum_white",
           "H": "t_floor_blue",
           "h": "t_floor_blue",
           "J": "t_reinforced_glass",
           "j": "t_concrete",
           "K": "t_concrete",
           "L": "t_concrete",
           "l": "t_concrete",
           ";": "t_sewage_pump",
           "'": "t_sewage_pump",
           "6": "t_linoleum_white",
           "7": "t_concrete",
           "8": "t_concrete",
           "9": "t_strconc_floor",
           "!": "t_sewage_pipe",
           "Z": "t_column",
           "z": "t_cvdbody",
           "X": "t_cvdmachine",
           "x": "t_shrub_blackberry",
           "v": "t_concrete",
           "@": "t_concrete",
           "N": "t_linoleum_white",
           "n": "t_linoleum_white",
           "#": "t_linoleum_white",
           "$": "t_concrete",
           "%": "t_concrete",
           "^": "t_linoleum_white",
           "~": "t_rock",
           "`": "t_linoleum_white",
           "?": "t_linoleum_white",
           ":": "t_linoleum_white",
           "(": "t_centrifuge",
           "0": "t_potential_trans",
           "_": "t_strconc_floor",
           "=": "t_strconc_floor",
           "+": "t_strconc_floor",
           "M": "t_linoleum_white",
           "m": "t_strconc_floor",
           "|": "t_strconc_floor",
           "/": "t_machinery_electronic",
           "k": "t_machinery_heavy",
           "{": "t_linoleum_white"
        },
        "furniture": {
           ".": "f_shower",
           "t": "f_table",
           "S": "f_stool",
           "s": "f_chair",
           "b": "f_oven",
           "E": "f_sink",
           "e": "f_washer",
           "R": "f_glass_fridge",
           "1": "f_rack",
           "2": "f_rack",
           "V": "f_vending_c",
           "Y": "f_IV_pole",
           "y": "f_bed",
           "u": "f_desk",
           "I": "f_fallout_magreel",
           "i": "f_fallout_server",
           "3": "f_dresser",
           "O": "f_table",
           "o": "f_sofa",
           "p": "f_bed",
           "4": "f_rack",
           "[": "f_vent_pipe",
           "]": "f_air_filter",
           "A": "f_air_filter",
           "a": "f_standing_tank",
           "D": "f_water_heater",
           "d": "f_water_purifier",
           "5": "f_utility_shelf",
           "H": "f_table",
           "h": "f_armchair",
           "j": "f_table",
           "K": "f_chair",
           "L": "f_filing_cabinet",
           "l": "f_target",
           ";": "f_sandbag_half",
           "6": "f_utility_shelf",
           "7": "f_locker",
           "8": "f_locker",
           "9": "f_glass_cabinet",
           "v": "f_water_heater",
           "@": "f_warehouse_shelf",
           "n": "f_toilet",
           "#": "f_glass_cabinet",
           "$": "f_utility_shelf",
           "%": "f_bookcase",
           "^": "f_air_filter",
           "`": "f_lab_bench",
           "?": "f_autoclave",
           ":": "f_scan_bed",
           "_": "f_NMR",
           "=": "f_robotic_assembler",
           "+": "f_MRI",
           "M": "f_autodoc",
           "m": "f_electron_microscope",
           "|": "f_lab_bench",
           "{": "f_autodoc_couch"
        },
    "items": {
              "t": [ { "item": "book_mag_tech", "chance": 25 }, { "item": "mon_vault_table", "chance": 35, "repeat": [ 3, 6 ] } ],
              "O": [ { "item": "book_mag_tech", "chance": 25 }, { "item": "mon_vault_table", "chance": 25, "repeat": [ 3, 6 ] } ],
              "`": [ { "item": "book_mag_tech", "chance": 15 }, { "item": "mon_vault_table", "chance": 25, "repeat": [ 3, 6 ] } ],
              "u": [ { "item": "office_supplies", "chance": 65, "repeat": [ 2, 4 ] }, { "item": "file_room", "chance": 65, "repeat": [ 3, 4 ] } ],
              "|": [ { "item": "chem_lab", "chance": 25 }, { "item": "supplies_reagents_lab", "chance": 75, "repeat": [ 1, 3 ] }, { "item": "science", "chance": 30, "repeat": [ 1, 2 ] }, { "item": "bionics", "chance": 10 }, { "item": "book_mag_tech", "chance": 10 } ],
              "5": [ { "item": "chem_lab", "chance": 65 }, { "item": "hospital_medical_items", "chance": 40, "repeat": [ 1, 6 ] }, { "item": "science", "chance": 45, "repeat": [ 1, 2 ] }, { "item": "bionics", "chance": 65, "repeat": [ 2, 5 ] }, { "item": "bionics_op", "chance": 35, "repeat": [ 1, 3 ] }, { "item": "bionics_op2_off", "chance": 5, "repeat": [ 1, 3 ] }, { "item": "bionics_tech", "chance": 15, "repeat": [ 1, 3 ] } ],
              "6": [ { "item": "hospital_medical_items", "chance": 70, "repeat": [ 4, 6 ] } ],
              "%": [ { "item": "homebooks", "chance": 78, "repeat": [ 2, 3 ] }, { "item": "electronics", "chance": 35 }, { "item": "lab_bookshelves", "chance": 75, "repeat": [ 4, 6 ] } ],
              "9": [ { "item": "chem_lab", "chance": 95 }, { "item": "lab_bookshelves", "chance": 75, "repeat": [ 1, 6 ] }, { "item": "science", "chance": 45, "repeat": [ 1, 2 ] }, { "item": "bionics", "chance": 27, "repeat": [ 1, 3 ] } ]
            }
        }
]