[
    {
        "type":"palette",
        "id":"FO_VAULTPAL_MAZE",
        "terrain": {
           ".": "t_linoleum_white",
           "W": "t_concrete_wall",
           "w": "t_wall_metal",
           "F": "t_concrete",
           "<": "t_gates_mech_control",
           ">": "t_door_metal_locked",
           "C": "t_vault_door_c",
           "f": "t_concrete",
           "T": "t_linoleum_white",
           "t": "t_linoleum_gray",
           "c": "t_door_glass_green_c",
           "Q": "t_wall_half",
           "S": "t_linoleum_gray",
           "s": "t_concrete",
           "G": "t_floor_blue",
           "*": "t_vault_floor_olight",
           "B": "t_floor",
           "b": "t_linoleum_gray",
           "E": "t_linoleum_gray",
           "e": "t_linoleum_gray",
           "R": "t_linoleum_gray",
           "1": "t_linoleum_white",
           "2": "t_linoleum_white",
           "V": "t_metal_floor",
           "g": "t_grate",
           "Y": "t_linoleum_white",
           "y": "t_floor_blue",
           "U": "t_plut_generator",
           "u": "t_metal_floor",
           "I": "t_metal_floor",
           "i": "t_metal_floor",
           "3": "t_linoleum_white",
           "O": "t_floor",
           "o": "t_floor_blue",
           "P": "t_console",
           "p": "t_linoleum_white",
           "4": "t_linoleum_white",
           "[": "t_metal_floor",
           "]": "t_floor",
           "A": "t_concrete",
           "a": "t_concrete",
           "D": "t_concrete",
           "d": "t_concrete",
           "5": "t_linoleum_white",
           "H": "t_floor_blue",
           "h": "t_floor_blue",
           "J": "t_reinforced_glass",
           "j": "t_concrete",
           "K": "t_concrete",
           "L": "t_concrete",
           "l": "t_concrete",
           ";": "t_sewage_pump",
           "'": "t_sewage_pump",
           "6": "t_concrete",
           "7": "t_concrete",
           "8": "t_concrete",
           "9": "t_concrete",
           "!": "t_sewage_pipe",
           "Z": "t_dirt",
           "z": "t_region_tree_fruit",
           "X": "t_shrub_strawberry",
           "x": "t_shrub_blackberry",
           "v": "t_concrete",
           "N": "t_linoleum_white",
           "n": "t_linoleum_white",
           "#": "t_linoleum_white",
           "$": "t_concrete",
           "%": "t_concrete",
           "^": "t_concrete",
           "~": "t_rock",
           "`": "t_floor_blue",
           "?": "t_floor_blue",
           ":": "t_linoleum_white",
           "(": "t_concrete",
           "0": "t_concrete",
           "_": "t_concrete",
           "=": "t_concrete",
           "M": "t_linoleum_white",
           "m": "t_linoleum_white",
           "|": "t_linoleum_white",
           "/": "t_machinery_electronic",
           "k": "t_linoleum_white",
           "{": "t_linoleum_white"
        },
        "furniture": {
           ".": "f_shower",
           "t": "f_table",
           "S": "f_stool",
           "s": "f_chair",
           "b": "f_oven",
           "E": "f_sink",
           "e": "f_washer",
           "R": "f_glass_fridge",
           "1": "f_warehouse_shelf",
           "2": "f_warehouse_shelf",
           "V": "f_vending_c",
           "Y": "f_IV_pole",
           "y": "f_bed",
           "u": "f_desk",
           "I": "f_fallout_magreel",
           "i": "f_fallout_server",
           "3": "f_warehouse_shelf",
           "O": "f_table",
           "o": "f_sofa",
           "p": "f_bed",
           "4": "f_warehouse_shelf",
           "[": "f_vent_pipe",
           "]": "f_air_filter",
           "A": "f_air_filter",
           "a": "f_standing_tank",
           "D": "f_water_heater",
           "d": "f_water_purifier",
           "5": "f_utility_shelf",
           "H": "f_table",
           "h": "f_armchair",
           "j": "f_table",
           "K": "f_chair",
           "L": "f_filing_cabinet",
           "l": "f_target",
           ";": "f_sandbag_half",
           "6": "f_utility_shelf",
           "7": "f_locker",
           "8": "f_locker",
           "9": "f_locker",
           "Z": "f_bluebell",
           "v": "f_water_heater",
           "n": "f_toilet",
           "#": "f_glass_cabinet",
           "$": "f_utility_shelf",
           "%": "f_bookcase",
           "^": "f_utility_shelf",
           "?": "f_table",
           "(": "f_utility_shelf",
           "0": "f_heavy_lathe",
           "_": "f_hydraulic_press",
           "=": "f_robotic_assembler",
           "M": "f_autodoc",
           "m": "f_electron_microscope",
           "|": "f_lab_bench",
           "k": "f_sink",
           "{": "f_autodoc_couch"
        },
    "items": {
            
              "1": [ { "item": "supplies_mechanics", "chance": 88, "repeat": [ 2, 4 ] }, { "item": "supplies_electronics", "chance": 65, "repeat": [ 5, 8 ] } ],
              "2": [ { "item": "electronics", "chance": 55, "repeat": [ 4, 8 ] }, { "item": "consumer_electronics", "chance": 50, "repeat": [ 5, 8 ] }, { "item": "ammo_any_batteries_full", "chance": 65, "repeat": [ 4, 8 ] } ],
              "3": [ { "item": "foodintincan", "chance": 70, "repeat": [ 6, 10 ] },  { "item": "softdrinks_canned", "chance": 75, "repeat": [ 6, 10 ] }, { "item": "preserved_food", "chance": 73, "repeat": [ 4, 5 ] }, { "item": "irradiated_food", "chance": 40, "repeat": [ 3, 5 ] }, { "item": "pantry", "chance": 75, "repeat": [ 4, 7 ] }, { "item": "mon_vault_food", "chance": 75, "repeat": [ 4, 7 ] }, { "item": "mon_vault_drink", "chance": 75, "repeat": [ 4, 7 ] } ],
              "4": [ { "item": "book_military", "chance": 35, "repeat": [ 2, 3 ] }, { "item": "book_survival", "chance": 25, "repeat": [ 2, 3 ] }, { "item": "light_reading", "chance": 20, "repeat": [ 2, 3 ] }, { "item": "manuals_school", "chance": 20, "repeat": [ 2, 3 ] }, { "item": "novels", "chance": 30, "repeat": [ 2, 3 ] }, { "item": "lab_bookshelves", "chance": 30, "repeat": [ 2, 3 ] }, { "item": "literature", "chance": 40, "repeat": [ 2, 3 ] }, { "item": "mon_vault_table_armory_guns", "chance": 30, "repeat": [ 5, 7 ] }, { "item": "mon_vault_mags_armory", "chance": 40, "repeat": [ 5, 10 ] }, { "item": "mon_vault_ammo_armory", "chance": 25, "repeat": [ 5, 10 ] }, { "item": "mon_vault_equipment_armory", "chance": 25, "repeat": [ 9, 15 ] }, { "item": "mon_vault_table_armory_armor", "chance": 35, "repeat": [ 8, 13 ] } ]
            }
        }
]