[
    {
        "type":"palette",
        "id":"FO_VAULTPALCONTROL",
        "terrain": {
           ".": "t_linoleum_white",
           "W": "t_concrete_wall",
           "w": "t_wall_metal",
           "F": "t_concrete",
           "<": "t_gates_mech_control",
           ">": "t_door_metal_locked",
           "C": "t_vault_door_c",
           "f": "t_concrete",
           "T": "t_linoleum_gray",
           "t": "t_linoleum_gray",
           "c": "t_door_glass_green_c",
           "Q": "t_wall_half",
           "S": "t_linoleum_gray",
           "s": "t_concrete",
           "G": "t_floor_blue",
           "*": "t_vault_floor_olight",
           "B": "t_floor",
           "b": "t_linoleum_gray",
           "E": "t_linoleum_gray",
           "e": "t_linoleum_gray",
           "R": "t_linoleum_gray",
           "1": "t_metal_floor",
           "2": "t_metal_floor",
           "V": "t_metal_floor",
           "g": "t_grate",
           "Y": "t_linoleum_white",
           "y": "t_floor_blue",
           "U": "t_floor_blue",
           "u": "t_concrete",
           "I": "t_concrete",
           "i": "t_concrete",
           "3": "t_floor_blue",
           "O": "t_metal_floor",
           "o": "t_linoleum_white",
           "P": "t_console",
           "p": "t_linoleum_gray",
           "4": "t_concrete",
           "[": "t_linoleum_white",
           "]": "t_concrete",
           "A": "t_linoleum_gray",
           "a": "t_concrete",
           "D": "t_concrete",
           "d": "t_concrete",
           "5": "t_concrete",
           "H": "t_floor_blue",
           "h": "t_floor_blue",
           "J": "t_reinforced_glass",
           "j": "t_concrete",
           "K": "t_centrifuge",
           "L": "t_concrete",
           "l": "t_machinery_electronic",
           ";": "t_linoleum_gray",
           "'": "t_concrete",
           "6": "t_linoleum_white",
           "7": "t_concrete",
           "8": "t_concrete",
           "9": "t_concrete",
           "!": "t_current_trans",
           "Z": "t_water_dispenser",
           "z": "t_sewage_pump",
           "X": "t_sewage_pipe",
           "x": "t_metal_floor",
           "v": "t_concrete",
           "@": "t_concrete",
           "N": "t_linoleum_white",
           "n": "t_linoleum_white",
           "#": "t_linoleum_white",
           "$": "t_column",
           "%": "t_concrete",
           "^": "t_concrete",
           "~": "t_rock",
           "`": "t_linoleum_white",
           "?": "t_floor_blue",
           ":": "t_linoleum_white",
           "(": "t_concrete",
           "0": "t_concrete",
           "_": "t_linoleum_white",
           "=": "t_linoleum_gray",
           "+": "t_linoleum_gray",
           "M": "t_linoleum_white",
           "m": "t_linoleum_white",
           "|": "t_linoleum_white",
           "/": "t_machinery_electronic",
           "k": "t_linoleum_white",
           "{": "t_linoleum_white"
        },
        "furniture": {
           ".": "f_shower",
           "t": "f_table",
           "S": "f_stool",
           "s": "f_chair",
           "b": "f_oven",
           "E": "f_sink",
           "e": "f_washer",
           "R": "f_glass_fridge",
           "1": "f_rack",
           "2": "f_rack",
           "V": "f_vending_c",
           "Y": "f_IV_pole",
           "y": "f_bed",
           "U": "f_large_canvas_wall",
           "u": "f_treadmill",
           "I": "f_fallout_magreel",
           "i": "f_fallout_server",
           "3": "f_dresser",
           "o": "f_stool",
           "p": "f_stool",
           "4": "f_locker",
           "[": "f_arcade_machine",
           "]": "f_air_filter",
           "A": "f_table",
           "a": "f_standing_tank",
           "D": "f_water_heater",
           "d": "f_water_purifier",
           "5": "f_locker",
           "H": "f_table",
           "h": "f_armchair",
           "j": "f_table",
           "L": "f_filing_cabinet",
           ";": "f_piano",
           "'": "f_table",
           "6": "f_glass_cabinet",
           "7": "f_locker",
           "8": "f_locker",
           "9": "f_locker",
           "x": "f_water_heater",
           "v": "f_water_purifier",
           "@": "f_warehouse_shelf",
           "n": "f_toilet",
           "#": "f_glass_cabinet",
           "%": "f_bookcase",
           "^": "f_utility_shelf",
           "`": "f_robotic_arm",
           "?": "f_table",
           "(": "f_utility_shelf",
           "0": "f_heavy_lathe",
           "+": "f_sofa",
           "M": "f_coffee_table",
           "m": "f_electron_microscope",
           "|": "f_lab_bench",
           "k": "f_sink",
           "{": "f_scan_bed"
        },
    "items": {
              "R": [ { "item": "foodintincan", "chance": 70, "repeat": [ 6, 10 ] },  { "item": "softdrinks_canned", "chance": 75, "repeat": [ 6, 10 ] }, { "item": "preserved_food", "chance": 73, "repeat": [ 4, 5 ] }, { "item": "irradiated_food", "chance": 40, "repeat": [ 3, 5 ] }, { "item": "pantry", "chance": 75, "repeat": [ 4, 7 ] }, { "item": "mon_vault_food", "chance": 75, "repeat": [ 4, 7 ] }, { "item": "mon_vault_drink", "chance": 75, "repeat": [ 4, 7 ] } ],
              "t": { "item": "mon_vault_table_dining", "chance": 43, "repeat": [ 1, 2 ] },
              "1": [ { "item": "cleaning", "chance": 67 }, { "item": "shower", "chance": 45 }, { "item": "chem_home", "chance": 37 }, { "item": "dining", "chance": 37 }, { "item": "mon_vault_cookbooks", "chance": 37, "repeat": [ 2, 4 ] } ],
              "2": [ { "item": "homebooks", "chance": 78, "repeat": [ 2, 8 ] }, { "item": "electronics", "chance": 35, "repeat": [ 4, 5 ] } ],
              "3": { "item": "mon_vault_dresser_clothes", "chance": 79, "repeat": [ 2, 3 ] },
              "V": [ { "item": "foodintincan", "chance": 70, "repeat": [ 6, 10 ] },  { "item": "softdrinks_canned", "chance": 75, "repeat": [ 3, 5 ] }, { "item": "mon_vault_drink", "chance": 73, "repeat": [ 6, 9 ] }, { "item": "hospital_medical_items", "chance": 35, "repeat": [ 3, 5 ] } ],
              "A": { "item": "mon_vault_table", "chance": 35, "repeat": [ 1, 2 ] },
              "H": { "item": "mon_vault_table", "chance": 35, "repeat": [ 1, 2 ] },
              "M": { "item": "mon_vault_table", "chance": 35, "repeat": [ 1, 2 ] },
              "#": [ { "item": "cleaning", "chance": 67 }, { "item": "shower", "chance": 45, "repeat": [ 2, 4 ] }, { "item": "chem_home", "chance": 37 } ],
              "|": [ { "item": "chem_lab", "chance": 35 }, { "item": "supplies_reagents_lab", "chance": 35, "repeat": [ 1, 3 ] }, { "item": "science", "chance": 35, "repeat": [ 1, 2 ] } ],
              "6": [ { "item": "chem_lab", "chance": 35, "repeat": [ 4, 6 ] }, { "item": "supplies_reagents_lab", "chance": 75, "repeat": [ 4, 6 ] }, { "item": "science", "chance": 75, "repeat": [ 4, 8 ] }, { "item": "mut_iv", "chance": 10 } ],
              "%": [ { "item": "homebooks", "chance": 78, "repeat": [ 2, 3 ] }, { "item": "electronics", "chance": 35 } ]
            }
        }
]