[
    {
        "type":"palette",
        "id":"FO_VAULTPAL_SPORTS",
        "terrain": {
           ".": "t_linoleum_white",
           "W": "t_concrete_wall",
           "w": "t_wall_metal",
           "F": "t_concrete",
           "<": "t_gates_mech_control",
           ">": "t_door_metal_locked",
           "C": "t_vault_door_c",
           "f": "t_concrete",
           "T": "t_floor_green",
           "t": "t_linoleum_white",
           "c": "t_door_glass_green_c",
           "Q": "t_wall_half",
           "S": "t_linoleum_gray",
           "s": "t_concrete",
           "G": "t_floor_blue",
           "*": "t_vault_floor_olight",
           "B": "t_floor",
           "b": "t_linoleum_gray",
           "E": "t_linoleum_gray",
           "e": "t_linoleum_gray",
           "R": "t_linoleum_gray",
           "1": "t_metal_floor",
           "2": "t_metal_floor",
           "V": "t_metal_floor",
           "g": "t_grate",
           "Y": "t_linoleum_white",
           "y": "t_floor_blue",
           "U": "t_floor_blue",
           "u": "t_concrete",
           "I": "t_concrete",
           "i": "t_concrete",
           "3": "t_floor_blue",
           "O": "t_concrete",
           "o": "t_concrete",
           "P": "t_console",
           "p": "t_concrete",
           "4": "t_concrete",
           "[": "t_concrete",
           "]": "t_concrete",
           "A": "t_concrete",
           "a": "t_concrete",
           "D": "t_concrete",
           "d": "t_concrete",
           "5": "t_concrete",
           "H": "t_floor_blue",
           "h": "t_floor_blue",
           "J": "t_reinforced_glass",
           "j": "t_concrete",
           "K": "t_concrete",
           "L": "t_concrete",
           "l": "t_concrete",
           ";": "t_metal_floor",
           "'": "t_concrete",
           "6": "t_concrete",
           "7": "t_concrete",
           "8": "t_concrete",
           "9": "t_concrete",
           "!": "t_concrete",
           "Z": "t_dirt",
           "z": "t_region_tree_fruit",
           "X": "t_shrub_strawberry",
           "x": "t_shrub_blackberry",
           "v": "t_concrete",
           "@": "t_concrete",
           "N": "t_linoleum_white",
           "n": "t_linoleum_white",
           "#": "t_linoleum_white",
           "$": "t_concrete",
           "%": "t_concrete",
           "^": "t_concrete",
           "~": "t_rock",
           "`": "t_floor_blue",
           "?": "t_floor_blue",
           ":": "t_linoleum_white",
           "(": "t_concrete",
           "0": "t_concrete",
           "_": "t_concrete",
           "=": "t_concrete",
           "+": "t_concrete",
           "M": "t_linoleum_white",
           "m": "t_linoleum_white",
           "|": "t_linoleum_white",
           "/": "t_machinery_electronic",
           "k": "t_linoleum_white",
           "{": "t_linoleum_white"
        },
        "furniture": {
           ".": "f_shower",
           "S": "f_stool",
           "s": "f_chair",
           "b": "f_oven",
           "E": "f_sink",
           "e": "f_washer",
           "R": "f_glass_fridge",
           "1": "f_rack",
           "2": "f_rack",
           "V": "f_vending_c",
           "Y": "f_IV_pole",
           "y": "f_bed",
           "U": "f_large_canvas_wall",
           "u": "f_treadmill",
           "I": "f_punching_bag",
           "i": "f_exercise",
           "3": "f_dresser",
           "O": "f_table",
           "o": "f_chair",
           "P": "f_chair",
           "p": "f_bed",
           "4": "f_locker",
           "[": "f_arcade_machine",
           "]": "f_air_filter",
           "A": "f_air_filter",
           "a": "f_standing_tank",
           "D": "f_water_heater",
           "d": "f_water_purifier",
           "5": "f_locker",
           "H": "f_table",
           "h": "f_armchair",
           "j": "f_table",
           "K": "f_chair",
           "L": "f_filing_cabinet",
           "l": "f_target",
           ";": "f_bench",
           "'": "f_table",
           "6": "f_locker",
           "7": "f_locker",
           "8": "f_locker",
           "9": "f_locker",
           "!": "f_locker",
           "Z": "f_bluebell",
           "x": "f_water_heater",
           "v": "f_water_heater",
           "@": "f_warehouse_shelf",
           "n": "f_toilet",
           "#": "f_glass_cabinet",
           "$": "f_utility_shelf",
           "%": "f_bookcase",
           "^": "f_utility_shelf",
           "`": "f_robotic_arm",
           "?": "f_table",
           ":": "f_scan_bed",
           "(": "f_utility_shelf",
           "0": "f_heavy_lathe",
           "_": "f_hydraulic_press",
           "=": "f_robotic_assembler",
           "+": "f_sofa",
           "M": "f_autodoc",
           "m": "f_electron_microscope",
           "|": "f_lab_bench",
           "k": "f_sink",
           "{": "f_autodoc_couch"
        },
    "items": {
            "1": [ { "item": "mon_vault_sportsitems", "chance": 80, "repeat": [ 14, 22 ] }, { "item": "hospital_medical_items", "chance": 60, "repeat": [ 7, 13 ] } ]
            }
        }
]