[
    {
        "type":"palette",
        "id":"FO_VAULTPAL_ADMIN",
        "terrain": {
           ".": "t_linoleum_white",
           "W": "t_concrete_wall",
           "w": "t_wall_metal",
           "F": "t_concrete",
           "<": "t_gates_mech_control",
           ">": "t_door_metal_locked",
           "C": "t_vault_door_c",
           "f": "t_concrete",
           "T": "t_linoleum_white",
           "t": "t_linoleum_gray",
           "c": "t_door_glass_green_c",
           "Q": "t_wall_half",
           "S": "t_linoleum_gray",
           "s": "t_concrete",
           "G": "t_floor_blue",
           "*": "t_vault_floor_olight",
           "B": "t_floor",
           "b": "t_linoleum_gray",
           "E": "t_linoleum_gray",
           "e": "t_linoleum_gray",
           "R": "t_linoleum_gray",
           "1": "t_metal_floor",
           "2": "t_metal_floor",
           "V": "t_metal_floor",
           "g": "t_grate",
           "Y": "t_linoleum_white",
           "y": "t_floor_blue",
           "U": "t_plut_generator",
           "u": "t_metal_floor",
           "I": "t_metal_floor",
           "i": "t_metal_floor",
           "3": "t_floor_blue",
           "O": "t_floor",
           "o": "t_floor_blue",
           "P": "t_console",
           "p": "t_linoleum_white",
           "4": "t_floor",
           "[": "t_metal_floor",
           "]": "t_floor",
           "A": "t_concrete",
           "a": "t_concrete",
           "D": "t_concrete",
           "d": "t_concrete",
           "5": "t_linoleum_white",
           "H": "t_floor_blue",
           "h": "t_floor_blue",
           "J": "t_reinforced_glass",
           "j": "t_concrete",
           "K": "t_concrete",
           "L": "t_concrete",
           "l": "t_concrete",
           ";": "t_sewage_pump",
           "'": "t_sewage_pump",
           "6": "t_concrete",
           "7": "t_concrete",
           "8": "t_concrete",
           "9": "t_concrete",
           "!": "t_sewage_pipe",
           "Z": "t_dirt",
           "z": "t_region_tree_fruit",
           "X": "t_shrub_strawberry",
           "x": "t_shrub_blackberry",
           "v": "t_concrete",
           "@": "t_concrete",
           "N": "t_linoleum_white",
           "n": "t_linoleum_white",
           "#": "t_linoleum_white",
           "$": "t_concrete",
           "%": "t_concrete",
           "^": "t_concrete",
           "~": "t_rock",
           "`": "t_floor_blue",
           "?": "t_floor_blue",
           ":": "t_linoleum_white",
           "(": "t_concrete",
           "0": "t_concrete",
           "_": "t_concrete",
           "=": "t_concrete",
           "+": "t_concrete",
           "M": "t_linoleum_white",
           "m": "t_linoleum_white",
           "|": "t_linoleum_white",
           "/": "t_machinery_electronic",
           "k": "t_linoleum_white",
           "{": "t_linoleum_white",
           "}": "t_floor_blue"
        },
        "furniture": {
           ".": "f_shower",
           "t": "f_table",
           "S": "f_stool",
           "s": "f_chair",
           "b": "f_oven",
           "E": "f_sink",
           "e": "f_washer",
           "R": "f_glass_fridge",
           "1": "f_rack",
           "2": "f_rack",
           "V": "f_vending_c",
           "Y": "f_IV_pole",
           "y": "f_bed",
           "u": "f_desk",
           "I": "f_fallout_magreel",
           "i": "f_fallout_server",
           "3": "f_dresser",
           "O": "f_table",
           "o": "f_sofa",
           "p": "f_bed",
           "4": "f_rack",
           "[": "f_vent_pipe",
           "]": "f_air_filter",
           "A": "f_air_filter",
           "a": "f_standing_tank",
           "D": "f_water_heater",
           "d": "f_water_purifier",
           "5": "f_utility_shelf",
           "H": "f_table",
           "h": "f_armchair",
           "j": "f_table",
           "K": "f_chair",
           "L": "f_filing_cabinet",
           "l": "f_target",
           ";": "f_sandbag_half",
           "6": "f_utility_shelf",
           "7": "f_locker",
           "8": "f_locker",
           "9": "f_locker",
           "Z": "f_bluebell",
           "v": "f_water_heater",
           "@": "f_warehouse_shelf",
           "n": "f_toilet",
           "#": "f_glass_cabinet",
           "$": "f_utility_shelf",
           "%": "f_bookcase",
           "^": "f_utility_shelf",
           "?": "f_table",
           "(": "f_utility_shelf",
           "0": "f_heavy_lathe",
           "_": "f_hydraulic_press",
           "=": "f_robotic_assembler",
           "+": "f_router",
           "M": "f_autodoc",
           "m": "f_electron_microscope",
           "|": "f_lab_bench",
           "k": "f_sink",
           "{": "f_autodoc_couch",
           "}": "f_bunkbed"
        },
    "items": {
              "R": [ { "item": "foodintincan", "chance": 70, "repeat": [ 6, 10 ] },  { "item": "softdrinks_canned", "chance": 75, "repeat": [ 6, 10 ] }, { "item": "preserved_food", "chance": 73, "repeat": [ 4, 5 ] }, { "item": "irradiated_food", "chance": 40, "repeat": [ 3, 5 ] }, { "item": "pantry", "chance": 75, "repeat": [ 4, 7 ] }, { "item": "mon_vault_food", "chance": 75, "repeat": [ 4, 7 ] }, { "item": "mon_vault_drink", "chance": 75, "repeat": [ 4, 7 ] } ],
              "t": { "item": "mon_vault_table_dining", "chance": 43, "repeat": [ 1, 2 ] },
              "1": [ { "item": "supplies_mechanics", "chance": 88, "repeat": [ 2, 4 ] }, { "item": "supplies_electronics", "chance": 60, "repeat": [ 5, 8 ] } ],
              "2": [ { "item": "electronics", "chance": 55, "repeat": [ 4, 8 ] }, { "item": "consumer_electronics", "chance": 50, "repeat": [ 5, 8 ] }, { "item": "ammo_any_batteries_full", "chance": 65, "repeat": [ 4, 8 ] } ],
              "3": { "item": "mon_vault_dresser_clothes", "chance": 79, "repeat": [ 2, 3 ] },
              "4": [ { "item": "book_military", "chance": 35, "repeat": [ 2, 3 ] }, { "item": "book_survival", "chance": 25, "repeat": [ 2, 3 ] }, { "item": "light_reading", "chance": 20, "repeat": [ 2, 3 ] }, { "item": "manuals_school", "chance": 20, "repeat": [ 2, 3 ] }, { "item": "novels", "chance": 30, "repeat": [ 2, 3 ] }, { "item": "lab_bookshelves", "chance": 30, "repeat": [ 2, 3 ] }, { "item": "literature", "chance": 40, "repeat": [ 2, 3 ] } ],
              "V": [ { "item": "foodintincan", "chance": 70, "repeat": [ 6, 10 ] },  { "item": "softdrinks_canned", "chance": 75, "repeat": [ 3, 5 ] }, { "item": "mon_vault_drink", "chance": 73, "repeat": [ 6, 9 ] }, { "item": "hospital_medical_items", "chance": 35, "repeat": [ 3, 5 ] } ],
              "H": { "item": "mon_vault_table", "chance": 35, "repeat": [ 1, 2 ] },
              "u": { "item": "mon_vault_table", "chance": 35, "repeat": [ 1, 2 ] },
              "L": [ { "item": "office_supplies", "chance": 65, "repeat": [ 2, 4 ] }, { "item": "file_room", "chance": 65, "repeat": [ 3, 4 ] } ],
              "#": [ { "item": "cleaning", "chance": 67 }, { "item": "shower", "chance": 45, "repeat": [ 2, 4 ] }, { "item": "chem_home", "chance": 37 } ],
              "|": [ { "item": "chem_lab", "chance": 95 }, { "item": "supplies_reagents_lab", "chance": 75, "repeat": [ 1, 6 ] }, { "item": "science", "chance": 45, "repeat": [ 1, 2 ] }, { "item": "mut_iv", "chance": 10 } ],
              "%": [ { "item": "homebooks", "chance": 78, "repeat": [ 2, 3 ] }, { "item": "electronics", "chance": 35 } ],
              "(": [ { "item": "supplies_mechanics", "chance": 65, "repeat": [ 2, 4 ] }, { "item": "supplies_electronics", "chance": 55, "repeat": [ 5, 8 ] }, { "item": "hardware_books", "chance": 20 }, { "item": "book_gunref", "chance": 10 }, { "item": "supplies_metal", "chance": 50, "repeat": [ 5, 13 ] }, { "item": "supplies_hardware", "chance": 33, "repeat": [ 6, 15 ] }, { "item": "metal_workshop", "chance": 50, "repeat": [ 4, 7 ] }, { "item": "power_tools", "chance": 15 }, { "item": "hand_tools", "chance": 15 } ]
            
            }
        }
]