[
    {
        "type":"palette",
        "id":"FO_VAULTPAL_VEGAN",
        "terrain": {
           ".": "t_linoleum_white",
           "W": "t_concrete_wall",
           "w": "t_wall_metal",
           "F": "t_concrete",
           "<": "t_gates_mech_control",
           ">": "t_door_metal_locked",
           "C": "t_vault_door_c",
           "f": "t_concrete",
           "T": "t_linoleum_gray",
           "t": "t_linoleum_gray",
           "c": "t_door_glass_green_c",
           "Q": "t_wall_half",
           "S": "t_linoleum_gray",
           "s": "t_concrete",
           "G": "t_floor_blue",
           "*": "t_vault_floor_olight",
           "B": "t_floor",
           "b": "t_linoleum_gray",
           "E": "t_linoleum_gray",
           "e": "t_linoleum_white",
           "R": "t_linoleum_white",
           "1": "t_linoleum_white",
           "2": "t_linoleum_white",
           "V": "t_metal_floor",
           "g": "t_grate",
           "Y": "t_floor_green",
           "y": "t_floor_green",
           "U": "t_floor_green",
           "u": "t_floor_green",
           "I": "t_floor_green",
           "i": "t_floor_red",
           "3": "t_linoleum_white",
           "O": "t_floor_red",
           "o": "t_floor_red",
           "P": "t_floor_red",
           "p": "t_linoleum_gray",
           "4": "t_linoleum_white",
           "[": "t_floor_red",
           "]": "t_concrete",
           "A": "t_linoleum_gray",
           "a": "t_concrete",
           "D": "t_concrete",
           "d": "t_concrete",
           "5": "t_linoleum_white",
           "H": "t_floor_blue",
           "h": "t_floor_blue",
           "J": "t_reinforced_glass",
           "j": "t_concrete",
           "K": "t_centrifuge",
           "L": "t_concrete",
           "l": "t_machinery_electronic",
           ";": "t_linoleum_gray",
           "'": "t_concrete",
           "6": "t_linoleum_white",
           "7": "t_linoleum_white",
           "8": "t_concrete",
           "9": "t_concrete",
           "!": "t_current_trans",
           "Z": "t_water_dispenser",
           "z": "t_sewage_pump",
           "X": "t_sewage_pipe",
           "x": "t_metal_floor",
           "v": "t_concrete",
           "@": "t_concrete",
           "N": "t_linoleum_white",
           "n": "t_linoleum_white",
           "#": "t_linoleum_white",
           "$": "t_column",
           "%": "t_concrete",
           "^": "t_concrete",
           "~": "t_rock",
           "`": "t_linoleum_white",
           "?": "t_floor_blue",
           ":": "t_linoleum_white",
           "(": "t_concrete",
           "0": "t_concrete",
           "_": "t_linoleum_white",
           "=": "t_linoleum_gray",
           "+": "t_linoleum_gray",
           "M": "t_linoleum_white",
           "m": "t_metal_railing",
           "|": "t_concrete",
           "/": "t_machinery_electronic",
           "k": "t_linoleum_white",
           "{": "t_linoleum_white"
        },
        "furniture": {
           ".": "f_shower",
           "t": "f_table",
           "S": "f_stool",
           "s": "f_chair",
           "b": "f_oven",
           "E": "f_sink",
           "e": "f_table",
           "R": "f_stool",
           "1": "f_rack",
           "2": "f_rack",
           "V": "f_vending_c",
           "Y": "f_bed",
           "U": "f_air_conditioner",
           "u": "f_table",
           "I": "f_chair",
           "3": "f_glass_fridge",
           "O": "f_air_conditioner",
           "o": "f_table",
           "P": "f_chair",
           "p": "f_stool",
           "4": "f_rack",
           "[": "f_bed",
           "]": "f_air_filter",
           "A": "f_table",
           "a": "f_standing_tank",
           "D": "f_water_heater",
           "d": "f_water_purifier",
           "5": "f_glass_fridge",
           "H": "f_table",
           "h": "f_armchair",
           "j": "f_table",
           "K": "f_chair",
           "L": "f_filing_cabinet",
           "l": "f_target",
           ";": "f_piano",
           "'": "f_table",
           "6": "f_glass_cabinet",
           "7": "f_utility_shelf",
           "8": "f_locker",
           "9": "f_locker",
           "x": "f_water_heater",
           "v": "f_water_purifier",
           "@": "f_warehouse_shelf",
           "n": "f_toilet",
           "#": "f_glass_cabinet",
           "$": "f_utility_shelf",
           "%": "f_bookcase",
           "^": "f_utility_shelf",
           "`": "f_robotic_arm",
           "?": "f_table",
           ":": "f_scan_bed",
           "(": "f_utility_shelf",
           "0": "f_heavy_lathe",
           "_": "f_NMR",
           "=": "f_robotic_assembler",
           "+": "f_sofa",
           "M": "f_coffee_table",
           "|": "f_bench",
           "k": "f_sink",
           "{": "f_scan_bed"
        },
    "items": {
            "e": { "item": "mon_vault_table_dining", "chance": 43, "repeat": [ 1, 2 ] },
            "u": { "item": "mon_vault_table", "chance": 43, "repeat": [ 1, 2 ] },
            "1": [ { "item": "cleaning", "chance": 67 }, { "item": "shower", "chance": 45 }, { "item": "chem_home", "chance": 37 }, { "item": "dining", "chance": 37 }, { "item": "mon_vault_cookbooks", "chance": 37, "repeat": [ 2, 4 ] } ],
            "2": [ { "item": "mon_vault_vegan_food", "chance": 70, "repeat": [ 7, 15 ] }, { "item": "fresh_produce", "chance": 27, "repeat": [ 3, 6 ] }, { "item": "produce", "chance": 27, "repeat": [ 3, 6 ] }, { "item": "condiments", "chance": 45, "repeat": [ 3, 6 ] } ],
            "3": [ { "item": "mon_vault_vegan_food", "chance": 70, "repeat": [ 7, 25 ] } ],
            "4": [ { "item": "mon_vault_carnivore_food", "chance": 70, "repeat": [ 7, 15 ] }, { "item": "condiments", "chance": 45, "repeat": [ 3, 6 ] } ],
            "5": [ { "item": "mon_vault_carnivore_food", "chance": 70, "repeat": [ 7, 25 ] } ],
            "7": [ { "item": "mon_vault_carnivore_food", "chance": 70, "repeat": [ 7, 25 ] },  { "item": "mon_vault_vegan_food", "chance": 70, "repeat": [ 7, 25 ] },  { "item": "ammo_any_batteries_full", "chance": 85, "repeat": [ 4, 6 ] },  { "item": "mon_vault_cooking_rewards", "chance": 85, "repeat": [ 5, 6 ] } ]

            }
        }
]