[
    {
        "id": "FO_COMMON_VAULT_1_1",
        "type": "overmap_terrain",
        "name": "Common Vault",
        "sym": "V",
        "color": "blue",
        "see_cost": 10,
        "mondensity": 2
    },
    {
        "id": "FO_COMMON_VAULT_1_roof_1",
        "type": "overmap_terrain",
        "name": "Common Vault roof",
        "sym": "V",
        "color": "blue",
        "see_cost": 2
    },
    {
        "id": "FO_COMMON_VAULT_1_2",
        "type": "overmap_terrain",
        "name": "Common Vault",
        "sym": "V",
        "color": "blue",
        "see_cost": 10,
        "mondensity": 2
    },
    {
        "id": "FO_COMMON_VAULT_1_roof_2",
        "type": "overmap_terrain",
        "name": "Common Vault roof",
        "sym": "V",
        "color": "blue",
        "see_cost": 2
    },
    {
        "id": "FO_COMMON_VAULT_1_3",
        "type": "overmap_terrain",
        "name": "Common Vault",
        "sym": "V",
        "color": "blue",
        "see_cost": 10,
        "mondensity": 2
    },
    {
        "id": "FO_COMMON_VAULT_1_roof_3",
        "type": "overmap_terrain",
        "name": "Common Vault roof",
        "sym": "V",
        "color": "blue",
        "see_cost": 2
    },
    {
        "id": "FO_COMMON_VAULT_1_4",
        "type": "overmap_terrain",
        "name": "Common Vault",
        "sym": "V",
        "color": "blue",
        "see_cost": 10,
        "mondensity": 2
    },
    {
        "id": "FO_COMMON_VAULT_1_roof_4",
        "type": "overmap_terrain",
        "name": "Common Vault roof",
        "sym": "V",
        "color": "blue",
        "see_cost": 2
    },
    {
        "id": "FO_COMMON_VAULT_D",
        "type": "overmap_terrain",
        "name": "Common Vault",
        "sym": "V",
        "color": "blue",
        "see_cost": 10,
        "mondensity": 2
    },
    {
        "id": "FO_COMMON_VAULT_D_roof",
        "type": "overmap_terrain",
        "name": "Common Vault roof",
        "sym": "V",
        "color": "blue",
        "see_cost": 2
    },
    {
        "id": "FO_COMMON_VAULT_H",
        "type": "overmap_terrain",
        "name": "Vault Entrance",
        "sym": "V",
        "color": "blue",
        "see_cost": 10,
        "mondensity": 2
    },
    {
        "id": "FO_COMMON_VAULT_H_roof",
        "type": "overmap_terrain",
        "name": "Vault Entrance roof",
        "sym": "V",
        "color": "blue",
        "see_cost": 2
    }
        
]