[
  {
    "type": "mapgen",
    "om_terrain": "FEMA_te",
    "//": "top edge",
    "weight": 250,
    "method": "json",
    "object": {
      "fill_ter": "t_dirt",
      "rows": [
        "........................",
        "ffffffffffffffffffffffff",
        "........................",
        "........................",
        "...==================...",
        "...=,,,,,,,,,,,,,,,,=...",
        "...=,BBxxBB,,BBxxBB,=...",
        "...=,,,,,,,,,,,,,,,,=...",
        "...=,BBxxBB,,BBxxBB,=...",
        "...=,,,,,,,,,,,,,,,,=...",
        "...=,BBxxBB,,BBxxBB,=...",
        "...=,,,,,,,,,,,,,,,,=...",
        "...*,,,,,,,,,,,,,,,,*...",
        "...*,,,,,,,,,,,,,,,,*...",
        "...=,,,,,,W,,,,,,,,,=...",
        "...=,BBxxBB,,BBxxBB,=...",
        "...=,,,,,,,,,,,,,,,,=...",
        "...=,BBxxBB,,BBxxBB,=...",
        "...=,,,,,,,,,,,,,,,,=...",
        "...=,BBxxBB,,BBxxBB,=...",
        "...=,,,,,,,,,,,,,,,,=...",
        "...========**========...",
        "........................",
        "........................"
      ],
      "rotation": 0,
      "palettes": [ "FEMA_camp" ]
    }
  }
]
