[
  {
    "type": "mapgen",
    "om_terrain": "FEMA_tlc",
    "//": "top left corner.",
    "weight": 250,
    "method": "json",
    "object": {
      "fill_ter": "t_dirt",
      "rows": [
        "........................",
        ".Fffffffffffffffffffffff",
        ".f......................",
        ".f......................",
        ".f..========**========..",
        ".f..=,,,,,,,,,,,,,,,,=..",
        ".f..=,B,B,B,,,,B,B,B,=..",
        ".f..=,B,B,B,,,,B,B,B,=..",
        ".f..=,x,x,x,,,,x,x,x,=..",
        ".f..=,B,B,B,,,,B,B,B,=..",
        ".f..=,B,B,B,,,,B,B,B,=..",
        ".f..=,,,,,,,,,W,,,,,,=..",
        ".f..*,,,,,,,,,,,,,,,,*..",
        ".f..*,,,,,,,,,,,,,,,,*..",
        ".f..=,,,,,,,,,,,,,,,,=..",
        ".f..=,B,B,B,,,,B,B,B,=..",
        ".f..=,B,B,B,,,,B,B,B,=..",
        ".f..=,x,x,x,,,,x,x,x,=..",
        ".f..=,B,B,B,,,,B,B,B,=..",
        ".f..=,B,B,B,,,,B,B,B,=..",
        ".f..=,,,,,,,,,,,,,,,,=..",
        ".f..========**========..",
        ".f......................",
        ".f......................"
      ],
      "rotation": 0,
      "palettes": [ "FEMA_camp" ],
      "items": { "x": { "item": "dresser", "chance": 30 }, "X": { "item": "dresser", "chance": 50 } }
    }
  }
]
