[
  {
    "type": "mapgen",
    "om_terrain": "FEMA_re",
    "//": "right edge",
    "weight": 250,
    "method": "json",
    "object": {
      "fill_ter": "t_dirt",
      "rows": [
        "........................",
        "ffffffffffffffffffffffff",
        "........................",
        "........................",
        "...==================...",
        "...=,,,,,,,,,,,,,,,,=...",
        "...=,BBxxBB,,BBxxBB,=...",
        "...=,,,,,,,,,,,,,,,,=...",
        "...=,BBxxBB,,BBxxBB,=...",
        "...=,,,,,,,,,,,,,,,,=...",
        "...=,BBxxBB,,BBxxBB,=...",
        "...=,,,,,,,,,,,,,,,,=...",
        "...*,,,,,,,,,,,,,,,,*...",
        "...*,,,,,,,,,,,,,,,,*...",
        "...=,,,,,,W,,,,,,,,,=...",
        "...=,BBxxBB,,BBxxBB,=...",
        "...=,,,,,,,,,,,,,,,,=...",
        "...=,BBxxBB,,BBxxBB,=...",
        "...=,,,,,,,,,,,,,,,,=...",
        "...=,BBxxBB,,BBxxBB,=...",
        "...=,,,,,,,,,,,,,,,,=...",
        "...========**========...",
        "........................",
        "........................"
      ],
      "rotation": 1,
      "palettes": [ "FEMA_camp" ],
      "items": { "x": { "item": "dresser", "chance": 30 }, "X": { "item": "dresser", "chance": 50 } }
    }
  }
]
