[
  {
    "type": "mapgen",
    "om_terrain": "FEMA_te",
    "//": "top edge",
    "weight": 0,
    "method": "json",
    "object": {
      "fill_ter": "t_dirt",
      "rows": [
        "........................",
        "ffffffffffffffffffffffff",
        "........................",
        "........................",
        "........................",
        "........................",
        "........................",
        "........................",
        "........................",
        "........................",
        "........................",
        "........................",
        "........................",
        "........................",
        "........................",
        "........................",
        "........................",
        "........................",
        "........................",
        "........................",
        "........................",
        "........................",
        "........................",
        "........................"
      ],
      "rotation": 0,
      "palettes": [ "FEMA_camp" ]
    }
  }
]
