[
  {
    "type": "mapgen",
    "om_terrain": "FEMA_re",
    "//": "right edge",
    "weight": 150,
    "method": "json",
    "object": {
      "fill_ter": "t_dirt",
      "rows": [
        "........................",
        "ffffffffffffffffffffffff",
        "........................",
        "........................",
        "..####################..",
        "..####################..",
        "..####################..",
        "..####################..",
        "..####################..",
        "..####################..",
        "..####################..",
        "..####################..",
        "..####################..",
        "..####################..",
        "..####################..",
        "..####################..",
        "..####################..",
        "..####################..",
        "..####################..",
        "..####################..",
        "..####################..",
        "..####################..",
        "........................",
        "........................"
      ],
      "rotation": 1,
      "palettes": [ "FEMA_camp" ],
      "place_monsters": [
        { "monster": "DUMP_FEMAGHOUL", "x": [ 1, 22 ], "y": [ 1, 22 ] },
        { "monster": "GROUP_SCHOOL", "x": [ 1, 22 ], "y": [ 1, 22 ], "chance": 20 }
      ]
    }
  }
]
