[
  {
    "type": "mapgen",
    "om_terrain": [
      [ "fema", "fema_entrance", "fema_1_3" ],
      [ "fema_2_1", "fema_2_2", "fema_2_3" ],
      [ "fema_3_1", "fema_3_2", "fema_3_3" ]
    ],
    "method": "json",
    "object": {
      "fill_ter": "t_dirt",
      "rows": [
        "ffffffffffffffffffffffff..........////..........ffffffffffffffffffffffff",
        "f......................f.NNNNNNNN.////.NNNNNNNN.f......................f",
        "f.1                   .f.N!!!!!!N.////.N!!!!!!N.f.1                   .f",
        "f.                    .f.N!!!!!!N.////.N!!!!!!N.f.                    .f",
        "f.                    .f%...NNNNN.////.NNNNN...%f.                    .f",
        "f.                    .f%%........////........%%f.                    .f",
        "f.                    .f.%%.......////.......%%.f.                    .f",
        "f.                    .f..%%......////......%%..f.                    .f",
        "f.                    .f...%%.....////.....%%...f.                    .f",
        "f.                    .f.NNN%%....////....%%NNN.f.                    .f",
        "f.                    .f.N_N.%%...////...%%.N_N.f.                    .f",
        "f.                    .f.N.N..%%..////..%%..N.N.f.                    .f",
        "f.                    .f.......%%.////.%%.......f.                    .f",
        "f.                    .))))+@@@))fFFFFffff|--+--|.                    .f",
        "f.                    .)l~)~cdc~@.////....|L???'|.                    .f",
        "f.                    .)l~+~cdc~+.////.iii|--+--|.                    .f",
        "f.                    .)l~)~~~~~@.////.iIif!!!!!f.                    .f",
        "f.                    .))))+))))).////.iiif!!!!!f.                    .f",
        "f.                    .)&~)~~~~6@.////....f!!!!!f.                    .f",
        "f.                    .)s~+~~~cd@.////....f!!!!!f.                    .f",
        "f.                    .))))~~~~~).////....f!!!!!f.                    .f",
        "f.                    .)6~~~~~~d@.////....f!!!!!f.                    .f",
        "f..../////////////.....)dc~~~~cd@.////....f!!!!!f....///////////////...f",
        "f..../////////////.....)))))+))))fFFFFfffffffFfff....///////////////...f",
        "f....///////////////////////////////////////////////////////////////...f",
        "f....///////////////////////////////////////////////////////////////...f",
        "f....///////////////////////////////////////////////////////////////...f",
        "f....///////////////////////////////////////////////////////////////...f",
        "f.3                   ////2                   ////4                   .f",
        "f.                    ////                    ////                    .f",
        "f.                    ////                    ////                    .f",
        "f.                    ////                    ////                    .f",
        "f.                    ////                    ////                    .f",
        "f.                    ////                    ////                    .f",
        "f.                    ////                    ////                    .f",
        "f.                    ////                    ////                    .f",
        "f.                    ////                    ////                    .f",
        "f.                    ////                    ////                    .f",
        "f.                    ////                    ////                    .f",
        "f.                    ////                    ////                    .f",
        "f.                    ////                    ////                    .f",
        "f.                    ////                    ////                    .f",
        "f.                    ////                    ////                    .f",
        "f.                    ////                    ////                    .f",
        "f.                    ////                    ////                    .f",
        "f.                    ////                    ////                    .f",
        "f.                    ////                    ////                    .f",
        "f.                    ////                    ////                    .f",
        "f.////////////////////////////////////////////////////////////////////.f",
        "f.////////////////////////////////////////////////////////////////////.f",
        "f.1                   ////5                   ////1                   .f",
        "f.                    ////                    ////                    .f",
        "f.                    ////                    ////                    .f",
        "f.                    ////                    ////                    .f",
        "f.                    ////                    ////                    .f",
        "f.                    ////                    ////                    .f",
        "f.                    ////                    ////                    .f",
        "f.                    ////                    ////                    .f",
        "f.                    ////                    ////                    .f",
        "f.                    ////                    ////                    .f",
        "f.                    ////                    ////                    .f",
        "f.                    ////                    ////                    .f",
        "f.                    ////                    ////                    .f",
        "f.                    ////                    ////                    .f",
        "f.                    ////                    ////                    .f",
        "f.                    ////                    ////                    .f",
        "f.                    ////                    ////                    .f",
        "f.                    ////                    ////                    .f",
        "f.                    ////                    ////                    .f",
        "f.                    ////                    ////                    .f",
        "f......................................................................f",
        "ffffffffffffffffffffffffffffffffffffffffffffffffffffffffffffffffffffffff"
      ],
      "furniture": { "d": "f_desk", "L": [ "f_rack", "f_utility_shelf" ] },
      "items": { "L": { "item": "tools_general", "chance": 50, "repeat": [ 1, 3 ] } },
      "monster": { "_": { "monster": "mon_turret_searchlight" } },
      "monsters": {
        "~": { "monster": "DUMP_FEMAGHOUL", "chance": 1, "density": 0.005 },
        "!": { "monster": "DUMP_FEMAGHOUL", "chance": 1, "density": 0.005 },
        "/": [
          { "monster": "DUMP_FEMAGHOUL", "chance": 1, "density": 0.001 },
          { "monster": "DUMP_FEMAGHOUL", "chance": 1, "density": 0.001 }
        ]
      },
      "palettes": [ "FEMA_camp" ],
      "place_loot": [ { "item": "american_flag", "x": 40, "y": 15, "chance": 75 } ],
      "nested": {
        "1": { "chunks": [ [ "fema_lodging", 80 ], [ "fema_corpse_pit", 20 ] ] },
        "2": { "chunks": [ "fema_sanitary" ] },
        "3": { "chunks": [ "fema_mess_hall" ] },
        "4": { "chunks": [ "fema_supply" ] },
        "5": { "chunks": [ "fema_lab" ] }
      }
    }
  }
]
