[
  {
    "type": "mapgen",
    "om_terrain": "FEMA_trc",
    "//": "top right corner.",
    "weight": 200,
    "method": "json",
    "object": {
      "fill_ter": "t_dirt",
      "rows": [
        "........................",
        ".Fffffffffffffffffffffff",
        ".f......................",
        ".f..tt.t................",
        ".f..--------**========..",
        ".f..|sCooCC|,,,XX,,XX=..",
        ".f..|~~~~~~|,,,XX,,XX=..",
        ".f..|~~CC~~C,,,,,,,,,=..",
        ".f..+~~CC~~C,,,,,,,XX=..",
        ".f..|~~~~~~|,,,,,,,XX=..",
        ".f..|sUUUUR|,,,,,,,,,=..",
        ".f..---+----,,,,,,,,,=..",
        ".f..*,,,,,,,,,,,,,,,,*..",
        ".f..*,,,,,,,,,,,,,,,,*..",
        ".f..=,,,TT,,,,,,TT,,,=..",
        ".f..=,,cTTc,,,,cTTc,,=..",
        ".f..=,,,TT,,,,,,TT,,,=..",
        ".f..=,,cTTc,,,,cTTc,,=..",
        ".f..=,,,TT,,,,,,TT,,,=..",
        ".f..=,,cTT,,,,,,TTc,,=..",
        ".f..=,,,,,,,,,,,,,,,,=..",
        ".f..========**========..",
        ".f......................",
        ".f......................"
      ],
      "rotation": 1,
      "palettes": [ "FEMA_camp" ],
      "terrain": { "C": "t_floor", "o": "t_floor", "R": "t_floor", "s": "t_floor", "U": "t_floor" },
      "items": { "C": { "item": "kitchen", "chance": 30 }, "X": { "item": "mil_food", "chance": 70 } }
    }
  }
]
