[
  {
    "type": "mapgen",
    "om_terrain": "FEMA_trc",
    "//": "top right corner.",
    "weight": 0,
    "method": "json",
    "object": {
      "fill_ter": "t_dirt",
      "rows": [
        "........................",
        ".fffffffffffffffffffffff",
        ".f......................",
        ".f......................",
        ".f......................",
        ".f......................",
        ".f......................",
        ".f......................",
        ".f......................",
        ".f......................",
        ".f......................",
        ".f......................",
        ".f......................",
        ".f......................",
        ".f......................",
        ".f......................",
        ".f......................",
        ".f......................",
        ".f......................",
        ".f......................",
        ".f......................",
        ".f......................",
        ".f......................",
        ".f......................"
      ],
      "rotation": 1,
      "palettes": [ "FEMA_camp" ]
    }
  }
]
