[
  {
    "type": "mapgen",
    "om_terrain": "FEMA_entrance",
    "//": "entrance. bottom edge",
    "weight": 250,
    "method": "json",
    "object": {
      "fill_ter": "t_floor",
      "rows": [
        "........................",
        "ff....................ff",
        ".f...NNNNNNNNNNNNNN...f.",
        ".f...N....z...z...N...f.",
        ".f....................f.",
        ".f....................f.",
        ".fFFf---gg-++------fFFf.",
        ".f...|~DDD~~~~~~~l|...f.",
        ".f...|~~c~~Z~TT~~l|...f.",
        ".f...|~~~~~~~TT~~l|...f.",
        ".f...|~~~~~~~~c~~l|...f.",
        ".f...g~~~~TT~~~Z~~g...f.",
        ".f...g~~~~TTc~~~~~g...f.",
        ".f...g~~~cTT~~~~~~g...f.",
        ".f...g~~Z~~~~~~~~~g...f.",
        ".f...|------------|...f.",
        ".f...|~6~~~|~~Z~c~|...f.",
        ".f...|cD~~~+~~~DD6|...f.",
        ".f...|~~~~~|~~~~~~|...f.",
        ".fFFf-------++-gg--fFFf.",
        ".......iii..............",
        ".......iIi..............",
        ".......iii..............",
        ".......................z"
      ],
      "rotation": 2,
      "palettes": [ "FEMA_camp" ],
      "terrain": { "z": "t_dirt" },
      "place_loot": [ { "item": "american_flag", "x": 9, "y": 21, "chance": 75 } ],
      "monster": { "Z": { "monster": "mon_fallout_ghoul_reaver" }, "z": { "monster": "mon_fallout_ghoul_roamer" } }
    }
  }
]
