[
  {
    "type": "mapgen",
    "om_terrain": "FEMA_brc",
    "//": "bottom right corner.",
    "weight": 150,
    "method": "json",
    "object": {
      "fill_ter": "t_dirt",
      "rows": [
        "........................",
        ".fffffffffffffffffffffff",
        ".f......................",
        ".f......................",
        ".f..##################..",
        ".f..##################..",
        ".f..##################..",
        ".f..##################..",
        ".f..##################..",
        ".f..##################..",
        ".f..##################..",
        ".f..##################..",
        ".f..##################..",
        ".f..##################..",
        ".f..##################..",
        ".f..##################..",
        ".f..##################..",
        ".f..##################..",
        ".f..##################..",
        ".f..##################..",
        ".f..##################..",
        ".f..##################..",
        ".f......................",
        ".f......................"
      ],
      "rotation": 2,
      "palettes": [ "FEMA_camp" ],
      "place_monsters": [
        { "monster": "DUMP_FEMAGHOUL", "x": [ 1, 22 ], "y": [ 1, 22 ] },
        { "monster": "GROUP_SCHOOL", "x": [ 1, 22 ], "y": [ 1, 22 ], "chance": 20 }
      ]
    }
  }
]
