[
  {
    "type": "mapgen",
    "om_terrain": "FEMA_mid",
    "//": "middle area",
    "weight": 250,
    "method": "json",
    "object": {
      "fill_ter": "t_floor",
      "rows": [
        "........................",
        "........................",
        "..-----g-g-++-g-g-----..",
        "..|s&|~~~~~~~~~~~~|&s|..",
        "..+~S|~nnn~~~~nnn~|S~+..",
        "..|---~~~~~~~~~~~~---|..",
        "..|~~~~~~~~c~~~~~~~~~|..",
        "..+~~~~~~~TTTT~~~~~~~+..",
        "..|~~~~~~~TTTT~~~~~~~|..",
        "..|---b~~~~~~c~~~~---|..",
        "..+~&|b~~~~~~~~~~~|~~|..",
        "..|sS|b~~nnnnn~~~~+~~|..",
        "..|------------------|..",
        "..+~&|BB~~rrrrXX~~~BB|..",
        "..|sS|~~~~~~~~~~~~~~~|..",
        "..|--|BB~~~~~~~~~~~BB|..",
        "..|&~+~~~~~~~~~~~~~~~|..",
        "..|Ss|~~~~~~~~~~~~~BB|..",
        "..|--|BB~~~~-+--+----|..",
        "..+~&|~~~~~~|~~|~~|S~+..",
        "..|sS|BB~~~~|LL|00|s&|..",
        "..-------++-----------..",
        "........................",
        "........................"
      ],
      "rotation": [ 0, 3 ],
      "palettes": [ "FEMA_camp" ],
      "items": {
        "L": { "item": "surgery", "chance": 30 },
        "r": { "item": "drugs_emergency", "chance": 30 },
        "X": { "item": "hospital_lab", "chance": 80 }
      },
      "item": { "B": { "item": "rag_bloody", "amount": [ 0, 5 ] } }
    }
  }
]
