[
  {
    "type": "mapgen",
    "om_terrain": "FEMA_blc",
    "//": "bottom left corner.",
    "weight": 200,
    "method": "json",
    "object": {
      "fill_ter": "t_dirt",
      "rows": [
        "........................",
        ".fffffffffffffffffffffff",
        ".f......................",
        ".f......................",
        ".f..========**========..",
        ".f..=,,,,,,,,,,,,,,,,=..",
        ".f..=,,,,,,,,,,,,,c,,=..",
        ".f..=,,ffffffff,,TT,,=..",
        ".f..=,,f,,,,,,f,,TT,,=..",
        ".f..=,,f,,ll,,f,,,,,,=..",
        ".f..=,,f,,ll,,F,,,,,,=..",
        ".f..=,,f,,ll,,f,,,,,,=..",
        ".f..*,,f,,,,,,f,,,,,,*..",
        ".f..*,,ffffffff,,,,,,*..",
        ".f..=,,,,,,,c,,c,,,,,=..",
        ".f..=,,XX,,,,TTTT,,,,=..",
        ".f..=,,XX,,,,,,,,,,,,=..",
        ".f..=,,,,,,,,,,,,,,,,=..",
        ".f..=,,XX,XX,,XX,,XX,=..",
        ".f..=,,XX,XX,,XX,,XX,=..",
        ".f..=,,,,,,,,,,,,,,,,=..",
        ".f..========**========..",
        ".f......................",
        ".f......................"
      ],
      "rotation": 3,
      "palettes": [ "FEMA_camp" ],
      "items": { "X": { "item": "mil_surplus", "chance": 40 } }
    }
  }
]
