[
  {
    "type": "mapgen",
    "om_terrain": "FEMA_re",
    "//": "right edge",
    "weight": 200,
    "method": "json",
    "object": {
      "fill_ter": "t_dirt",
      "rows": [
        "........................",
        "ffffffffffffffffffffffff",
        "........................",
        "..=========.....XX......",
        "..=UCooCWC=.....XX......",
        "..=,,,,,,,=.........XX..",
        "..=T,,,,,,=t........XX..",
        "..=T,,,,XX=.....XX......",
        "..=T,,,,XX=t....XX......",
        "..=,,,,,,,=t............",
        "..=RRR,RRR=..XX...XX....",
        "..====*====..XX...XX....",
        "..........Z.Z.Z.........",
        "........................",
        "...==================...",
        "...=W,TTTTTTTTTTTT,t=...",
        "...=,,c,c,c,,,cc,,,,=...",
        "...=,,,,,,,,,,,,,,,,=...",
        "...*,,,,,,,,,,,,,,,,*...",
        "...=,,c,,,ccc,,c,,,,=...",
        "...=t,TTTTTTTTTTTT,t=...",
        "...==================...",
        "........................",
        "........................"
      ],
      "rotation": 1,
      "palettes": [ "FEMA_camp" ],
      "monster": { "Z": { "monster": "mon_ghoul_raider" } }
    }
  }
]
