[
  {
    "type": "mapgen",
    "om_terrain": "FEMA_mid",
    "//": "middle area",
    "weight": 250,
    "method": "json",
    "object": {
      "fill_ter": "t_floor",
      "rows": [
        "........................",
        "........................",
        "........................",
        "..TTTTTT.....nnnnnnnnn..",
        "........................",
        "........................",
        "..TTTTTT.....nnnnnnnnn..",
        "........................",
        "........................",
        "..----+--+--+---+-----..",
        "..|~~|~~|~~|~~|~~~|~~|..",
        "..+~S|~S|~S|~S|~~~|S~+..",
        "..---|---------~~~|--|..",
        "..|~~|LLLLL~~~~~~~|~~|..",
        "..+~S|~~~~~~~~~~~~|S~+..",
        "..---|~~~~~~~~~~~~|--|..",
        "..|~S|00~~~~~~~~00|S~|..",
        "..+~~|00~~P~~~~W00|~~+..",
        "..--------------------..",
        "..|&|&|&|&|&|&|&|&|S~|..",
        "..|~|~|~|~|~|~|~|~|~~+..",
        "..-+-+-+-+-+-+-+-+----..",
        "........................",
        "........................"
      ],
      "rotation": [ 0, 3 ],
      "palettes": [ "FEMA_camp" ],
      "terrain": { "n": "t_dirt", "P": "t_water_pump", "T": "t_dirt" },
      "items": { "L": { "item": "home_hw", "chance": 30 } }
    }
  }
]
