[
  {
    "type": "mapgen",
    "om_terrain": "FEMA_tlc",
    "//": "top left corner.",
    "weight": 200,
    "method": "json",
    "object": {
      "fill_ter": "t_dirt",
      "rows": [
        "........................",
        ".fffffffffffffffffffffff",
        ".f......................",
        ".f..NNNNNNNNNNNNNN......",
        ".f..N...................",
        ".f..N.XX.XX.XX.XX.......",
        ".f..N.XX.XX.XX.XX.......",
        ".f..N...................",
        ".f..N.XX.XX.............",
        ".f..N.XX.XX.............",
        ".f..N...................",
        ".f..N.XX................",
        ".f..N.XX................",
        ".f..N...................",
        ".f..N...................",
        ".f..N...................",
        ".f..N..........v........",
        ".f..N...................",
        ".f..N...................",
        ".f..N...................",
        ".f..N...................",
        ".f..N...................",
        ".f......................",
        ".f......................"
      ],
      "rotation": 0,
      "palettes": [ "FEMA_camp" ],
      "items": { "X": [ { "item": "mechanics", "chance": 30 }, { "item": "mil_food", "chance": 30 } ] },
      "vehicles": { "v": { "vehicle": "school_vehicles", "chance": 30, "status": 0 } }
    }
  }
]
