[
  {
    "type": "mapgen",
    "om_terrain": "FEMA_entrance",
    "//": "entrance. bottom edge",
    "weight": 250,
    "method": "json",
    "object": {
      "fill_ter": "t_floor",
      "rows": [
        "........................",
        "ff.....z.fffffffffffffff",
        ".f.......f..............",
        ".f.......f..............",
        ".f..z....--gg-----gg---.",
        ".f.......|~~~~TT~~~DDD|.",
        ".f.......gD~~~TT~~~~c~|.",
        ".f.......gDc~~~~~ZZ~~~|.",
        ".f.......|~~~~~~~~~~~6|.",
        ".fffFFfff|-----++-----|.",
        ".f....iii|D~~~~~~~~~XX|z",
        ".f....iIigDc~Z~~Z~~~XX|.",
        ".f....iii|D~~~~~~~~~~~|.",
        ".f.......+~~~~~~~~AAAA|.",
        ".fffFFfff|-----++-----|.",
        ".........|s~&|~~~~|s~&|.",
        ".........|~~~|llll|~~~|.",
        ".........--+--------+-..",
        "........................",
        "........................",
        "........................",
        "........................",
        ".z....................z.",
        "........................"
      ],
      "rotation": 2,
      "palettes": [ "FEMA_camp" ],
      "terrain": { "z": "t_dirt" },
      "place_loot": [ { "item": "american_flag", "x": 6, "y": 11, "chance": 75 } ],
      "items": { "X": { "item": "mil_surplus", "chance": 60 } },
      "monster": { "Z": { "monster": "mon_fallout_ghoul_reaver" }, "z": { "monster": "mon_fallout_ghoul_roamer" } }
    }
  }
]
