[
  {
    "type": "mapgen",
    "om_terrain": "FEMA_entrance",
    "//": "entrance. bottom edge",
    "weight": 250,
    "method": "json",
    "object": {
      "fill_ter": "t_floor",
      "rows": [
        "........iii.............",
        "ffff....iIi.........ffff",
        "...f....iii.........f...",
        "...--++-ggg-----....N...",
        "...|~~~~~~~~DD6|....N...",
        "...|~~Z~Z~~~~c~|....N...",
        "...|X~~~c~~Z~~~|....N...",
        "...|X~~TT~~~~~~|....N...",
        "...|X~~TT~~~lll|....N...",
        "...-----ggg-----....N...",
        "...N................N...",
        "...N................N...",
        "...N................N...",
        "...N................N...",
        "...N.....------------...",
        "...N.....|BB~~~~~DDD|...",
        "...N.....|~~~~~~~~c~|...",
        "...N.....|BB~Z~~Z~~~|...",
        "...N.....|~~~~~~Z~~~+...",
        "...N.....|BB~~llll~~|...",
        "...N.....------------...",
        "........................",
        "........................",
        "........................"
      ],
      "rotation": 2,
      "palettes": [ "FEMA_camp" ],
      "place_loot": [ { "item": "american_flag", "x": 9, "y": 0, "chance": 75 } ],
      "items": { "X": { "item": "mil_surplus", "chance": 60 } },
      "monster": { "Z": { "monster": "mon_fallout_ghoul_reaver" }, "z": { "monster": "mon_fallout_ghoul_roamer" } }
    }
  }
]
