[
  {
    "type": "mapgen",
    "om_terrain": "FEMA_brc",
    "//": "bottom right corner.",
    "weight": 200,
    "method": "json",
    "object": {
      "fill_ter": "t_dirt",
      "rows": [
        "........................",
        ".fffffffffffffffffffffff",
        ".f......................",
        ".f.====...====...==*=...",
        ".f.=,,=...=,,=...=,,=...",
        ".f.=,,=...=,,*...=,,=...",
        ".f.==*=...====...====...",
        ".f......................",
        ".f.====...====...====...",
        ".f.=,,=...=,,=...=,,=...",
        ".f.=,,*...=,,=...=,,*...",
        ".f.====...==*=...====...",
        ".f......................",
        ".f.====...====...=*==...",
        ".f.=,,=...=,,=...=,,=...",
        ".f.=,,=...=,,*...=,,=...",
        ".f.=*==...====...====...",
        ".f......................",
        ".f.====...=*==...====...",
        ".f.=,,=...=,,=...=,,=...",
        ".f.=,,*...=,,=...*,,=...",
        ".f.====...====...====...",
        ".f......................",
        ".f......................"
      ],
      "rotation": 2,
      "palettes": [ "FEMA_camp" ],
      "items": { ",": { "item": "dresser", "chance": 6 } }
    }
  }
]
