[
  {
    "type": "npc",
    "id": "fo_bos_abbot",
    "name_suffix": "BoS Paladin",
    "class": "fo_bos_abbot_npc",
    "attitude": 0,
    "mission": 8,
    "chat": "TALK_bos_abbot_start",
    "mission_offered": "MISSION_BOS_FIND_GLOWTAPE",
    "faction": "fac__fo_bos"
  },
  {
    "type": "npc_class",
    "id": "fo_bos_abbot_npc",
    "name": { "str": "BoS Gate Guard" },
    "job_description": "Is a paladin of the Brotherhood of Steel.",
    "traits": [ { "group": "NPC_starting_traits" }, { "group": "Hair_Any" } ],
    "common": false,
    "bonus_str": { "rng": [ -3, 3 ] },
    "bonus_dex": { "rng": [ -3, 3 ] },
    "bonus_int": { "rng": [ -3, 3 ] },
    "bonus_per": { "rng": [ -3, 3 ] },
    "worn_override": "NC_BOSABBOT_worn",
    "carry_override": "NC_BOSPAL_carry",
    "weapon_override": "NC_BOSPAL_weapon",
    "skills": [
      { "skill": "ALL", "level": { "sum": [ { "dice": [ 3, 2 ] }, { "constant": -2 } ] } },
      { "skill": "dodge", "bonus": { "rng": [ 1, 2 ] } },
      { "skill": "melee", "bonus": { "rng": [ 1, 2 ] } },
      { "skill": "unarmed", "bonus": { "rng": [ 0, 2 ] } },
      { "skill": "rifle", "bonus": { "rng": [ 0, 2 ] } },
      { "skill": "mechanics", "bonus": { "rng": [ 0, 2 ] } },
      { "skill": "electronics", "bonus": { "rng": [ 0, 2 ] } },
      { "skill": "gun", "bonus": { "rng": [ 0, 2 ] } },
      { "skill": "firstaid", "bonus": { "rng": [ 1, 2 ] } },
      { "skill": "fabrication", "bonus": { "rng": [ 1, 2 ] } },
      { "skill": "survival", "bonus": { "rng": [ 1, 2 ] } }
    ]
  },
  {
    "type": "item_group",
    "id": "NC_BOSABBOT_worn",
    "subtype": "collection",
    "entries": [
      { "item": "power_armor_t51" }
    ]
  },
  {
    "type": "item_group",
    "id": "NC_BOSPAL_carry",
    "subtype": "collection",
    "entries": [
      { "group": "drugs_heal_simple", "repeat": [ 1, 2 ], "prob": 75 },
      { "group": "ammo_any_batteries_full", "prob": 15 },
      { "group": "fallout_misc_itemgroup_food", "prob": 40 }
    ]
  },
  {
    "type": "item_group",
    "id": "NC_BOSPAL_weapon",
    "subtype": "collection",
    "entries": [
      { "item": "cz53minigun", "charges": 500 }
    ]
  },
  {
    "type": "talk_topic",
    "id": "TALK_bos_abbot_start",
    "dynamic_line": {
      "u_has_var": "u_are_bos_member",
      "type": "general",
      "context": "meeting",
      "value": "yes",
      "yes": [
        "Hey there.",
        "Oh, hey, it's you again.",
        "Anything to report?",
        "You're back, Did you find any tech in the wastes?",
        "Hello there, fellow member of the brotherhood."
      ],
      "no": [ "Who are you? What are you doing here?", "Shouldn't you be banging rocks together, local?", "If you think you're getting in, think again." ]
    },
    "responses": [
      {
        "text": "Who are you, what are you doing here?",
        "condition": { "not": { "u_has_var": "u_are_bos_member", "type": "general", "context": "meeting", "value": "yes" } },
        "topic": "TALK_bos_abbot_2"
      },
      {
        "text": "What is the Brotherhood of Steel?",
        "topic": "TALK_bos_abbot_3"
      },
      {
        "text": "Is there anyway for me to join the Brotherhood of Steel?",
        "topic": "TALK_MISSION_LIST"
      },
      {
        "text": "Goodbye.",
        "topic": "TALK_DONE"
      }
    ]
  },
  {
    "id": "TALK_bos_abbot_2",
    "type": "talk_topic",
    "dynamic_line": "I'm a paladin for the Brotherhood of Steel. I have been posted at this outpost's gate to defend it from all potential assailants.",
    "responses": [
      {
        "text": "Thanks for the info.",
        "topic": "TALK_DONE"
      }
    ]
  },
  {
    "id": "TALK_bos_abbot_3",
    "type": "talk_topic",
    "dynamic_line": {
      "u_has_var": "u_are_bos_member",
      "type": "general",
      "context": "meeting",
      "value": "yes",
      "yes": [
        "As I'm sure you know, we're an organization principally devoted to the preservation of the old world's technology. As I'm sure you can tell, most people out in the wastes now can't appreciate the more refined arts and sciences of the past, and the herculean task of maintaining such delicate technology falls to us and us alone."
      ],
      "no": "We're an organization principally devoted to the preservation of the old world's technology. As I'm sure you can tell, most people out in the wastes now can't appreciate the more refined arts and sciences of the past, and the herculean task of maintaining such delicate technology falls to us and us alone. You're not a member, so you're not privy to the resources our outpost can provide."
    },
    "responses": [
      {
        "text": "Thanks for the info.",
        "topic": "TALK_DONE"
      }
    ]
  },
  {
    "id": "MISSION_BOS_FIND_GLOWTAPE",
    "type": "mission_definition",
    "name": "Retrieve a holotape from the West-Tek research facility.",
    "description": "Retrieve a holotape from the West-Tek research facility.",
    "goal": "MGOAL_FIND_ITEM",
    "difficulty": 3,
    "value": 150000,
    "assign_mission_target": {
    "om_terrain": "FO_WESTTEK_2_roof_2",
    "search_range": 300,
    "reveal_radius": 3
  },
    "item": "item_fo_glow_holotape",
    "count": 1,
    "end": {
      "update_mapgen": [
        {
          "om_terrain": "FO_BOSOUTPOST_1",
          "place_nested": [ { "chunks": [ "fo_bos_postdoor" ], "x": 11, "y": 12 } ]
        }
      ],
      "effect": [
        { "u_add_var": "u_are_bos_member", "type": "general", "context": "meeting", "value": "yes" },
        { "u_buy_item": "medium_battery_cell", "ammo-item": "battery", "charges": 500, "container-item": "aer9" },
        { "u_buy_item": "armor_combat_light", "count": 1 },
        { "u_buy_item": "helmet_combat_light", "count": 1 },
        { "u_buy_item": "colt6250_weathered", "count": 1 },
        { "u_buy_item": "colt6250mag", "count": 2 },
        { "u_buy_item": "5mm", "count": 50 },
        { "u_buy_item": "10mmap", "count": 20 },
        { "u_buy_item": "10mm_incendiary", "count": 20 },
        { "u_buy_item": "10mm", "count": 50 }
         ]
    },
    "origins": [ "ORIGIN_SECONDARY" ],
    "dialogue": {
      "describe": "Uh, well, I talked to the High Elder, and he said that not just anyone can join. He, um, he said you have to complete a quest first. I need you to go to a special location and retrieve a holotape. This place is high tech. There's things inside like you've never seen before. Oh, uh, it's also radioactive. Aheh.",
      "offer": "Uh, well, I talked to the High Elder, and he said that not just anyone can join. He, um, he said you have to complete a quest first. I need you to go to a special location and retrieve a holotape. This place is high tech. There's things inside like you've never seen before. Oh, uh, it's also radioactive. Aheh.",
      "accepted": "Heh, now go and get it for the Elder, good luck! You'll need it.",
      "rejected": "Oh well, just another potential aspirant that doens't have to be weede- I mean rejected during training.",
      "advice": "Look bring a rope and some form of radiation resistance. You'll need it.",
      "inquire": "Have you found the holotape yet?",
      "success": "I-I can't actually believe you did that. I can say little more than this: welcome to the Brotherhood of Steel, initiate.",
      "success_lie": "Did you actually think that I would fall for something so stupid?",
      "failure": "Oh well, at least you tried. You're not going to be accepted into the BoS, though."
    }
  }
]
