[
  {
    "type": "npc",
    "id": "fo_cave_trapper",
    "name_suffix": "Trapper",
    "class": "fo_cave_trapper_npc",
    "attitude": 0,
    "mission": 8,
    "chat": "TALK_fo_trapper_start"
  },
  {
    "type": "npc_class",
    "id": "fo_cave_trapper_npc",
    "name": { "str": "Trapper" },
    "job_description": "A hunter who makes a living off of hunting Geckos.",
    "traits": [ { "group": "NPC_starting_traits" }, { "group": "Hair_Any" } ],
    "common": false,
    "bonus_str": { "rng": [ -3, 3 ] },
    "bonus_dex": { "rng": [ -3, 3 ] },
    "bonus_int": { "rng": [ -3, 3 ] },
    "bonus_per": { "rng": [ -3, 3 ] },
    "worn_override": "NC_CAVETRAP_worn",
    "carry_override": "NC_CAVETRAP_carry",
    "weapon_override": "NC_CAVETRAP_weapon",
    "skills": [
      { "skill": "ALL", "level": { "sum": [ { "dice": [ 3, 2 ] }, { "constant": -3 } ] } },
      { "skill": "dodge", "bonus": { "rng": [ 0, 2 ] } },
      { "skill": "melee", "bonus": { "rng": [ 0, 2 ] } },
      { "skill": "unarmed", "bonus": { "rng": [ 0, 2 ] } },
      { "skill": "rifle", "bonus": { "rng": [ 1, 4 ] } },
      { "skill": "mechanics", "bonus": { "rng": [ 0, 2 ] } },
      { "skill": "tailor", "bonus": { "rng": [ 0, 2 ] } },
      { "skill": "traps", "bonus": { "rng": [ 0, 2 ] } },
      { "skill": "gun", "bonus": { "rng": [ 1, 3 ] } },
      { "skill": "cooking", "bonus": { "rng": [ 1, 3 ] } },
      { "skill": "survival", "bonus": { "rng": [ 1, 3 ] } }
    ]
  },
  {
    "type": "item_group",
    "id": "NC_CAVETRAP_worn",
    "subtype": "collection",
    "entries": [
      { "item": "jacket_leather_mod" },
      { "item": "undershirt" },
      { "item": "pants_cargo" },
      { "item": "socks" },
      { "item": "boots" },
      { "item": "backpack_leather" }
    ]
  },
  {
    "type": "item_group",
    "id": "NC_CAVETRAP_carry",
    "subtype": "collection",
    "entries": [
      { "group": "mon_vault_equipment_armory", "repeat": [ 3, 5 ], "prob": 65 },
      { "group": "drugs_heal_simple", "repeat": [ 1, 2 ], "prob": 75 },
      { "group": "ammo_any_batteries_full", "prob": 15 },
      { "item": "rangemastermag", "charges": 10, "repeat": [ 4, 5 ] }
    ]
  },
  {
    "type": "item_group",
    "id": "NC_CAVETRAP_weapon",
    "subtype": "collection",
    "entries": [
      { "item": "colt_rangemaster", "charges": 15 }
    ]
  },
  {
    "id": "TALK_fo_trapper_start",
    "type": "talk_topic",
    "dynamic_line": {
      "u_female": true,
      "yes": "What are you doing here, little missie, how did you even find me!",
      "no": "What are you doing here,  how did you even find me!"},
    "responses": [
      {
        "text": "What am I doing here, what are you doing here?!",
        "topic": "TALK_fo_trapper_infotown"
      },
      {
        "text": "You look lost, how did you even get in here?",
        "topic": "TALK_fo_trapper_explain"
      },
      {
        "text": "Do you want to come with me?", "topic": "TALK_SUGGEST_FOLLOW"
      },
      {
        "text": "See you later.",
        "topic": "TALK_DONE"
      }
    ]
  },
  {
    "id": "TALK_fo_trapper_infotown",
    "type": "talk_topic",
    "dynamic_line": {
      "u_female": true,
      "yes": "What does it look like, I'm hunting geckos obviously! Their eggs fetch a large sum of caps at any decent market, and their hide is sells for a few caps back in town.",
      "no": "What does it look like, I'm hunting geckos obviously! Their eggs fetch a large sum of caps at any decent market, and their hide is sells for a few caps back in town."},
    "responses": [
      {
        "text": "Got it.",
        "topic": "TALK_fo_trapper_recruit"
      }
    ]
  },
  {
    "id": "TALK_fo_trapper_explain",
    "type": "talk_topic",
    "dynamic_line": {
      "u_female": true,
      "yes": "Well, to make a long story short, I was trying to find out where Golden Geckos even come from. If I could find even one of their nests, I could make quite a few caps selling their golden gecko hides and eggs. I found a Golden Gecko nest in this cave, but I was attacked while I was unaware of my surroundings and forced back into what seems to be an old military storage facility.",
      "no": "Well, to make a long story short, I was trying to find out where Golden Geckos even come from. If I could find even one of their nests, I could make quite a few caps selling their golden gecko hides and eggs. I found a Golden Gecko nest in this cave, but I was attacked while I was unaware of my surroundings and forced back into what seems to be an old military storage facility."},
    "responses": [
      {
        "text": "Got it.",
        "topic": "TALK_fo_trapper_recruit"
      }
    ]
  },
  {
    "id": "TALK_fo_trapper_recruit",
    "type": "talk_topic",
    "dynamic_line": {
      "u_female": true,
      "yes": "I am ready to join you on your journey!",
      "no": "I am ready to join you on your journey!"},
    "responses": [
      { "text": "Want to travel with me?", "topic": "TALK_SUGGEST_FOLLOW", "condition": { "not": "npc_following" } }
    ]
  }
]
