[
  {
    "type": "npc",
    "id": "npc_dobbs_frozen",
    "name_suffix": "Pre-War Soldier",
    "class": "npc_dobbs_frozen_npc",
    "attitude": 0,
    "mission": 8,
    "chat": "TALK_DOBBSOLDIER_START",
    "faction": "no_faction"
  },
  {
    "type": "npc_class",
    "id": "npc_dobbs_frozen_npc",
    "name": { "str": "Pre-War Soldier" },
    "job_description": "A soldier of the pre-war US Army.",
    "traits": [ { "group": "Hair_Any" } ],
    "common": false,
    "bonus_str": { "rng": [ -1, 1 ] },
    "bonus_dex": { "rng": [ -2, 2 ] },
    "bonus_int": { "rng": [ -2, 2 ] },
    "bonus_per": { "rng": [ 0, 2 ] },
    "worn_override": "NC_DOBBSF_worn",
    "carry_override": "NC_DOBBSF_carry",
    "weapon_override": "NC_DOBBSF_weapon",
    "skills": [
      { "skill": "ALL", "level": { "sum": [ { "dice": [ 3, 2 ] }, { "constant": -3 } ] } },
      { "skill": "dodge", "bonus": { "rng": [ 0, 2 ] } },
      { "skill": "melee", "bonus": { "rng": [ 0, 2 ] } },
      { "skill": "unarmed", "bonus": { "rng": [ 0, 2 ] } },
      { "skill": "rifle", "bonus": { "rng": [ 1, 4 ] } },
      { "skill": "mechanics", "bonus": { "rng": [ 0, 2 ] } },
      { "skill": "electronics", "bonus": { "rng": [ 0, 2 ] } },
      { "skill": "gun", "bonus": { "rng": [ 1, 3 ] } },
      { "skill": "cooking", "bonus": { "rng": [ 1, 3 ] } },
      { "skill": "survival", "bonus": { "rng": [ 1, 3 ] } }
    ]
  },
  {
    "type": "item_group",
    "id": "NC_DOBBSF_weapon",
    "subtype": "distribution",
    "entries": [
      { "item": "null" }
    ]
  },
  {
    "type": "item_group",
    "id": "NC_DOBBSF_worn",
    "subtype": "collection",
    "entries": [
      { "item": "armor_combat_light_winter" },
      { "item": "helmet_combat_light_winter" },
      { "item": "socks" },
      { "item": "boots_combat" }

    ]
  },
  {
    "type": "item_group",
    "id": "NC_DOBBSF_carry",
    "subtype": "collection",
    "entries": [
      { "item": "null" }
    ]
  },
  {
    "type": "TOOL",
    "category": "other",
    "id": "fo_dobb_frozenpod",
    "name": { "str": "Bio-Medgel Storage Container" },
    "description": "A metallic steel pod large enough to house a singular human who is suspended in some kind of lime-green immulsion. Dare you open the container?",
    "volume": "62500 ml",
    "weight": "81500 g",
    "symbol": "B",
    "color": "green",
    "price": 100,
    "price_postapoc": 0,
    "material": [ "steel" ],
    "max_charges": 0,
    "initial_charges": 0,
    "charges_per_use": 0,
    "turns_per_charge": 0,
    "ammo": "NULL",
    "use_action": 
    {
      "type": "place_npc",
      "npc_class_id": "npc_dobbs_frozen",
      "summon_msg": "With a slight hiss the pod opens, and a weary soldier stumbles out of the pod to breathe fresh air for the first time in years.",
      "place_randomly": false
    }
  },
  {
    "id": "TALK_DOBBSOLDIER_START",
    "type": "talk_topic",
    "dynamic_line": {
      "u_female": true,
      "yes": [ "I have to rejoin my unit!", "Where am I?", "Why am I covered in goo?", "Which way to the front line.", "My head hurts!" ],
      "no": [ "I have to rejoin my unit!", "Where am I?", "Why am I covered in goo?", "Which way to the front line.", "My head hurts." ] },
    "responses": [
      {
        "text": "Who are you, what happened to you?",
        "topic": "TALK_DOBBSOLDIER_INFOTOWN"
      },
      {
        "text": "Do you want to come with me? I can be your squad now.", "topic": "TALK_DOBBSOLDIER_RECRUIT"
      },
      {
        "text": "See you later.",
        "topic": "TALK_DONE"
      }
    ]
  },
  {
    "id": "TALK_DOBBSOLDIER_INFOTOWN",
    "type": "talk_topic",
    "dynamic_line": {
      "u_female": true,
      "yes": "I was in a battle. Yes, a battle. There was gunfire and explosions everywhere. People dying. I was scared but I had to keep on fighting. Then there was this blinding flash. he next thing I remember was seeing my body as if I was looking down at it from above. I heard the doctors say I was dead and then they threw my body onto a pile of other bodies. Some men came by and took my body to a laboratory. I heard them say something about trying to regenerate my body by immersing it in something called Biomed Gel.",
      "no": "I was in a battle. Yes, a battle. There was gunfire and explosions everywhere. People dying. I was scared but I had to keep on fighting. Then there was this blinding flash. he next thing I remember was seeing my body as if I was looking down at it from above. I heard the doctors say I was dead and then they threw my body onto a pile of other bodies. Some men came by and took my body to a laboratory. I heard them say something about trying to regenerate my body by immersing it in something called Biomed Gel."},
    "responses": [
      {
        "text": "Got it.",
        "topic": "TALK_DOBBSOLDIER_START"
      }
    ]
  },
  {
    "id": "TALK_DOBBSOLDIER_RECRUIT",
    "type": "talk_topic",
    "dynamic_line": {
      "u_female": true,
      "yes": "I am ready to rejoin my squad!",
      "no": "I am ready to rejoin my squad!"},
    "responses": [
      { "text": "Want to travel with me?", "topic": "TALK_SUGGEST_FOLLOW", "condition": { "not": "npc_following" } }
    ]
  }
]
