[
  {
    "type": "faction",
    "id": "fac__fo_NCR",
    "name": "New California Republic",
    "likes_u": 0,
    "respects_u": 0,
    "known_by_u": true,
    "size": 15,
    "power": 20,
    "food_supply": 115200,
    "wealth": 75000,
    "relations": {
      "free_merchants": {
        "kill on sight": false,
        "watch your back": false,
        "share my stuff": false,
        "guard your stuff": false,
        "lets you in": true,
        "defends your space": false,
        "knows your voice": true
      },
      "old_guard": {
        "kill on sight": false,
        "watch your back": false,
        "share my stuff": false,
        "guard your stuff": false,
        "lets you in": false,
        "defends your space": false,
        "knows your voice": false
      },
      "tacoma_commune": {
        "kill on sight": false,
        "watch your back": false,
        "share my stuff": false,
        "guard your stuff": false,
        "lets you in": true,
        "defends your space": false
      },
      "lobby_beggars": {
        "kill on sight": false,
        "watch your back": false,
        "share my stuff": false,
        "guard your stuff": true,
        "lets you in": false,
        "defends your space": false
      },
      "no_faction": {
        "kill on sight": false,
        "watch your back": false,
        "share my stuff": false,
        "guard your stuff": false,
        "lets you in": false,
        "defends your space": false,
        "knows your voice": true
      },
      "wasteland_scavengers": {
        "kill on sight": false,
        "watch your back": true,
        "share my stuff": false,
        "guard your stuff": true,
        "lets you in": false,
        "defends your space": false,
        "knows your voice": true
      },
      "hells_raiders": { "kill on sight": true },
      "marloss": { "kill on sight": true },
      "foc_vault_hostile": {
        "kill on sight": true,
        "watch your back": false,
        "share my stuff": false,
        "guard your stuff": false,
        "lets you in": false,
        "defends your space": false,
        "knows your voice": false
      },
      "fac__fo_enclave": {
        "kill on sight": true,
        "watch your back": false,
        "share my stuff": false,
        "guard your stuff": false,
        "lets you in": false,
        "defends your space": false,
        "knows your voice": false
      },
      "fac__fo_bos": {
        "kill on sight": true,
        "watch your back": false,
        "share my stuff": false,
        "guard your stuff": false,
        "lets you in": false,
        "defends your space": false,
        "knows your voice": false
      },
      "fac__fo_legion": {
        "kill on sight": true,
        "watch your back": false,
        "share my stuff": false,
        "guard your stuff": false,
        "lets you in": false,
        "defends your space": false,
        "knows your voice": false
      }
    },
    "description": "The New California Republic (NCR) is a federal parliamentary republic founded in New California, comprised of five contiguous states and various territories and holdings. The Republic purportedly dedicates itself to the values of the old world: Democracy, liberty, the rule of law, all in order to make the wasteland a better place. However, its policies have resulted in difficulties in recent years."
  },
  {
    "type": "faction",
    "id": "fac__fo_legion",
    "name": "Caesar's Legion",
    "likes_u": -20,
    "respects_u": -20,
    "known_by_u": true,
    "size": 15,
    "power": 20,
    "food_supply": 115200,
    "wealth": 75000,
    "relations": {
      "free_merchants": {
        "kill on sight": false,
        "watch your back": false,
        "share my stuff": false,
        "guard your stuff": false,
        "lets you in": true,
        "defends your space": false,
        "knows your voice": true
      },
      "old_guard": {
        "kill on sight": false,
        "watch your back": false,
        "share my stuff": false,
        "guard your stuff": false,
        "lets you in": false,
        "defends your space": false,
        "knows your voice": false
      },
      "tacoma_commune": {
        "kill on sight": false,
        "watch your back": false,
        "share my stuff": false,
        "guard your stuff": false,
        "lets you in": true,
        "defends your space": false
      },
      "lobby_beggars": {
        "kill on sight": false,
        "watch your back": false,
        "share my stuff": false,
        "guard your stuff": true,
        "lets you in": false,
        "defends your space": false
      },
      "no_faction": {
        "kill on sight": false,
        "watch your back": false,
        "share my stuff": false,
        "guard your stuff": false,
        "lets you in": false,
        "defends your space": false,
        "knows your voice": true
      },
      "wasteland_scavengers": {
        "kill on sight": false,
        "watch your back": true,
        "share my stuff": false,
        "guard your stuff": true,
        "lets you in": false,
        "defends your space": false,
        "knows your voice": true
      },
      "hells_raiders": { "kill on sight": true },
      "marloss": { "kill on sight": true },
      "foc_vault_friendly": {
        "kill on sight": true,
        "watch your back": false,
        "share my stuff": false,
        "guard your stuff": false,
        "lets you in": false,
        "defends your space": false,
        "knows your voice": false
      },
      "foc_vault_hostile": {
        "kill on sight": true,
        "watch your back": false,
        "share my stuff": false,
        "guard your stuff": false,
        "lets you in": false,
        "defends your space": false,
        "knows your voice": false
      },
      "fac__fo_enclave": {
        "kill on sight": true,
        "watch your back": false,
        "share my stuff": false,
        "guard your stuff": false,
        "lets you in": false,
        "defends your space": false,
        "knows your voice": false
      },
      "fac__fo_bos": {
        "kill on sight": true,
        "watch your back": false,
        "share my stuff": false,
        "guard your stuff": false,
        "lets you in": false,
        "defends your space": false,
        "knows your voice": false
      },
      "fac__fo_NCR": {
        "kill on sight": true,
        "watch your back": false,
        "share my stuff": false,
        "guard your stuff": false,
        "lets you in": false,
        "defends your space": false,
        "knows your voice": false
      }
    },
    "description": "Caesar's Legion is an imperialistic dictatorship over the American Southwest founded in 2247 by Edward Sallow and Joshua Graham, inspired and partially based on the ancient Roman Empire. The Legion is an ultra-reactionary, utilitarian slave army supported by several tributary populations. The legionaries use trappings of Roman culture, but these are not imposed on the Legion's civilian subjects."
  },
  {
    "type": "faction",
    "id": "fac__fo_enclave",
    "name": "The Enclave",
    "likes_u": -20,
    "respects_u": -20,
    "known_by_u": true,
    "size": 15,
    "power": 20,
    "food_supply": 115200,
    "wealth": 75000,
    "relations": {
      "free_merchants": {
        "kill on sight": false,
        "watch your back": false,
        "share my stuff": false,
        "guard your stuff": false,
        "lets you in": true,
        "defends your space": false,
        "knows your voice": true
      },
      "old_guard": {
        "kill on sight": false,
        "watch your back": false,
        "share my stuff": false,
        "guard your stuff": false,
        "lets you in": false,
        "defends your space": false,
        "knows your voice": false
      },
      "tacoma_commune": {
        "kill on sight": false,
        "watch your back": false,
        "share my stuff": false,
        "guard your stuff": false,
        "lets you in": true,
        "defends your space": false
      },
      "lobby_beggars": {
        "kill on sight": false,
        "watch your back": false,
        "share my stuff": false,
        "guard your stuff": true,
        "lets you in": false,
        "defends your space": false
      },
      "no_faction": {
        "kill on sight": false,
        "watch your back": false,
        "share my stuff": false,
        "guard your stuff": false,
        "lets you in": false,
        "defends your space": false,
        "knows your voice": true
      },
      "wasteland_scavengers": {
        "kill on sight": false,
        "watch your back": true,
        "share my stuff": false,
        "guard your stuff": true,
        "lets you in": false,
        "defends your space": false,
        "knows your voice": true
      },
      "foc_vault_hostile": {
        "kill on sight": true,
        "watch your back": false,
        "share my stuff": false,
        "guard your stuff": false,
        "lets you in": false,
        "defends your space": false,
        "knows your voice": false
      },
      "fac__fo_NCR": {
        "kill on sight": true,
        "watch your back": false,
        "share my stuff": false,
        "guard your stuff": false,
        "lets you in": false,
        "defends your space": false,
        "knows your voice": false
      },
      "fac__fo_bos": {
        "kill on sight": true,
        "watch your back": false,
        "share my stuff": false,
        "guard your stuff": false,
        "lets you in": false,
        "defends your space": false,
        "knows your voice": false
      },
      "fac__fo_legion": {
        "kill on sight": true,
        "watch your back": false,
        "share my stuff": false,
        "guard your stuff": false,
        "lets you in": false,
        "defends your space": false,
        "knows your voice": false
      },
      "hells_raiders": { "kill on sight": true },
      "marloss": { "kill on sight": true }
    },
    "description": "The Enclave is a nation state built that developed from continuity of government of the pre-War federal government of the United States. The Enclave exercises control of a number of military bases scattered across the former U.S., Despite their advanced technology, the Enclave has faced stiff resistance from many of the denizens of the post war world, for better or worse." 
  },
  {
    "type": "faction",
    "id": "fac__fo_bos",
    "name": "Brotherhood of Steel",
    "likes_u": 0,
    "respects_u": 0,
    "known_by_u": true,
    "size": 15,
    "power": 20,
    "food_supply": 115200,
    "wealth": 75000,
    "relations": {
      "free_merchants": {
        "kill on sight": false,
        "watch your back": false,
        "share my stuff": false,
        "guard your stuff": false,
        "lets you in": true,
        "defends your space": false,
        "knows your voice": true
      },
      "old_guard": {
        "kill on sight": false,
        "watch your back": false,
        "share my stuff": false,
        "guard your stuff": false,
        "lets you in": false,
        "defends your space": false,
        "knows your voice": false
      },
      "tacoma_commune": {
        "kill on sight": false,
        "watch your back": false,
        "share my stuff": false,
        "guard your stuff": false,
        "lets you in": true,
        "defends your space": false
      },
      "lobby_beggars": {
        "kill on sight": false,
        "watch your back": false,
        "share my stuff": false,
        "guard your stuff": true,
        "lets you in": false,
        "defends your space": false
      },
      "no_faction": {
        "kill on sight": false,
        "watch your back": false,
        "share my stuff": false,
        "guard your stuff": false,
        "lets you in": false,
        "defends your space": false,
        "knows your voice": true
      },
      "wasteland_scavengers": {
        "kill on sight": false,
        "watch your back": true,
        "share my stuff": false,
        "guard your stuff": true,
        "lets you in": false,
        "defends your space": false,
        "knows your voice": true
      },
      "foc_vault_hostile": {
        "kill on sight": true,
        "watch your back": false,
        "share my stuff": false,
        "guard your stuff": false,
        "lets you in": false,
        "defends your space": false,
        "knows your voice": false
      },
      "fac__fo_NCR": {
        "kill on sight": true,
        "watch your back": false,
        "share my stuff": false,
        "guard your stuff": false,
        "lets you in": false,
        "defends your space": false,
        "knows your voice": false
      },
      "fac__fo_legion": {
        "kill on sight": true,
        "watch your back": false,
        "share my stuff": false,
        "guard your stuff": false,
        "lets you in": false,
        "defends your space": false,
        "knows your voice": false
      },
      "hells_raiders": { "kill on sight": true },
      "marloss": { "kill on sight": true }
    },
    "description": "The Brotherhood of Steel (commonly abbreviated to BoS) is a techno-religious military order located in the West and operating across the ruins of post-War North America with its roots stemming from the United States Armed Forces and the government-sponsored scientific community from  the former Mariposa Military Base. Though small, the Brotherhood has been an influential group in the history of the wasteland, first as a survivalist group, then a major research and development house."
  },
  {
    "type": "faction",
    "id": "foc_vault_friendly",
    "name": "Vault Dwellers",
    "likes_u": 20,
    "respects_u": 20,
    "known_by_u": true,
    "size": 15,
    "power": 20,
    "food_supply": 115200,
    "wealth": 75000,
    "relations": {
      "free_merchants": {
        "kill on sight": false,
        "watch your back": false,
        "share my stuff": false,
        "guard your stuff": false,
        "lets you in": true,
        "defends your space": false,
        "knows your voice": true
      },
      "old_guard": {
        "kill on sight": false,
        "watch your back": false,
        "share my stuff": false,
        "guard your stuff": false,
        "lets you in": false,
        "defends your space": false,
        "knows your voice": false
      },
      "tacoma_commune": {
        "kill on sight": false,
        "watch your back": false,
        "share my stuff": false,
        "guard your stuff": false,
        "lets you in": true,
        "defends your space": false
      },
      "lobby_beggars": {
        "kill on sight": false,
        "watch your back": false,
        "share my stuff": false,
        "guard your stuff": true,
        "lets you in": false,
        "defends your space": false
      },
      "no_faction": {
        "kill on sight": false,
        "watch your back": false,
        "share my stuff": false,
        "guard your stuff": false,
        "lets you in": false,
        "defends your space": false,
        "knows your voice": true
      },
      "wasteland_scavengers": {
        "kill on sight": false,
        "watch your back": true,
        "share my stuff": false,
        "guard your stuff": true,
        "lets you in": false,
        "defends your space": false,
        "knows your voice": true
      },
      "hells_raiders": { "kill on sight": true },
      "marloss": { "kill on sight": true }
    },
    "description": "Dwellers of the local vaults of New England. They are relatively friendly."
  },
  {
    "type": "faction",
    "id": "foc_vault_hostile",
    "name": "Hostile Vault Dweller",
    "likes_u": -20,
    "respects_u": -20,
    "known_by_u": true,
    "size": 15,
    "power": 20,
    "food_supply": 115200,
    "wealth": 75000,
    "relations": {
      "free_merchants": {
        "kill on sight": false,
        "watch your back": false,
        "share my stuff": false,
        "guard your stuff": false,
        "lets you in": true,
        "defends your space": false,
        "knows your voice": true
      },
      "old_guard": {
        "kill on sight": false,
        "watch your back": false,
        "share my stuff": false,
        "guard your stuff": false,
        "lets you in": false,
        "defends your space": false,
        "knows your voice": false
      },
      "tacoma_commune": {
        "kill on sight": false,
        "watch your back": false,
        "share my stuff": false,
        "guard your stuff": false,
        "lets you in": true,
        "defends your space": false
      },
      "lobby_beggars": {
        "kill on sight": false,
        "watch your back": false,
        "share my stuff": false,
        "guard your stuff": true,
        "lets you in": false,
        "defends your space": false
      },
      "no_faction": {
        "kill on sight": false,
        "watch your back": false,
        "share my stuff": false,
        "guard your stuff": false,
        "lets you in": false,
        "defends your space": false,
        "knows your voice": true
      },
      "wasteland_scavengers": {
        "kill on sight": false,
        "watch your back": true,
        "share my stuff": false,
        "guard your stuff": true,
        "lets you in": false,
        "defends your space": false,
        "knows your voice": true
      },
      "hells_raiders": { "kill on sight": true },
      "marloss": { "kill on sight": true }
    },
    "foc_vault_friendly": {
        "kill on sight": true,
        "watch your back": false,
        "share my stuff": false,
        "guard your stuff": false,
        "lets you in": false,
        "defends your space": false,
        "knows your voice": false
      },
      "fac__fo_bos": {
        "kill on sight": true,
        "watch your back": false,
        "share my stuff": false,
        "guard your stuff": false,
        "lets you in": false,
        "defends your space": false,
        "knows your voice": false
      },
      "fac__fo_legion": {
        "kill on sight": true,
        "watch your back": false,
        "share my stuff": false,
        "guard your stuff": false,
        "lets you in": false,
        "defends your space": false,
        "knows your voice": false
      },
      "fac__fo_NCR": {
        "kill on sight": true,
        "watch your back": false,
        "share my stuff": false,
        "guard your stuff": false,
        "lets you in": false,
        "defends your space": false,
        "knows your voice": false
      },
      "fac__fo_enclave": {
        "kill on sight": true,
        "watch your back": false,
        "share my stuff": false,
        "guard your stuff": false,
        "lets you in": false,
        "defends your space": false,
        "knows your voice": false
      },
    "description": "Dwellers of the local vaults of New England. They are not friendly, and are more than willing to kill you if given the chance."
  }
]
