[
    {
        "id": "FO_PLAYER_VAULT_1_1",
        "type": "overmap_terrain",
        "name": "Vault",
        "sym": "V",
        "color": "yellow_cyan",
        "see_cost": 10,
        "mondensity": 2
    },
    {
        "id": "FO_PLAYER_VAULT_1_2",
        "type": "overmap_terrain",
        "name": "Vault",
        "sym": "V",
        "color": "yellow_cyan",
        "see_cost": 10,
        "mondensity": 2
    },
    {
        "id": "FO_PLAYER_VAULT_1_3",
        "type": "overmap_terrain",
        "name": "Vault",
        "sym": "V",
        "color": "yellow_cyan",
        "see_cost": 10,
        "mondensity": 2
    },
    {
        "id": "FO_PLAYER_VAULT_1_4",
        "type": "overmap_terrain",
        "name": "Vault",
        "sym": "V",
        "color": "yellow_cyan",
        "see_cost": 10,
        "mondensity": 2
    },
    {
        "id": "FO_PLAYER_VAULT_D",
        "type": "overmap_terrain",
        "name": "Vault",
        "sym": "V",
        "color": "yellow_cyan",
        "see_cost": 10,
        "mondensity": 2
    },
    {
        "id": "FO_PLAYER_VAULT_H",
        "type": "overmap_terrain",
        "name": "Vault Entrance",
        "sym": "V",
        "color": "yellow_cyan",
        "see_cost": 10,
        "mondensity": 2
    },
    {
        "id": "FO_PLAYER_VAULT_H_roof",
        "type": "overmap_terrain",
        "name": "Vault Entrance roof",
        "sym": "V",
        "color": "yellow_cyan",
        "see_cost": 2
    }
        
]