[
  {
    "id": "emit_rad_cloud_deathclaw",
    "type": "emit",
    "field": "fd_nuke_gas",
    "intensity": 3,
    "qty": 10
  },
  {
    "id": "emit_rad_cloud",
    "//": "Negative, negative, it's a large reactor leak, very dangerous",
    "type": "emit",
    "field": "fd_nuke_gas",
    "intensity": 3,
    "qty": 100
  },
  {
    "id": "emit_rad_cloud_small",
    "//": "Negative, negative, it's a large reactor leak, very dangerous",
    "type": "emit",
    "field": "fd_nuke_gas",
    "intensity": 1,
    "qty": 20
  }
]
