[
  {
    "id": "mon_fallout_misterhandy",
    "type": "MONSTER",
    "name": { "str": "mister handy" },
    "description": "Mister Handy or Mr. Handy is a multipurpose robot developed by General Atomics International before the Great War, refined in collaboration with RobCo Industries. It was popular with government agencies, private companies, and individual citizens across the United States.",
    "default_faction": "cop_bot",
    "species": [ "ROBOT" ],
    "diff": 2,
    "volume": "72500 ml",
    "weight": "91500 g",
    "hp": 140,
    "speed": 110,
    "material": [ "steel" ],
    "symbol": "h",
    "color": "cyan",
    "aggression": 30,
    "morale": 100,
    "melee_skill": 4,
    "melee_dice": 2,
    "melee_dice_sides": 5,
    "melee_cut": 4,
    "dodge": 3,
    "armor_bash": 6,
    "armor_cut": 5,
    "armor_stab": 4,
    "vision_day": 33,
    "vision_night": 8,
    "revert_to_itype": "dep_fallout_handy",
    "death_drops": { "groups": [ [ "robots", 4 ], [ "eyebot", 1 ] ] },
    "death_function": [ "BROKEN" ],
    "flags": [ "SEES", "FLIES", "ELECTRONIC", "NO_BREATHE", "NOHEAD", "PRIORITIZE_TARGETS", "FIREY" ]
  },
  {
    "type": "GENERIC",
    "id": "broken_fallout_misterhandy",
    "symbol": "h",
    "color": "cyan",
    "name": "broken Mister Handy",
    "category": "other",
    "description": "A broken Mister Handy, now wrecked and motionless. It could be gutted for spare parts.",
    "price": 1000,
    "material": [ "steel", "flesh" ],
    "volume": "72500 ml",
    "weight": "91500 g",
    "bashing": 4,
    "cutting": 4,
    "to_hit": -3
  },
  {
    "type": "TOOL",
    "id": "dep_fallout_handy",
    "symbol": "N",
    "color": "green",
    "name": "inactive Mister Handy",
    "category": "other",
    "description": "An inactive Mister Handy",
    "price": 500000,
    "material": [ "steel" ],
    "volume": "72500 ml",
    "weight": "91500 g",
    "bashing": 6,
    "cutting": 6,
    "to_hit": -3,
    "max_charges": 0,
    "initial_charges": 0,
    "charges_per_use": 0,
    "turns_per_charge": 0,
    "ammo": "NULL",
    "use_action": {
      "type": "place_monster",
      "monster_id": "mon_fallout_misterhandy",
      "difficulty": 1,
      "skill1": "electronics",
      "moves": 200
    }
  },
  {
    "id": "mon_fallout_mistergutsy",
    "type": "MONSTER",
    "name": { "str": "mister gutsy" },
    "description": "A dedicated combat variant of their civilian Mister Handy, the Mister Gutsy series was developed by General Atomics International. It was commissioned by the United States Army shortly before the atomic apocalypse of 2077. The Mr. Gutsy is a personal protection automaton and comes equipped with heavier armor than most utility robots. It also carries a plasma weapon to be used in defense. The key advantage of Mister Gutsies that separates it from other combat robots is its sheer maneuverability and spatial awareness.",
    "default_faction": "military",
    "species": [ "ROBOT" ],
    "diff": 2,
    "volume": "72500 ml",
    "weight": "91500 g",
    "hp": 150,
    "speed": 110,
    "material": [ "steel" ],
    "symbol": "G",
    "color": "green",
    "aggression": 100,
    "morale": 100,
    "melee_skill": 4,
    "melee_dice": 2,
    "melee_dice_sides": 5,
    "melee_cut": 4,
    "dodge": 4,
    "armor_bash": 10,
    "armor_cut": 15,
    "armor_stab": 25,
    "vision_day": 33,
    "vision_night": 8,
    "revert_to_itype": "dep_fallout_gutsy",
    "death_drops": { "groups": [ [ "robots", 4 ], [ "eyebot", 1 ] ] },
    "special_attacks": [
      [ "PARROT", 0 ],
      [ "LUNGE", 20 ],
      { "type": "gun", "cooldown": 6, "gun_type": "mon_laser_pistol_aep", "ranges": [ [ 0, 12, "DEFAULT" ] ] }
    ],
    "death_function": [ "BROKEN" ],
    "flags": [ "SEES", "FLIES", "ELECTRONIC", "NO_BREATHE", "NOHEAD", "PRIORITIZE_TARGETS" ]
  },
  {
    "type": "GENERIC",
    "id": "broken_fallout_mistergutsy",
    "symbol": "G",
    "color": "green",
    "name": "broken Mister Gutsy",
    "category": "other",
    "description": "A broken Mister Gutsy, now wrecked and motionless. It could be gutted for spare parts.",
    "price": 1000,
    "material": [ "steel", "flesh" ],
    "volume": "72500 ml",
    "weight": "91500 g",
    "bashing": 4,
    "cutting": 4,
    "to_hit": -3
  },
  {
    "type": "TOOL",
    "id": "dep_fallout_gutsy",
    "symbol": "G",
    "color": "green",
    "name": "inactive Mister Gutsy",
    "category": "other",
    "description": "An inactive Mister Gutsy",
    "price": 500000,
    "material": [ "steel" ],
    "volume": "72500 ml",
    "weight": "91500 g",
    "bashing": 6,
    "cutting": 6,
    "to_hit": -3,
    "max_charges": 0,
    "initial_charges": 0,
    "charges_per_use": 0,
    "turns_per_charge": 0,
    "ammo": "NULL",
    "use_action": {
      "type": "place_monster",
      "monster_id": "mon_fallout_mistergutsy",
      "difficulty": 1,
      "skill1": "electronics",
      "moves": 200
    }
  },
  {
    "id": "mon_protectron_army",
    "type": "MONSTER",
    "name": { "str": "army protectron" },
    "description": "The sturdy Protectron model of robot was created before the great cataclysm, and served as a security automaton in both the private and business sectors. Multipurpose and modular. You can customize these things heavily. This variant was designed for use by the US military as an automated picket and sentry guard. Some of them still remain at their posts to perform the duties of the now long defunct US military, even decades or centuries later.",
    "default_faction": "military",
    "species": [ "ROBOT" ],
    "diff": 12,
    "volume": "62500 ml",
    "weight": "81500 g",
    "hp": 85,
    "speed": 60,
    "material": [ "steel" ],
    "symbol": "P",
    "color": "green",
    "aggression": 60,
    "morale": 100,
    "melee_skill": 4,
    "melee_dice": 3,
    "melee_dice_sides": 2,
    "melee_cut": 0,
    "dodge": 2,
    "revert_to_itype": "bot_protectron_army_inactive",
    "armor_bash": 6,
    "armor_cut": 12,
    "armor_stab": 12,
    "vision_day": 35,
    "special_attacks": [
      { "type": "gun", "cooldown": 6, "gun_type": "mon_laser_pistol_aep_army_protect", "ranges": [ [ 0, 12, "DEFAULT" ] ] }
    ],
    "path_settings": { "max_dist": 5 },
    "death_drops": { "groups": [ [ "robots", 4 ] ] },
    "death_function": [ "BROKEN" ],
    "flags": [ "SEES", "HEARS", "BASHES", "ELECTRONIC", "NO_BREATHE", "PRIORITIZE_TARGETS", "PATH_AVOID_DANGER_1" ]
  },
  {
    "id": "mon_laser_pistol_aep_army_protect",
    "type": "GUN",
    "copy-from": "fake_item",
    "name": { "str": "Monster AEP7 Laser Pistol" },
    "description": "This is a pseudo item for monster attacks. If you see this, it's a bug.",
    "skill": "pistol",
    "range": 30,
    "ranged_damage": { "damage_type": "heat", "amount": 22, "armor_penetration": 7 },
    "dispersion": 150,
    "durability": 8,
    "loudness": 12,
    "modes": [ [ "DEFAULT", "semi-auto", 1 ], [ "BURST", "4 rd.", 4 ], [ "AUTO", "auto", 6 ] ],
    "ammo_effects": [ "LASER" ]
  },
  {
    "type": "GENERIC",
    "id": "broken_protectron_army",
    "symbol": ",",
    "color": "light_gray",
    "name": { "str": "broken army protectron" },
    "category": "other",
    "description": "A broken army protectron.  Much less threatening now that it's quiet and still.  Could be gutted for parts, or repaired into a working model.",
    "price": "300 USD",
    "price_postapoc": "10 USD",
    "material": [ "steel", "plastic" ],
    "weight": "140000 g",
    "volume": "62500 ml",
    "bashing": 6,
    "cutting": 6,
    "to_hit": -3,
    "flags": [ "TRADER_AVOID" ]
  },
  {
    "id": "bot_protectron_army_inactive",
    "type": "TOOL",
    "name": { "str": "inactive army protectron" },
    "description": "This is an inactive protectron. Use this item to reprogram and activate the protectron. If it works, youll have a friend for life.",
    "weight": "5400 g",
    "volume": "750 ml",
    "price": "600 USD",
    "to_hit": -3,
    "bashing": 6,
    "cutting": 6,
    "material": [ "aluminum", "plastic" ],
    "symbol": ",",
    "color": "light_gray",
    "use_action": {
      "type": "place_monster",
      "monster_id": "mon_protectron_army",
      "friendly_msg": "The protectron gets up and salutes you with it's little robotic arm!",
      "hostile_msg": "You misprogram the protectron; it's hostile!",
      "difficulty": 2,
      "moves": 60,
      "place_randomly": true,
      "skills": [ "electronics", "computer" ]
    }
  },
  {
    "type": "monster_attack",
    "attack_type": "melee",
    "id": "floating_eye_attack",
    "cooldown": 20,
    "move_cost": 150,
    "damage_max_instance": [ { "damage_type": "electric", "amount": 15 } ],
    "hit_dmg_u": "The %1$s floating eye bot's prod shocks you!",
    "hit_dmg_npc": "The %1$s floating eye bot's prod shocks <npcname>!",
    "no_dmg_msg_u": "The %1$s tries to shock you, but the prod fails to do anything!",
    "no_dmg_msg_npc": "The %1$s tries to shock <npcname>, but the prod fails to do anything!"
  },
  {
    "id": "mon_floating_eye_bot",
    "type": "MONSTER",
    "name": { "str": "floating eye robot" },
    "description": "The floating eye is a hovering security bot equipped with a taser. Resembling an eyeball, its upper portion houses the CPU, motivator and the sensors. The extending arm below is equipped with a low power energy prod. These robots are quick but fragile, and were mostly used as a sentry or for important areas in vital facilities.",
    "default_faction": "military",
    "species": [ "ROBOT" ],
    "diff": 2,
    "volume": "33000 ml",
    "weight": "41750 g",
    "hp": 40,
    "speed": 110,
    "material": [ "steel", "aluminum" ],
    "symbol": "f",
    "color": "light_gray",
    "aggression": 80,
    "morale": 100,
    "melee_skill": 4,
    "melee_dice": 3,
    "melee_dice_sides": 2,
    "melee_cut": 0,
    "dodge": 3,
    "armor_bash": 8,
    "armor_cut": 10,
    "revert_to_itype": "mon_floating_eye_bot_inactive",
    "special_attacks": [ [ "floating_eye_attack", 6 ] ],
    "death_drops": { "groups": [ [ "robots", 4 ], [ "eyebot", 1 ] ] },
    "death_function": [ "BROKEN" ],
    "flags": [ "SEES", "FLIES", "ELECTRONIC", "NO_BREATHE", "NOHEAD", "PRIORITIZE_TARGETS" ]
  },
  {
    "type": "GENERIC",
    "id": "broken_floating_eye_bot",
    "symbol": ",",
    "color": "light_gray",
    "name": { "str": "broken floating eye bot" },
    "category": "other",
    "description": "A broken floating eye bot.  Much less threatening now that it's quiet and still.  Could be gutted for parts, or repaired into a working model.",
    "price": "300 USD",
    "price_postapoc": "10 USD",
    "material": [ "steel", "aluminum" ],
    "volume": "33000 ml",
    "weight": "41750 g",
    "bashing": 6,
    "cutting": 6,
    "to_hit": -3,
    "flags": [ "TRADER_AVOID" ]
  },
  {
    "id": "mon_floating_eye_bot_inactive",
    "type": "TOOL",
    "name": { "str": "inactive floating eye bot" },
    "description": "This is an inactive protectron. Use this item to reprogram and activate the protectron. If it works, youll have a friend for life.",
    "weight": "5400 g",
    "volume": "750 ml",
    "price": "600 USD",
    "to_hit": -3,
    "bashing": 6,
    "cutting": 6,
    "material": [ "aluminum", "steel" ],
    "symbol": ",",
    "color": "light_gray",
    "use_action": {
      "type": "place_monster",
      "monster_id": "mon_floating_eye_bot",
      "friendly_msg": "The floating eye bot unfolds and begins to hover off the ground using its microthrusters.",
      "hostile_msg": "You misprogram the floating eye bot; it's hostile!",
      "difficulty": 2,
      "moves": 60,
      "place_randomly": true,
      "skills": [ "electronics", "computer" ]
    }
  },
  {
    "id": "mon_assaultron_army",
    "type": "MONSTER",
    "name": { "str": "army assaultron" },
    "description": "The Assaultron was constructed by RobCo Industries and sold to the United States military as a frontline wartime combatant. It is fast and deadly at close range, and employs a devastating laser at a distance. Some units can even employ stealth technology. It also has the ability to utilize EMP shielding to protect itself from electromagnetic disturbances. They are quick, nimble, and customizable, with a variety of weaponry such as lasers and razor-sharp claws.",
    "default_faction": "military",
    "species": [ "ROBOT" ],
    "diff": 12,
    "volume": "62500 ml",
    "weight": "81500 g",
    "hp": 120,
    "speed": 115,
    "material": [ "steel" ],
    "symbol": "A",
    "color": "green",
    "aggression": 60,
    "morale": 100,
    "melee_skill": 4,
    "melee_dice": 3,
    "melee_dice_sides": 5,
    "melee_cut": 5,
    "dodge": 5,
    "revert_to_itype": "mon_assaultron_army_inactive",
    "armor_bash": 10,
    "armor_cut": 14,
    "armor_stab": 18,
    "vision_day": 35,
    "special_attacks": [
      [ "GRAB", 15 ],
      [ "LUNGE", 20 ],
      { "type": "gun", "cooldown": 7, "gun_type": "mon_laser_pistol_aep", "ranges": [ [ 0, 12, "DEFAULT" ] ] }
    ],
    "path_settings": { "max_dist": 5 },
    "death_drops": { "groups": [ [ "robots", 4 ] ] },
    "death_function": [ "BROKEN" ],
    "flags": [ "SEES", "HEARS", "BASHES", "ELECTRONIC", "NO_BREATHE", "PRIORITIZE_TARGETS", "PATH_AVOID_DANGER_1" ]
  },
  {
    "type": "GENERIC",
    "id": "broken_assaultron_army",
    "symbol": ",",
    "color": "light_gray",
    "name": { "str": "broken army assaultron" },
    "category": "other",
    "description": "A broken army assaultron.  Much less threatening now that it's quiet and still.  Could be gutted for parts, or repaired into a working model.",
    "price": "300 USD",
    "price_postapoc": "10 USD",
    "material": [ "steel", "plastic" ],
    "weight": "140000 g",
    "volume": "62500 ml",
    "bashing": 6,
    "cutting": 6,
    "to_hit": -3,
    "flags": [ "TRADER_AVOID" ]
  },
  {
    "id": "mon_assaultron_army_inactive",
    "type": "TOOL",
    "name": { "str": "inactive army assaultron" },
    "description": "This is an inactive assaultron. Use this item to reprogram and activate the protectron. If it works, youll have a friend for life.",
    "weight": "5400 g",
    "volume": "750 ml",
    "price": "600 USD",
    "to_hit": -3,
    "bashing": 6,
    "cutting": 6,
    "material": [ "aluminum", "plastic" ],
    "symbol": ",",
    "color": "light_gray",
    "use_action": {
      "type": "place_monster",
      "monster_id": "mon_assaultron_army",
      "friendly_msg": "The assaultron gets up and salutes you with it's little robotic arm!",
      "hostile_msg": "You misprogram the assaultron; it's hostile!",
      "difficulty": 3,
      "moves": 60,
      "place_randomly": true,
      "skills": [ "electronics", "computer" ]
    }
  }
]
