[
  {
    "id": "mon_fallout_ghoul",
    "type": "MONSTER",
    "name": { "str": "feral ghoul" },
    "description": "Long before the cataclysm, this used to be a normal person, but now they are burned beyond recognition by radiation, this one seems uncivilized and feral.",
    "default_faction": "ghoul",
    "bodytype": "human",
    "species": [ "ZOMBIE", "HUMAN" ],
    "volume": "62500 ml",
    "weight": "81500 g",
    "hp": 75,
    "speed": 105,
    "material": [ "flesh" ],
    "symbol": "g",
    "color": "red",
    "aggression": 100,
    "morale": 100,
    "melee_skill": 4,
    "melee_dice": 2,
    "melee_dice_sides": 6,
    "armor_bash": 2,
    "armor_cut": 2,
    "armor_stab": 2,
    "armor_bullet": 2,
    "vision_night": 3,
    "harvest": "zombie",
    "special_attacks": [ { "type": "bite", "cooldown": 5 }, [ "GRAB", 7 ], [ "scratch", 20 ] ],
    "death_drops": "mon_ghoul_death_drops",
    "upgrades": { "half_life": 23, "into_group": "GROUP_GHOUL_UPGRADE" },
    "death_function": [ "NORMAL" ],
    "flags": [
      "SEES",
      "HEARS",
      "SMELLS",
      "STUMBLES",
      "WARM",
      "BASHES",
      "GROUP_BASH",
      "BLEED",
      "NO_BREATHE",
      "PUSH_MON",
      "FILTHY",
      "SWIMS"
    ]
  },
  {
    "id": "mon_fallout_ghoul_vault",
    "type": "MONSTER",
    "name": { "str": "vault ghoul" },
    "description": "Long before the cataclysm, this used to be a normal person, but now they are burned beyond recognition by radiation, this one seems uncivilized and feral. This one wears the tattered remains of a vault suit, indicating they were once a vault dweller of some kind.",
    "default_faction": "ghoul",
    "bodytype": "human",
    "species": [ "ZOMBIE", "HUMAN" ],
    "volume": "62500 ml",
    "weight": "81500 g",
    "hp": 80,
    "speed": 110,
    "material": [ "flesh" ],
    "symbol": "g",
    "color": "red",
    "aggression": 100,
    "morale": 100,
    "melee_skill": 4,
    "melee_dice": 2,
    "melee_dice_sides": 5,
    "armor_bash": 3,
    "armor_cut": 2,
    "armor_stab": 2,
    "armor_bullet": 3,
    "vision_night": 3,
    "harvest": "zombie",
    "special_attacks": [ { "type": "bite", "cooldown": 5 }, [ "GRAB", 7 ], [ "scratch", 20 ] ],
    "death_drops": "mon_ghoul_vault_death_drops",
    "death_function": [ "NORMAL" ],
    "flags": [
      "SEES",
      "HEARS",
      "SMELLS",
      "STUMBLES",
      "WARM",
      "BASHES",
      "GROUP_BASH",
      "BLEED",
      "NO_BREATHE",
      "PUSH_MON",
      "FILTHY",
      "SWIMS"
    ]
  },
  {
    "id": "mon_fallout_ghoul_roamer",
    "type": "MONSTER",
    "name": { "str": "feral ghoul roamer" },
    "description": "Long before the cataclysm, this used to be a normal person, but now they are burned beyond recognition by radiation, this one seems uncivilized and feral. It's tattered remnants of US army combat armor indicate that it was once a soldier or mercenary of some kind.",
    "default_faction": "ghoul",
    "bodytype": "human",
    "species": [ "ZOMBIE", "HUMAN" ],
    "volume": "62500 ml",
    "weight": "81500 g",
    "hp": 90,
    "speed": 100,
    "material": [ "flesh" ],
    "symbol": "g",
    "color": "red",
    "aggression": 100,
    "morale": 100,
    "melee_skill": 4,
    "melee_dice": 2,
    "melee_dice_sides": 7,
    "armor_bash": 11,
    "armor_cut": 11,
    "armor_stab": 10,
    "armor_bullet": 10,
    "vision_night": 3,
    "harvest": "zombie",
    "special_attacks": [ { "type": "bite", "cooldown": 5 }, [ "GRAB", 7 ], [ "scratch", 20 ] ],
    "death_drops": "mon_ghoul_roamer_death_drops",
    "death_function": [ "NORMAL" ],
    "flags": [
      "SEES",
      "HEARS",
      "SMELLS",
      "STUMBLES",
      "WARM",
      "BASHES",
      "GROUP_BASH",
      "BLEED",
      "NO_BREATHE",
      "PUSH_MON",
      "FILTHY",
      "SWIMS"
    ]
  },
  {
    "id": "mon_fallout_ghoul_runner",
    "type": "MONSTER",
    "name": { "str": "feral ghoul runner" },
    "description": "Long before the cataclysm, this used to be a normal person, but now they are burned beyond recognition by radiation, this one seems uncivilized and feral. This one seems particularly lean, is willing to run quickly to close the distance with you!",
    "default_faction": "ghoul",
    "bodytype": "human",
    "species": [ "ZOMBIE", "HUMAN" ],
    "volume": "62500 ml",
    "weight": "81500 g",
    "hp": 70,
    "speed": 119,
    "material": [ "flesh" ],
    "symbol": "g",
    "color": "red",
    "aggression": 100,
    "morale": 100,
    "melee_skill": 4,
    "melee_dice": 2,
    "melee_dice_sides": 7,
    "vision_night": 3,
    "harvest": "zombie",
    "special_attacks": [ { "type": "bite", "cooldown": 5 }, [ "GRAB", 7 ], [ "scratch", 20 ] ],
    "death_drops": "mon_ghoul_death_drops",
    "death_function": [ "NORMAL" ],
    "flags": [
      "SEES",
      "HEARS",
      "SMELLS",
      "STUMBLES",
      "WARM",
      "BASHES",
      "GROUP_BASH",
      "BLEED",
      "NO_BREATHE",
      "PUSH_MON",
      "FILTHY",
      "SWIMS"
    ]
  },
  {
    "id": "mon_fallout_ghoul_reaver",
    "type": "MONSTER",
    "name": { "str": "feral ghoul reaver" },
    "description": "Long before the cataclysm, this used to be a normal person, but now they are burned beyond recognition by radiation, this one seems uncivilized and feral. It's tattered remnants of metal armor indicate that it was once a mercenary of some kind.",
    "default_faction": "ghoul",
    "bodytype": "human",
    "species": [ "ZOMBIE", "HUMAN" ],
    "volume": "62500 ml",
    "weight": "81500 g",
    "hp": 100,
    "speed": 100,
    "material": [ "flesh" ],
    "symbol": "g",
    "color": "red",
    "aggression": 100,
    "morale": 100,
    "melee_skill": 5,
    "melee_dice": 2,
    "melee_dice_sides": 7,
    "armor_bash": 13,
    "armor_cut": 13,
    "armor_stab": 6,
    "armor_bullet": 6,
    "vision_night": 3,
    "harvest": "zombie",
    "special_attacks": [ { "type": "bite", "cooldown": 5 }, [ "GRAB", 7 ], [ "scratch", 20 ] ],
    "death_drops": "mon_ghoul_reaver_death_drops",
    "death_function": [ "NORMAL" ],
    "flags": [
      "SEES",
      "HEARS",
      "SMELLS",
      "STUMBLES",
      "WARM",
      "BASHES",
      "GROUP_BASH",
      "BLEED",
      "NO_BREATHE",
      "PUSH_MON",
      "FILTHY",
      "SWIMS"
    ]
  },
  {
    "id": "mon_radghoul",
    "type": "MONSTER",
    "name": { "str": "Glowing One" },
   "description": "This ghoul was engulfed by the radiation that created it, and as a result is uneffected by radiation.",
    "default_faction": "ghoul",
    "bodytype": "human",
    "species": [ "ZOMBIE", "HUMAN" ],
    "volume": "62500 ml",
    "weight": "81500 g",
    "hp": 56,
    "speed": 110,
    "material": [ "flesh" ],
    "symbol": "g",
    "color": "red",
    "aggression": 100,
    "morale": 100,
    "melee_dice": 8,
    "melee_dice_sides": 8,
    "luminance": 120,
    "emit_fields": [ { "emit_id": "emit_rad_cloud_small", "delay": "4 s" } ],
    "vision_night": 3,
    "harvest": "zombie",
    "special_attacks": [ { "type": "bite", "cooldown": 5 }, [ "GRAB", 7 ], [ "scratch", 20 ] ],
    "death_drops": "mon_ghoul_death_drops",
    "death_function": [ "NORMAL" ],
    "flags": [
      "SEES",
      "HEARS",
      "SMELLS",
      "STUMBLES",
      "WARM",
      "BASHES",
      "GROUP_BASH",
      "BLEED",
      "NO_BREATHE",
      "PUSH_MON",
      "FILTHY",
      "SWIMS"
    ]
  },
  {
    "type": "MONSTER",
    "id": "mon_ghoul_raider",
    "name": "Semi-Feral Ghoul",
    "default_faction": "ghoul",
    "bodytype": "human",
    "species": [ "ZOMBIE", "HUMAN" ],
    "symbol": "G",
    "color": "red",
    "volume": "62500 ml",
    "weight": 81500,
    "material": "flesh",
    "diff": 15,
    "aggression": 100,
    "morale": 100,
    "regen_morale": true,
    "speed": 95,
    "melee_skill": 3,
    "melee_dice": 2,
    "melee_dice_sides": 5,
    "melee_cut": 2,
    "dodge": 1,
    "armor_bash": 7,
    "armor_cut": 7,
    "armor_stab": 5,
    "armor_bullet": 5,
    "armor_acid": 1,
    "vision_day": 30,
    "vision_night": 8,
    "hp": 85,
    "death_function": [ "NORMAL" ],
    "starting_ammo": { "10mm": 45 },
    "special_attacks": [
      {
        "type": "gun",
        "cooldown": 6,
        "gun_type": "colt6250",
        "ammo_type": "10mm",
        "max_ammo": 100,
        "fake_str": 10,
        "fake_dex": 6,
        "fake_per": 5,
        "fake_skills": [ [ "gun", 1 ], [ "pistol", 2 ] ],
        "move_cost": 100,
        "targeting_cost": 45,
        "ranges": [ [ 3, 14, "DEFAULT" ] ],
        "require_targeting_player": true,
        "require_targeting_npc": true,
        "require_targeting_monster": true,
        "description": "The ghoul opens fire!",
        "targeting_sound": "The ghoul takes aim.",
        "targeting_volume": 15,
        "no_ammo_sound": "chk chk!"
      }
    ],
    "death_drops": "mon_ghoul_raider_death_drops",
    "description": "A ghoul that's somewhat different than the norm. This one has not become feral yet, and still has the vestiges of humanity within its eyes. Whether driven mad by ghoulification or by isolation, this one is in the process of becoming feral, and will lash out at all non-ghouls, including you!",
    "flags": [
      "HUMAN",
      "GOODHEARING",
      "GROUP_MORALE",
      "SEES",
      "HEARS",
      "SMELLS",
      "WARM",
      "SWARMS",
      "BLEED",
      "BASHES",
      "HUMAN",
      "FAT",
      "BONES",
      "PATH_AVOID_DANGER_1",
      "PUSH_MON"
    ],
    "anger_triggers": [ "HURT", "FRIEND_ATTACKED", "PLAYER_CLOSE" ],
    "fear_triggers": [ "FRIEND_DIED" ],
    "categories": [ "CLASSIC" ]
  },
  {
    "type": "MONSTER",
    "id": "mon_raider_lite",
    "name": "Raider",
    "default_faction": "fac_raider",
    "bodytype": "human",
    "species": [ "HUMAN" ],
    "symbol": "R",
    "color": "pink",
    "volume": "62500 ml",
    "weight": 81500,
    "material": "flesh",
    "diff": 10,
    "aggression": 100,
    "morale": 100,
    "speed": 110,
    "melee_skill": 4,
    "melee_dice": 2,
    "melee_dice_sides": 7,
    "melee_cut": 2,
    "dodge": 3,
    "armor_bash": 4,
    "armor_cut": 4,
    "armor_stab": 3,
    "armor_bullet": 3,
    "vision_day": 37,
    "vision_night": 8,
    "path_settings": { "max_dist": 10, "allow_open_doors": true, "allow_climb_stairs": true },
    "hp": 90,
    "death_function": [ "NORMAL" ],
    "death_drops": "mon_raider_death_drops",
    "upgrades": { "half_life": 20, "into_group": "GROUP_RAIDER_UPGRADE" },
    "description": "The raiders of the New England Wasteland are mostly hostile, lawless, chem-addled ruffians who roam the wastes of the greater Boston Area.",
    "flags": [
      "HUMAN",
      "GOODHEARING",
      "GROUP_MORALE",
      "GROUP_BASH",
      "SEES",
      "HEARS",
      "SMELLS",
      "FILTHY",
      "WARM",
      "BASHES",
      "BLEED",
      "HUMAN",
      "FAT",
      "BONES",
      "PUSH_MON",
      "CAN_OPEN_DOORS",
      "PATH_AVOID_DANGER_1",
      "SWARMS"
    ],
    "anger_triggers": [ "HURT", "FRIEND_ATTACKED", "FRIEND_DIED" ],
    "fear_triggers": [ "FRIEND_DIED" ],
    "placate_triggers": [ "MEAT" ],
    "categories": [ "CLASSIC" ]
  },
  {
    "type": "MONSTER",
    "id": "mon_raider_melee",
    "name": "Raider Scrapper",
    "default_faction": "fac_raider",
    "bodytype": "human",
    "species": [ "HUMAN" ],
    "symbol": "S",
    "color": "red",
    "volume": "62500 ml",
    "weight": 81500,
    "material": "flesh",
    "diff": 10,
    "aggression": 100,
    "morale": 100,
    "speed": 110,
    "melee_skill": 6,
    "melee_dice": 2,
    "melee_dice_sides": 7,
    "melee_cut": 3,
    "dodge": 5,
    "armor_bash": 8,
    "armor_cut": 7,
    "armor_stab": 7,
    "armor_bullet": 7,
    "vision_day": 37,
    "vision_night": 8,
    "path_settings": { "max_dist": 10, "allow_open_doors": true, "allow_climb_stairs": true },
    "hp": 125,
    "special_attacks": [ [ "GRAB", 15 ] ],
    "death_function": [ "NORMAL" ],
    "death_drops": "mon_raider_scrapper_death_drops",
    "description": "The raiders of the New England Wasteland are mostly hostile, lawless, chem-addled ruffians who roam the wastes of the greater Boston Area. This one is equipped with a fairly powerful melee weapon.",
    "flags": [
      "HUMAN",
      "GOODHEARING",
      "GROUP_MORALE",
      "GROUP_BASH",
      "SEES",
      "HEARS",
      "SMELLS",
      "FILTHY",
      "WARM",
      "BLEED",
      "BASHES",
      "HUMAN",
      "FAT",
      "BONES",
      "PUSH_MON",
      "CAN_OPEN_DOORS",
      "PATH_AVOID_DANGER_1"
    ],
    "anger_triggers": [ "HURT", "FRIEND_ATTACKED", "FRIEND_DIED" ],
    "fear_triggers": [ "FRIEND_DIED" ],
    "placate_triggers": [ "MEAT" ],
    "categories": [ "CLASSIC" ]
  },
  {
    "type": "MONSTER",
    "id": "mon_gun_raider",
    "name": "Gun Raider",
    "default_faction": "fac_raider",
    "bodytype": "human",
    "species": [ "HUMAN" ],
    "symbol": "g",
    "color": "red",
    "volume": "62500 ml",
    "weight": 81500,
    "material": "flesh",
    "diff": 15,
    "aggression": 100,
    "morale": 100,
    "regen_morale": true,
    "speed": 95,
    "melee_skill": 3,
    "melee_dice": 2,
    "melee_dice_sides": 5,
    "melee_cut": 2,
    "dodge": 1,
    "armor_bash": 7,
    "armor_cut": 7,
    "armor_stab": 6,
    "armor_bullet": 6,
    "armor_acid": 1,
    "vision_day": 30,
    "vision_night": 8,
    "hp": 85,
    "death_function": [ "NORMAL" ],
    "death_drops": "mon_raider_pistol_death_drops",
    "starting_ammo": { "10mm": 45 },
    "special_attacks": [
      {
        "type": "gun",
        "cooldown": 6,
        "gun_type": "colt6250",
        "ammo_type": "10mm",
        "max_ammo": 100,
        "fake_str": 10,
        "fake_dex": 6,
        "fake_per": 5,
        "fake_skills": [ [ "gun", 1 ], [ "pistol", 2 ] ],
        "move_cost": 100,
        "targeting_cost": 45,
        "ranges": [ [ 3, 14, "DEFAULT" ] ],
        "require_targeting_player": true,
        "require_targeting_npc": true,
        "require_targeting_monster": true,
        "description": "The raider opens fire!",
        "targeting_sound": "The raider takes aim.",
        "targeting_volume": 15,
        "no_ammo_sound": "chk chk!"
      }
    ],
    "description": "The raiders of the New England Wasteland are mostly hostile, lawless, chem-addled ruffians who roam the wastes of the greater Boston Area. This one is equipped with a fairly powerful pistol.",
    "flags": [
      "HUMAN",
      "GOODHEARING",
      "GROUP_MORALE",
      "SEES",
      "HEARS",
      "SMELLS",
      "WARM",
      "SWARMS",
      "BASHES",
      "HUMAN",
      "FAT",
      "BONES",
      "PATH_AVOID_DANGER_1",
      "HIT_AND_RUN",
      "PUSH_MON"
    ],
    "anger_triggers": [ "HURT", "FRIEND_ATTACKED", "PLAYER_CLOSE" ],
    "fear_triggers": [ "FRIEND_DIED" ],
    "categories": [ "CLASSIC" ]
  },
  {
    "type": "MONSTER",
    "id": "mon_rifle_raider",
    "name": "Rifle Raider",
    "default_faction": "fac_raider",
    "bodytype": "human",
    "species": [ "HUMAN" ],
    "symbol": "R",
    "color": "red",
    "volume": "62500 ml",
    "weight": 81500,
    "material": "flesh",
    "diff": 15,
    "aggression": 100,
    "morale": 100,
    "regen_morale": true,
    "speed": 95,
    "melee_skill": 3,
    "melee_dice": 2,
    "melee_dice_sides": 5,
    "melee_cut": 2,
    "dodge": 1,
    "armor_bash": 7,
    "armor_cut": 7,
    "armor_stab": 6,
    "armor_bullet": 6,
    "armor_acid": 1,
    "vision_day": 30,
    "vision_night": 8,
    "hp": 85,
    "death_function": [ "NORMAL" ],
    "death_drops": "mon_raider_rifle_death_drops",
    "starting_ammo": { "5mm": 200 },
    "special_attacks": [
      [ "GRAB", 5 ],
      {
        "type": "gun",
        "cooldown": 4,
        "gun_type": "ak112",
        "ammo_type": "5mm",
        "max_ammo": 500,
        "fake_str": 4,
        "fake_dex": 5,
        "fake_per": 3,
        "fake_int": 1,
        "fake_skills": [ [ "gun", 5 ], [ "rifle", 5 ] ],
        "move_cost": 100,
        "targeting_cost": 40,
        "burst_limit": 3,
        "ranges": [ [ 4, 25, "DEFAULT" ], [ 4, 25, "BURST" ] ],
        "require_targeting_player": true,
        "require_targeting_npc": true,
        "require_targeting_monster": true,
        "targeting_volume": 20,
        "description": "P-P-P-POW",
        "no_ammo_sound": "chk, chk!"
      }
    ],
    "description": "The raiders of the New England Wasteland are mostly hostile, lawless, chem-addled ruffians who roam the wastes of the greater Boston Area. This one is equipped with a fairly powerful rifle.",
    "flags": [
      "HUMAN",
      "GOODHEARING",
      "GROUP_MORALE",
      "SEES",
      "HEARS",
      "SMELLS",
      "WARM",
      "SWARMS",
      "BASHES",
      "HUMAN",
      "FAT",
      "BONES",
      "PATH_AVOID_DANGER_1",
      "PUSH_MON"
    ],
    "anger_triggers": [ "HURT", "FRIEND_ATTACKED", "PLAYER_CLOSE" ],
    "fear_triggers": [ "FRIEND_DIED" ],
    "categories": [ "CLASSIC" ]
  },
  {
    "type": "MONSTER",
    "id": "mon_raider_junkie",
    "name": "Raider Junkie",
    "default_faction": "fac_raider",
    "bodytype": "human",
    "species": [ "HUMAN" ],
    "symbol": "R",
    "color": "red",
    "volume": "62500 ml",
    "weight": 81500,
    "material": "flesh",
    "diff": 10,
    "aggression": 100,
    "morale": 100,
    "speed": 110,
    "melee_skill": 5,
    "melee_dice": 2,
    "melee_dice_sides": 6,
    "melee_cut": 3,
    "dodge": 5,
    "armor_bash": 8,
    "armor_cut": 7,
    "armor_stab": 4,
    "armor_bullet": 4,
    "vision_day": 37,
    "vision_night": 8,
    "path_settings": { "max_dist": 10, "allow_open_doors": true, "allow_climb_stairs": true },
    "hp": 90,
    "death_function": [ "NORMAL" ],
    "death_drops": "mon_raider_junkie_death_drops",
    "description": "The raiders of the New England Wasteland are mostly hostile, lawless, chem-addled ruffians who roam the wastes of the greater Boston Area. This one has an odd look in their eyes, completely out of focus, but also filled with a distinct energy and drug-addled purpose. They're carrying some kind of syringe, better not let them touch you!",
    "special_attacks": [
      {
        "id": "scratch",
        "damage_max_instance": [ { "damage_type": "cut", "amount": 24, "armor_multiplier": 2 } ],
        "effects": [ { "id": "bleed", "duration": 100, "affect_hit_bp": true } ]
      },
      { "id": "inject", "move_cost": 70, "effects": [ { "id": "poison", "duration": 70, "bp": "TORSO" } ] }
    ],
    "flags": [
      "HUMAN",
      "GOODHEARING",
      "GROUP_MORALE",
      "GROUP_BASH",
      "SEES",
      "HEARS",
      "SMELLS",
      "FILTHY",
      "WARM",
      "BASHES",
      "HUMAN",
      "FAT",
      "BONES",
      "PUSH_MON",
      "HIT_AND_RUN",
      "CAN_OPEN_DOORS",
      "PATH_AVOID_DANGER_1",
      "SWARMS"
    ],
    "anger_triggers": [ "HURT", "FRIEND_ATTACKED", "FRIEND_DIED" ],
    "fear_triggers": [ "FRIEND_DIED" ],
    "placate_triggers": [ "MEAT" ],
    "categories": [ "CLASSIC" ]
  },
  {
    "type": "MONSTER",
    "id": "mon_vault_wanderer",
    "name": "vault wanderer",
    "default_faction": "fac_vaulter",
    "bodytype": "human",
    "species": [ "HUMAN" ],
    "symbol": "V",
    "color": "blue_yellow",
    "volume": "62500 ml",
    "weight": 81500,
    "material": "flesh",
    "diff": 10,
    "aggression": 100,
    "morale": 100,
    "speed": 110,
    "melee_skill": 6,
    "melee_dice": 2,
    "melee_dice_sides": 7,
    "melee_cut": 2,
    "dodge": 5,
    "armor_bash": 16,
    "armor_cut": 18,
    "armor_stab": 12,
    "armor_bullet": 12,
    "vision_day": 37,
    "vision_night": 8,
    "path_settings": { "max_dist": 10, "allow_open_doors": true, "allow_climb_stairs": true },
    "hp": 175,
    "death_function": [ "NORMAL" ],
    "death_drops": "mon_human_vault_wanderer_death_drops",
    "special_attacks": [
      {
        "type": "gun",
        "cooldown": 5,
        "gun_type": "mon_laz_rifle_1000",
        "fake_skills": [ [ "gun", 2 ], [ "rifle", 3 ] ],
        "ranges": [ [ 3, 15, "DEFAULT" ] ]
      }
    ],
    "description": "A denizen of one of Vault-Tec's many vaults that elected to leave their subterranean home, whether it was because of wanderlust or desperation is unknown. This wanderer seems particularly powerful.",
    "flags": [
      "HUMAN",
      "GOODHEARING",
      "GROUP_MORALE",
      "GROUP_BASH",
      "SEES",
      "HEARS",
      "SMELLS",
      "WARM",
      "BASHES",
      "BLEED",
      "HUMAN",
      "FAT",
      "BONES",
      "PUSH_MON",
      "CAN_OPEN_DOORS",
      "PATH_AVOID_DANGER_1",
      "SWARMS"
    ],
    "anger_triggers": [ "HURT", "FRIEND_ATTACKED", "FRIEND_DIED" ],
    "fear_triggers": [ "FRIEND_DIED" ],
    "categories": [ "CLASSIC" ]
  },
  {
    "type": "MONSTER",
    "id": "mon_vault_dweller",
    "name": "vault dweller",
    "default_faction": "fac_vaulter",
    "bodytype": "human",
    "species": [ "HUMAN" ],
    "symbol": "V",
    "color": "blue_yellow",
    "volume": "62500 ml",
    "weight": 81500,
    "material": "flesh",
    "diff": 10,
    "aggression": 100,
    "morale": 100,
    "speed": 110,
    "melee_skill": 4,
    "melee_dice": 2,
    "melee_dice_sides": 7,
    "melee_cut": 1,
    "dodge": 4,
    "armor_bash": 7,
    "armor_cut": 7,
    "armor_stab": 5,
    "armor_bullet": 5,
    "vision_day": 37,
    "vision_night": 8,
    "path_settings": { "max_dist": 10, "allow_open_doors": true, "allow_climb_stairs": true },
    "hp": 125,
    "death_function": [ "NORMAL" ],
    "death_drops": "mon_human_vault_dweller_death_drops",
    "upgrades": { "into": "mon_vault_wanderer", "half_life": 40 },
    "starting_ammo": { "10mm": 45 },
    "special_attacks": [
      {
        "type": "gun",
        "cooldown": 6,
        "gun_type": "colt6250",
        "ammo_type": "10mm",
        "max_ammo": 100,
        "fake_str": 10,
        "fake_dex": 6,
        "fake_per": 5,
        "fake_skills": [ [ "gun", 1 ], [ "pistol", 2 ] ],
        "move_cost": 100,
        "targeting_cost": 45,
        "ranges": [ [ 4, 14, "DEFAULT" ] ],
        "require_targeting_player": true,
        "require_targeting_npc": true,
        "require_targeting_monster": true,
        "description": "The vault dweller opens fire!",
        "targeting_sound": "The vault dweller takes aim.",
        "targeting_volume": 15,
        "no_ammo_sound": "chk chk!"
      }
    ],
    "description": "A denizen of one of Vault-Tec's many vaults that elected to leave their subterranean home, whether it was because of wanderlust or desperation is unknown. This one seems to be a bit of a novice.",
    "flags": [
      "HUMAN",
      "GOODHEARING",
      "GROUP_MORALE",
      "GROUP_BASH",
      "SEES",
      "HEARS",
      "SMELLS",
      "WARM",
      "BASHES",
      "BLEED",
      "HUMAN",
      "FAT",
      "BONES",
      "PUSH_MON",
      "CAN_OPEN_DOORS",
      "PATH_AVOID_DANGER_1",
      "SWARMS"
    ],
    "anger_triggers": [ "HURT", "FRIEND_ATTACKED", "FRIEND_DIED" ],
    "fear_triggers": [ "FRIEND_DIED" ],
    "categories": [ "CLASSIC" ]
  },
  {
    "type": "MONSTER",
    "id": "mon_huboligist",
    "name": "Hubologist",
    "default_faction": "fac_raider",
    "bodytype": "human",
    "species": [ "HUMAN" ],
    "symbol": "H",
    "color": "cyan",
    "volume": "62500 ml",
    "weight": 81500,
    "material": "flesh",
    "diff": 10,
    "aggression": 100,
    "morale": 100,
    "speed": 110,
    "melee_skill": 6,
    "melee_dice": 2,
    "melee_dice_sides": 7,
    "melee_cut": 2,
    "dodge": 4,
    "armor_bash": 4,
    "armor_cut": 4,
    "armor_stab": 3,
    "armor_bullet": 3,
    "vision_day": 37,
    "vision_night": 8,
    "special_attacks": [ [ "SMASH", 30 ], [ "GRAB_DRAG", 20 ] ],
    "path_settings": { "max_dist": 10, "allow_open_doors": true, "allow_climb_stairs": true },
    "hp": 130,
    "death_function": [ "NORMAL" ],
    "death_drops": "mon_hubologist_death_drops",
    "description": "A member of the mysterious cult who believe in something known as Hubology. They have a hostile aura emanating from them.",
    "flags": [
      "HUMAN",
      "GOODHEARING",
      "GROUP_MORALE",
      "GROUP_BASH",
      "SEES",
      "HEARS",
      "SMELLS",
      "WARM",
      "BASHES",
      "BLEED",
      "FAT",
      "BONES",
      "PUSH_MON",
      "CAN_OPEN_DOORS",
      "DESTROYS",
      "PATH_AVOID_DANGER_1",
      "SWARMS"
    ],
    "anger_triggers": [ "HURT", "FRIEND_ATTACKED", "FRIEND_DIED" ],
    "fear_triggers": [ "FRIEND_DIED" ],
    "placate_triggers": [ "MEAT" ],
    "categories": [ "CLASSIC" ]
  },
  {
    "type": "MONSTER",
    "id": "mon_ghoul_chinese",
    "name": "Chinese Trooper Ghoul",
    "default_faction": "ghoul",
    "bodytype": "human",
    "species": [ "ZOMBIE", "HUMAN" ],
    "symbol": "C",
    "color": "red",
    "volume": "62500 ml",
    "weight": 81500,
    "material": "flesh",
    "diff": 15,
    "aggression": 100,
    "morale": 100,
    "regen_morale": true,
    "speed": 95,
    "melee_skill": 3,
    "melee_dice": 2,
    "melee_dice_sides": 5,
    "melee_cut": 2,
    "dodge": 1,
    "armor_bash": 7,
    "armor_cut": 7,
    "armor_stab": 5,
    "armor_bullet": 5,
    "armor_acid": 1,
    "vision_day": 30,
    "vision_night": 8,
    "hp": 85,
    "death_function": [ "NORMAL" ],
    "death_drops": "mon_chinese_rifle_death_drops",
    "starting_ammo": { "545": 150 },
    "special_attacks": [
      [ "GRAB", 5 ],
      {
        "type": "gun",
        "cooldown": 4,
        "gun_type": "ak74",
        "ammo_type": "545",
        "max_ammo": 500,
        "fake_str": 4,
        "fake_dex": 5,
        "fake_per": 3,
        "fake_int": 1,
        "fake_skills": [ [ "gun", 5 ], [ "rifle", 5 ] ],
        "move_cost": 100,
        "targeting_cost": 40,
        "burst_limit": 3,
        "ranges": [ [ 4, 25, "DEFAULT" ], [ 4, 25, "BURST" ] ],
        "require_targeting_player": true,
        "require_targeting_npc": true,
        "require_targeting_monster": true,
        "targeting_volume": 20,
        "description": "P-P-P-POW",
        "no_ammo_sound": "chk, chk!"
      }
    ],
    "description": "A pre-war Chinese soldier who has been transformed by the radioactive storms that proliferated after the great war. His immense longevity has granted him countless combat opportunities over the years.",
    "flags": [
      "HUMAN",
      "GOODHEARING",
      "GROUP_MORALE",
      "SEES",
      "HEARS",
      "SMELLS",
      "WARM",
      "SWARMS",
      "BLEED",
      "BASHES",
      "HUMAN",
      "FAT",
      "BONES",
      "PATH_AVOID_DANGER_1",
      "PUSH_MON"
    ],
    "anger_triggers": [ "HURT", "FRIEND_ATTACKED", "PLAYER_CLOSE" ],
    "fear_triggers": [ "FRIEND_DIED" ],
    "categories": [ "CLASSIC" ]
  },
  {
    "type": "MONSTER",
    "id": "mon_power_arm_a",
    "name": "Armored Wanderer",
    "default_faction": "fac_vaulter",
    "bodytype": "human",
    "species": [ "HUMAN" ],
    "symbol": "A",
    "color": "red",
    "volume": "62500 ml",
    "weight": 81500,
    "material": "flesh",
    "diff": 10,
    "aggression": 100,
    "morale": 100,
    "speed": 110,
    "melee_skill": 6,
    "melee_dice": 2,
    "melee_dice_sides": 7,
    "melee_cut": 2,
    "dodge": 3,
    "armor_bash": 35,
    "armor_cut": 30,
    "armor_stab": 23,
    "armor_bullet": 23,
    "vision_day": 37,
    "vision_night": 8,
    "path_settings": { "max_dist": 10, "allow_open_doors": true, "allow_climb_stairs": true },
    "hp": 240,
    "death_function": [ "NORMAL" ],
    "death_drops": "mon_human_powerwan_melee_death_drops",
    "description": "This mysterious wanderer is outfitted with a rare suit of power armor, they appear to be carrying a powerful melee weapon of some kind.",
    "flags": [
      "HUMAN",
      "GOODHEARING",
      "GROUP_MORALE",
      "GROUP_BASH",
      "SEES",
      "HEARS",
      "SMELLS",
      "WARM",
      "BASHES",
      "BLEED",
      "HUMAN",
      "FAT",
      "BONES",
      "PUSH_MON",
      "CAN_OPEN_DOORS",
      "PATH_AVOID_DANGER_1",
      "SWARMS"
    ],
    "anger_triggers": [ "HURT", "FRIEND_ATTACKED", "FRIEND_DIED" ],
    "fear_triggers": [ "FRIEND_DIED" ],
    "placate_triggers": [ "MEAT" ],
    "categories": [ "CLASSIC" ]
  },
  {
    "type": "MONSTER",
    "id": "mon_power_arm_b",
    "name": "Armored Wanderer",
    "default_faction": "fac_vaulter",
    "bodytype": "human",
    "species": [ "HUMAN" ],
    "symbol": "A",
    "color": "red",
    "volume": "62500 ml",
    "weight": 81500,
    "material": "flesh",
    "diff": 10,
    "aggression": 100,
    "morale": 100,
    "speed": 110,
    "melee_skill": 6,
    "melee_dice": 2,
    "melee_dice_sides": 7,
    "melee_cut": 2,
    "dodge": 3,
    "armor_bash": 35,
    "armor_cut": 30,
    "armor_stab": 23,
    "armor_bullet": 23,
    "vision_day": 37,
    "vision_night": 8,
    "path_settings": { "max_dist": 10, "allow_open_doors": true, "allow_climb_stairs": true },
    "hp": 240,
    "death_function": [ "NORMAL" ],
    "death_drops": "mon_human_powerwan_gun_death_drops",
    "special_attacks": [
      {
        "type": "gun",
        "cooldown": 5,
        "gun_type": "mon_laz_rifle_1000",
        "fake_skills": [ [ "gun", 2 ], [ "rifle", 3 ] ],
        "ranges": [ [ 3, 15, "DEFAULT" ] ]
      }
    ],
    "description": "This mysterious wanderer is outfitted with a rare suit of power armor, they appear to be carrying a powerful energy weapon of some kind.",
    "flags": [
      "HUMAN",
      "GOODHEARING",
      "GROUP_MORALE",
      "GROUP_BASH",
      "SEES",
      "HEARS",
      "SMELLS",
      "WARM",
      "BASHES",
      "BLEED",
      "HUMAN",
      "FAT",
      "BONES",
      "PUSH_MON",
      "CAN_OPEN_DOORS",
      "PATH_AVOID_DANGER_1",
      "SWARMS"
    ],
    "anger_triggers": [ "HURT", "FRIEND_ATTACKED", "FRIEND_DIED" ],
    "fear_triggers": [ "FRIEND_DIED" ],
    "placate_triggers": [ "MEAT" ],
    "categories": [ "CLASSIC" ]
  },
  {
    "type": "MONSTER",
    "id": "mon_chinese_shock_ghoul",
    "name": "Chinese Ghoul Officer",
    "default_faction": "ghoul",
    "bodytype": "human",
    "species": [ "ZOMBIE", "HUMAN" ],
    "symbol": "C",
    "color": "red",
    "volume": "62500 ml",
    "weight": 81500,
    "material": "flesh",
    "diff": 10,
    "aggression": 100,
    "morale": 100,
    "speed": 110,
    "melee_skill": 6,
    "melee_dice": 2,
    "melee_dice_sides": 8,
    "melee_cut": 7,
    "dodge": 5,
    "armor_bash": 8,
    "armor_cut": 7,
    "armor_stab": 4,
    "armor_bullet": 4,
    "vision_day": 37,
    "vision_night": 8,
    "path_settings": { "max_dist": 10, "allow_open_doors": true, "allow_climb_stairs": true },
    "hp": 120,
    "death_function": [ "NORMAL" ],
    "death_drops": "mon_chinese_shock_death_drops",
    "special_attacks": [ [ "GRAB", 10 ], [ "TAZER", 25 ] ],
    "description": "A pre-war Chinese soldier who has been transformed by the radioactive storms that proliferated after the great war. His immense longevity has granted him countless combat opportunities over the years. This one appears to have a shocksword, arcing with lethal intent.",
    "flags": [
      "HUMAN",
      "GOODHEARING",
      "GROUP_MORALE",
      "GROUP_BASH",
      "SEES",
      "HEARS",
      "SMELLS",
      "FILTHY",
      "WARM",
      "BLEED",
      "BASHES",
      "HUMAN",
      "FAT",
      "BONES",
      "PUSH_MON",
      "HIT_AND_RUN",
      "CAN_OPEN_DOORS",
      "ELECTRIC",
      "PATH_AVOID_DANGER_1",
      "SWARMS"
    ],
    "anger_triggers": [ "HURT", "FRIEND_ATTACKED", "FRIEND_DIED" ],
    "fear_triggers": [ "FRIEND_DIED" ],
    "placate_triggers": [ "MEAT" ],
    "categories": [ "CLASSIC" ]
  },
  {
    "type": "MONSTER",
    "id": "mon_lobotomite_a",
    "name": "Lobotomite",
    "default_faction": "fac_raider",
    "bodytype": "human",
    "species": [ "ZOMBIE", "HUMAN" ],
    "symbol": "L",
    "color": "green",
    "volume": "62500 ml",
    "weight": 81500,
    "material": "flesh",
    "diff": 10,
    "aggression": 100,
    "morale": 100,
    "speed": 110,
    "melee_skill": 6,
    "melee_dice": 2,
    "melee_dice_sides": 8,
    "melee_cut": 3,
    "dodge": 5,
    "armor_bash": 8,
    "armor_cut": 7,
    "armor_stab": 4,
    "armor_bullet": 4,
    "vision_day": 37,
    "vision_night": 8,
    "path_settings": { "max_dist": 10, "allow_open_doors": true, "allow_climb_stairs": true },
    "hp": 110,
    "death_function": [ "NORMAL" ],
    "death_drops": "mon_lobotomite_death_drops",
    "special_attacks": [ [ "GRAB", 18 ] ],
    "harvest": "CBM_BASIC",
    "description": "Lobotomites are the result of medical experiments performed at Big MT. Most were residents or wanderers of the Mojave Wasteland unfortunate enough to have been collected by the Big MT drones before having all of their major organs replaced with electronic equivalents. Might contain bionics.",
    "flags": [
      "HUMAN",
      "GOODHEARING",
      "GROUP_MORALE",
      "GROUP_BASH",
      "SEES",
      "HEARS",
      "SMELLS",
      "FILTHY",
      "WARM",
      "BLEED",
      "BASHES",
      "HUMAN",
      "FAT",
      "BONES",
      "PUSH_MON",
      "CAN_OPEN_DOORS",
      "PATH_AVOID_DANGER_1",
      "SWARMS"
    ],
    "anger_triggers": [ "HURT", "FRIEND_ATTACKED", "FRIEND_DIED" ],
    "fear_triggers": [ "FRIEND_DIED" ],
    "placate_triggers": [ "MEAT" ],
    "categories": [ "CLASSIC" ]
  },
  {
    "type": "MONSTER",
    "id": "mon_supmutant",
    "name": "Super Mutant",
    "default_faction": "fac_supmutant",
    "bodytype": "human",
    "species": [ "MUTANT" ],
    "symbol": "S",
    "color": "green",
    "volume": "875000 ml",
    "weight": "200 kg",
    "material": "flesh",
    "diff": 10,
    "aggression": 100,
    "morale": 100,
    "speed": 95,
    "melee_skill": 4,
    "melee_dice": 3,
    "melee_dice_sides": 7,
    "melee_cut": 3,
    "dodge": 3,
    "armor_bash": 6,
    "armor_cut": 4,
    "armor_stab": 1,
    "armor_bullet": 1,
    "vision_day": 37,
    "vision_night": 8,
    "path_settings": { "max_dist": 10, "allow_open_doors": true, "allow_climb_stairs": true },
    "hp": 230,
    "death_function": [ "NORMAL" ],
    "death_drops": "mon_supermutant_death_drops",
    "upgrades": { "half_life": 20, "into_group": "GROUP_SUPMUTANT_UPGRADE" },
    "special_attacks": [ [ "GRAB", 18 ] ],
    "description": "These mutants are almost invariably hostile, borderline feral, and completely asexual. A product of the forced evolution virus, they act as hostile creatures barely capable of speech or coherent social organization, but are considered a major threat by most wastelanders.",
    "flags": [
      "GOODHEARING",
      "GROUP_MORALE",
      "GROUP_BASH",
      "SEES",
      "HEARS",
      "SMELLS",
      "FILTHY",
      "WARM",
      "BLEED",
      "BASHES",
      "FAT",
      "BONES",
      "PUSH_MON",
      "CAN_OPEN_DOORS",
      "PATH_AVOID_DANGER_1"
    ],
    "anger_triggers": [ "HURT", "FRIEND_ATTACKED", "FRIEND_DIED" ],
    "fear_triggers": [ "FRIEND_DIED" ],
    "placate_triggers": [ "MEAT" ],
    "categories": [ "CLASSIC" ]
  },
  {
    "type": "MONSTER",
    "id": "mon_supmutant_brute_a",
    "name": "Super Mutant Brute",
    "default_faction": "fac_supmutant",
    "bodytype": "human",
    "species": [ "MUTANT" ],
    "symbol": "B",
    "color": "green",
    "volume": "875000 ml",
    "weight": "200 kg",
    "material": "flesh",
    "diff": 10,
    "aggression": 100,
    "morale": 100,
    "speed": 95,
    "melee_skill": 5,
    "melee_dice": 4,
    "melee_dice_sides": 8,
    "melee_cut": 3,
    "dodge": 4,
    "armor_bash": 17,
    "armor_cut": 13,
    "armor_stab": 6,
    "armor_bullet": 6,
    "vision_day": 37,
    "vision_night": 8,
    "path_settings": { "max_dist": 10, "allow_open_doors": true, "allow_climb_stairs": true },
    "hp": 280,
    "death_function": [ "NORMAL" ],
    "death_drops": "mon_supermutant_death_drops",
    "upgrades": { "half_life": 40, "into": "mon_supmutant_master_a" },
    "special_attacks": [ [ "SMASH", 32 ], [ "GRAB_DRAG", 20 ] ],
    "description": "These mutants are almost invariably hostile, borderline feral, and completely asexual. A product of the forced evolution virus, they act as hostile creatures barely capable of speech or coherent social organization, but are considered a major threat by most wastelanders. This one has more armor than usual, and is seemingly more experienced.",
    "flags": [
      "GOODHEARING",
      "GROUP_MORALE",
      "GROUP_BASH",
      "SEES",
      "HEARS",
      "SMELLS",
      "FILTHY",
      "WARM",
      "BLEED",
      "BASHES",
      "FAT",
      "BONES",
      "PUSH_MON",
      "CAN_OPEN_DOORS",
      "PATH_AVOID_DANGER_1"
    ],
    "anger_triggers": [ "HURT", "FRIEND_ATTACKED", "FRIEND_DIED" ],
    "fear_triggers": [ "FRIEND_DIED" ],
    "placate_triggers": [ "MEAT" ],
    "categories": [ "CLASSIC" ]
  },
  {
    "type": "MONSTER",
    "id": "mon_supmutant_brute_b",
    "name": "Super Mutant Gun Brute",
    "default_faction": "fac_supmutant",
    "bodytype": "human",
    "species": [ "MUTANT" ],
    "symbol": "B",
    "color": "green",
    "volume": "875000 ml",
    "weight": "200 kg",
    "material": "flesh",
    "diff": 10,
    "aggression": 100,
    "morale": 100,
    "speed": 95,
    "melee_skill": 5,
    "melee_dice": 4,
    "melee_dice_sides": 8,
    "melee_cut": 3,
    "dodge": 4,
    "armor_bash": 12,
    "armor_cut": 10,
    "armor_stab": 6,
    "armor_bullet": 6,
    "vision_day": 37,
    "vision_night": 8,
    "path_settings": { "max_dist": 10, "allow_open_doors": true, "allow_climb_stairs": true },
    "hp": 280,
    "death_function": [ "NORMAL" ],
    "death_drops": "mon_supermutant_gun_a_death_drops",
    "upgrades": { "half_life": 40, "into": "mon_supmutant_master_b" },
    "description": "These mutants are almost invariably hostile, borderline feral, and completely asexual. A product of the forced evolution virus, they act as hostile creatures barely capable of speech or coherent social organization, but are considered a major threat by most wastelanders. This one has more armor than usual, and is seemingly more experienced. This one is armed with a rifle of some kind.",
    "flags": [
      "GOODHEARING",
      "GROUP_MORALE",
      "GROUP_BASH",
      "SEES",
      "HEARS",
      "SMELLS",
      "FILTHY",
      "WARM",
      "BLEED",
      "BASHES",
      "FAT",
      "BONES",
      "PUSH_MON",
      "CAN_OPEN_DOORS",
      "PATH_AVOID_DANGER_1"
    ],
    "starting_ammo": { "223": 50 },
    "special_attacks": [
      {
        "type": "gun",
        "cooldown": 6,
        "gun_type": "bot_colt_rangemaster",
        "ammo_type": "223",
        "max_ammo": 100,
        "fake_str": 10,
        "fake_dex": 6,
        "fake_per": 5,
        "fake_skills": [ [ "gun", 1 ], [ "rifle", 2 ] ],
        "move_cost": 110,
        "targeting_cost": 45,
        "ranges": [ [ 3, 14, "DEFAULT" ] ],
        "require_targeting_player": true,
        "require_targeting_npc": true,
        "require_targeting_monster": true,
        "description": "The super mutant opens fire!",
        "targeting_sound": "The super mutant takes aim.",
        "targeting_volume": 15,
        "no_ammo_sound": "chk chk!"
      }
    ],
    "anger_triggers": [ "HURT", "FRIEND_ATTACKED", "FRIEND_DIED" ],
    "fear_triggers": [ "FRIEND_DIED" ],
    "placate_triggers": [ "MEAT" ],
    "categories": [ "CLASSIC" ]
  },
  {
    "type": "MONSTER",
    "id": "mon_supmutant_master_a",
    "name": "Super Mutant Master",
    "default_faction": "fac_supmutant",
    "bodytype": "human",
    "species": [ "MUTANT" ],
    "symbol": "M",
    "color": "green",
    "volume": "875000 ml",
    "weight": "200 kg",
    "material": "flesh",
    "diff": 10,
    "aggression": 100,
    "morale": 100,
    "speed": 95,
    "melee_skill": 6,
    "melee_dice": 4,
    "melee_dice_sides": 8,
    "melee_cut": 3,
    "dodge": 4,
    "armor_bash": 25,
    "armor_cut": 25,
    "armor_stab": 11,
    "armor_bullet": 11,
    "vision_day": 37,
    "vision_night": 8,
    "path_settings": { "max_dist": 10, "allow_open_doors": true, "allow_climb_stairs": true },
    "hp": 410,
    "death_function": [ "NORMAL" ],
    "death_drops": "mon_supermutant_mut_death_drops",
    "special_attacks": [ [ "SMASH", 25 ], [ "GRAB_DRAG", 20 ] ],
    "description": "These mutants are almost invariably hostile, borderline feral, and completely asexual. A product of the forced evolution virus, they act as hostile creatures barely capable of speech or coherent social organization, but are considered a major threat by most wastelanders. This one is equipped with a suit of armor, and is seemingly larger and more imposing than other Super Mutants.",
    "flags": [
      "GOODHEARING",
      "GROUP_MORALE",
      "GROUP_BASH",
      "SEES",
      "HEARS",
      "SMELLS",
      "FILTHY",
      "WARM",
      "BLEED",
      "BASHES",
      "FAT",
      "BONES",
      "PUSH_MON",
      "CAN_OPEN_DOORS",
      "PATH_AVOID_DANGER_1",
      "PUSH_VEH"
    ],
    "anger_triggers": [ "HURT", "FRIEND_ATTACKED", "FRIEND_DIED" ],
    "fear_triggers": [ "FRIEND_DIED" ],
    "placate_triggers": [ "MEAT" ],
    "categories": [ "CLASSIC" ]
  },
  {
    "type": "MONSTER",
    "id": "mon_supmutant_master_b",
    "name": "Super Mutant Gun Master",
    "default_faction": "fac_supmutant",
    "bodytype": "human",
    "species": [ "MUTANT" ],
    "symbol": "M",
    "color": "green",
    "volume": "875000 ml",
    "weight": "200 kg",
    "material": "flesh",
    "diff": 10,
    "aggression": 100,
    "morale": 100,
    "speed": 95,
    "melee_skill": 6,
    "melee_dice": 3,
    "melee_dice_sides": 8,
    "melee_cut": 3,
    "dodge": 4,
    "armor_bash": 25,
    "armor_cut": 25,
    "armor_stab": 11,
    "armor_bullet": 11,
    "vision_day": 37,
    "vision_night": 8,
    "path_settings": { "max_dist": 10, "allow_open_doors": true, "allow_climb_stairs": true },
    "hp": 390,
    "death_function": [ "NORMAL" ],
    "death_drops": "mon_supermutant_gun_b_death_drops",
    "description": "These mutants are almost invariably hostile, borderline feral, and completely asexual. A product of the forced evolution virus, they act as hostile creatures barely capable of speech or coherent social organization, but are considered a major threat by most wastelanders. This one is equipped with a suit of armor, and is seemingly larger and more imposing than other Super Mutants.",
    "flags": [
      "GOODHEARING",
      "GROUP_MORALE",
      "GROUP_BASH",
      "SEES",
      "HEARS",
      "SMELLS",
      "FILTHY",
      "WARM",
      "BLEED",
      "BASHES",
      "FAT",
      "BONES",
      "PUSH_MON",
      "CAN_OPEN_DOORS",
      "PATH_AVOID_DANGER_1",
      "PUSH_VEH"
    ],
    "starting_ammo": { "5mm": 150 },
    "special_attacks": [
      [ "GRAB", 15 ],
      {
        "type": "gun",
        "cooldown": 4,
        "gun_type": "ak112",
        "ammo_type": "5mm",
        "max_ammo": 500,
        "fake_str": 4,
        "fake_dex": 5,
        "fake_per": 3,
        "fake_int": 1,
        "fake_skills": [ [ "gun", 5 ], [ "rifle", 5 ] ],
        "move_cost": 110,
        "targeting_cost": 40,
        "burst_limit": 3,
        "ranges": [ [ 4, 20, "DEFAULT" ], [ 4, 20, "BURST" ] ],
        "require_targeting_player": true,
        "require_targeting_npc": true,
        "require_targeting_monster": true,
        "targeting_volume": 20,
        "description": "P-P-P-POW",
        "no_ammo_sound": "chk, chk!"
      }
    ],
    "anger_triggers": [ "HURT", "FRIEND_ATTACKED", "FRIEND_DIED" ],
    "fear_triggers": [ "FRIEND_DIED" ],
    "placate_triggers": [ "MEAT" ],
    "categories": [ "CLASSIC" ]
  },
  {
    "type": "MONSTER",
    "id": "mon_supmutant_vault",
    "name": "Vault Super Mutant",
    "default_faction": "fac_supmutant",
    "bodytype": "human",
    "species": [ "MUTANT" ],
    "symbol": "S",
    "color": "green",
    "volume": "875000 ml",
    "weight": "200 kg",
    "material": "flesh",
    "diff": 10,
    "aggression": 100,
    "morale": 100,
    "speed": 95,
    "melee_skill": 5,
    "melee_dice": 2,
    "melee_dice_sides": 8,
    "melee_cut": 3,
    "dodge": 4,
    "armor_bash": 12,
    "armor_cut": 10,
    "armor_stab": 6,
    "armor_bullet": 6,
    "vision_day": 37,
    "vision_night": 8,
    "path_settings": { "max_dist": 10, "allow_open_doors": true, "allow_climb_stairs": true },
    "hp": 350,
    "death_function": [ "NORMAL" ],
    "death_drops": "mon_supmutant_vault_death_drops",
    "description": "These mutants are almost invariably hostile, borderline feral, and completely asexual. A product of the forced evolution virus, they act as hostile creatures barely capable of speech or coherent social organization, but are considered a major threat by most wastelanders. This one wears the tattered remains of a vault suit.",
    "flags": [
      "GOODHEARING",
      "GROUP_MORALE",
      "GROUP_BASH",
      "SEES",
      "HEARS",
      "SMELLS",
      "FILTHY",
      "WARM",
      "BLEED",
      "BASHES",
      "FAT",
      "BONES",
      "PUSH_MON",
      "CAN_OPEN_DOORS",
      "PATH_AVOID_DANGER_1"
    ],
    "starting_ammo": { "10mm": 150 },
    "special_attacks": [
      {
        "type": "gun",
        "cooldown": 6,
        "gun_type": "colt6250",
        "ammo_type": "10mm",
        "max_ammo": 100,
        "fake_str": 10,
        "fake_dex": 6,
        "fake_per": 5,
        "fake_skills": [ [ "gun", 1 ], [ "pistol", 2 ] ],
        "move_cost": 100,
        "targeting_cost": 45,
        "ranges": [ [ 3, 14, "DEFAULT" ] ],
        "require_targeting_player": true,
        "require_targeting_npc": true,
        "require_targeting_monster": true,
        "description": "The vault super mutant opens fire!",
        "targeting_sound": "The vault super mutant takes aim.",
        "targeting_volume": 15,
        "no_ammo_sound": "chk chk!"
      }
    ],
    "anger_triggers": [ "HURT", "FRIEND_ATTACKED", "FRIEND_DIED" ],
    "fear_triggers": [ "FRIEND_DIED" ],
    "placate_triggers": [ "MEAT" ],
    "categories": [ "CLASSIC" ]
  },
  {
    "type": "MONSTER",
    "id": "mon_sup_nightkin",
    "name": "Nightkin",
    "default_faction": "fac_supmutant",
    "bodytype": "human",
    "species": [ "MUTANT" ],
    "symbol": "N",
    "color": "green",
    "volume": "875000 ml",
    "weight": "200 kg",
    "material": "flesh",
    "diff": 10,
    "aggression": 100,
    "morale": 100,
    "speed": 110,
    "melee_skill": 5,
    "melee_dice": 3,
    "melee_dice_sides": 8,
    "melee_cut": 5,
    "dodge": 6,
    "armor_bash": 9,
    "armor_cut": 9,
    "armor_stab": 5,
    "armor_bullet": 5,
    "vision_day": 37,
    "vision_night": 8,
    "path_settings": { "max_dist": 10, "allow_open_doors": true, "allow_climb_stairs": true },
    "hp": 350,
    "death_function": [ "NORMAL" ],
    "death_drops": "mon_supermutant_death_drops",
    "special_attacks": [ [ "GRAB", 18 ] ],
    "description": "These mutants are almost invariably hostile, borderline feral, and completely asexual. A product of the forced evolution virus, they act as hostile creatures barely capable of speech or coherent social organization, but are considered a major threat by most wastelanders. This a nightkin, a brand of Super Mutant driven half-crazy by stealth boys. They can be very hard to see at times.",
    "flags": [
      "GOODHEARING",
      "GROUP_MORALE",
      "GROUP_BASH",
      "SEES",
      "HEARS",
      "SMELLS",
      "FILTHY",
      "WARM",
      "BLEED",
      "BASHES",
      "FAT",
      "BONES",
      "PUSH_MON",
      "CAN_OPEN_DOORS",
      "PATH_AVOID_DANGER_1",
      "NIGHT_INVISIBILITY"
    ],
    "anger_triggers": [ "HURT", "FRIEND_ATTACKED", "FRIEND_DIED" ],
    "fear_triggers": [ "FRIEND_DIED" ],
    "placate_triggers": [ "MEAT" ],
    "categories": [ "CLASSIC" ]
  },
  {
    "type": "MONSTER",
    "id": "mon_sup_behemoth",
    "name": "Super Mutant Behemoth",
    "default_faction": "fac_supmutant",
    "bodytype": "human",
    "species": [ "MUTANT" ],
    "symbol": "B",
    "color": "red",
    "volume": "1275000 ml",
    "weight": "600 kg",
    "material": "flesh",
    "diff": 10,
    "aggression": 100,
    "morale": 100,
    "speed": 110,
    "melee_skill": 5,
    "melee_dice": 3,
    "melee_dice_sides": 6,
    "melee_cut": 5,
    "dodge": 1,
    "armor_bash": 10,
    "armor_cut": 15,
    "armor_stab": 5,
    "armor_bullet": 5,
    "vision_day": 37,
    "vision_night": 8,
    "path_settings": { "max_dist": 10, "allow_open_doors": true, "allow_climb_stairs": true },
    "hp": 650,
    "death_function": [ "NORMAL" ],
    "death_drops": "mon_supermutant_behemoth_death_drops",
    "special_attacks": [ [ "SMASH", 30 ], [ "GRAB_DRAG", 20 ] ],
    "description": "These mutants are almost invariably hostile, borderline feral, and completely asexual. A product of the forced evolution virus, they act as hostile creatures barely capable of speech or coherent social organization, but are considered a major threat by most wastelanders. This a behemoth, a type of Super Mutant that dwarfs even Super Mutant Masters. Beware!",
    "flags": [
      "GOODHEARING",
      "GROUP_MORALE",
      "GROUP_BASH",
      "SEES",
      "HEARS",
      "SMELLS",
      "FILTHY",
      "WARM",
      "BLEED",
      "BASHES",
      "FAT",
      "BONES",
      "PUSH_MON",
      "CAN_OPEN_DOORS",
      "PATH_AVOID_DANGER_1",
      "SWARMS",
      "PUSH_VEH",
      "DESTROYS"
    ],
    "anger_triggers": [ "HURT", "FRIEND_ATTACKED", "FRIEND_DIED" ],
    "fear_triggers": [ "FRIEND_DIED" ],
    "placate_triggers": [ "MEAT" ],
    "categories": [ "CLASSIC" ]
  }
]
