[
  {
    "result": "broken_floating_eye_bot",
    "type": "uncraft",
    "skill_used": "electronics",
    "difficulty": 6,
    "time": "1 h",
    "using": [ [ "soldering_standard", 20 ], [ "welding_standard", 5 ] ],
    "qualities": [ { "id": "SCREW", "level": 1 }, { "id": "SAW_M", "level": 1 } ],
    "components": [
      [ [ "ai_module_basic", 1 ] ],
      [ [ "RAM", 1 ] ],
      [ [ "small_storage_battery", 1 ] ],
      [ [ "scrap", 1 ] ],
      [ [ "quad_rotors", 1 ] ],
      [ [ "sensor_module", 1 ] ],
      [ [ "identification_module", 1 ] ],
      [ [ "tazer", 1 ] ]
    ]
  },
  {
    "result": "broken_assaultron_army",
    "type": "uncraft",
    "skill_used": "electronics",
    "difficulty": 6,
    "time": "190 m",
    "using": [ [ "soldering_standard", 20 ], [ "welding_standard", 5 ] ],
    "qualities": [ { "id": "SCREW", "level": 1 }, { "id": "SAW_M", "level": 1 } ],
    "components": [
      [ [ "ai_module", 1 ] ],
      [ [ "self_monitoring_module", 1 ] ],
      [ [ "sensor_module", 1 ] ],
      [ [ "memory_module", 1 ] ],
      [ [ "pathfinding_module", 1 ] ],
      [ [ "identification_module", 1 ] ],
      [ [ "android_legs", 1 ] ],
      [ [ "android_chassis", 1 ] ],
      [ [ "android_arms", 1 ] ],
      [ [ "medium_storage_battery", 1 ] ],
      [ [ "sheet_metal_small", 5 ] ],
      [ [ "plut_cell", 5 ] ],
      [ [ "kevlar_plate", 3 ] ],
      [ [ "lens", 1 ] ],
      [ [ "amplifier", 1 ] ]
    ]
  },
  {
    "result": "broken_protectron_army",
    "type": "uncraft",
    "skill_used": "electronics",
    "difficulty": 6,
    "time": "150 m",
    "using": [ [ "soldering_standard", 20 ], [ "welding_standard", 5 ] ],
    "qualities": [ { "id": "SCREW", "level": 1 }, { "id": "SAW_M", "level": 1 } ],
    "components": [
      [ [ "ai_module", 1 ] ],
      [ [ "self_monitoring_module", 1 ] ],
      [ [ "sensor_module", 1 ] ],
      [ [ "memory_module", 1 ] ],
      [ [ "pathfinding_module", 1 ] ],
      [ [ "identification_module", 1 ] ],
      [ [ "android_legs", 1 ] ],
      [ [ "android_chassis", 1 ] ],
      [ [ "android_arms", 1 ] ],
      [ [ "medium_storage_battery", 1 ] ],
      [ [ "sheet_metal_small", 5 ] ],
      [ [ "plut_cell", 3 ] ],
      [ [ "kevlar_plate", 2 ] ],
      [ [ "amplifier", 1 ] ]
    ]
  },
  {
    "result": "broken_protectron",
    "type": "uncraft",
    "skill_used": "electronics",
    "difficulty": 6,
    "time": "150 m",
    "using": [ [ "soldering_standard", 20 ], [ "welding_standard", 5 ] ],
    "qualities": [ { "id": "SCREW", "level": 1 }, { "id": "SAW_M", "level": 1 } ],
    "components": [
      [ [ "ai_module", 1 ] ],
      [ [ "self_monitoring_module", 1 ] ],
      [ [ "sensor_module", 1 ] ],
      [ [ "memory_module", 1 ] ],
      [ [ "pathfinding_module", 1 ] ],
      [ [ "identification_module", 1 ] ],
      [ [ "android_legs", 1 ] ],
      [ [ "android_chassis", 1 ] ],
      [ [ "android_arms", 1 ] ],
      [ [ "medium_storage_battery", 1 ] ],
      [ [ "sheet_metal_small", 3 ] ],
      [ [ "plut_cell", 2 ] ],
      [ [ "amplifier", 1 ] ]
    ]
  },
  {
    "result": "broken_protectron_construction",
    "type": "uncraft",
    "skill_used": "electronics",
    "difficulty": 6,
    "time": "150 m",
    "using": [ [ "soldering_standard", 20 ], [ "welding_standard", 5 ] ],
    "qualities": [ { "id": "SCREW", "level": 1 }, { "id": "SAW_M", "level": 1 } ],
    "components": [
      [ [ "ai_module", 1 ] ],
      [ [ "self_monitoring_module", 1 ] ],
      [ [ "sensor_module", 1 ] ],
      [ [ "memory_module", 1 ] ],
      [ [ "pathfinding_module", 1 ] ],
      [ [ "identification_module", 1 ] ],
      [ [ "android_legs", 1 ] ],
      [ [ "android_chassis", 1 ] ],
      [ [ "android_arms", 1 ] ],
      [ [ "medium_storage_battery", 1 ] ],
      [ [ "sheet_metal_small", 3 ] ],
      [ [ "plut_cell", 2 ] ],
      [ [ "amplifier", 1 ] ],
      [ [ "cordless_drill", 1 ] ]
    ]
  },
  {
    "result": "broken_protectron_fire",
    "type": "uncraft",
    "skill_used": "electronics",
    "difficulty": 6,
    "time": "150 m",
    "using": [ [ "soldering_standard", 20 ], [ "welding_standard", 5 ] ],
    "qualities": [ { "id": "SCREW", "level": 1 }, { "id": "SAW_M", "level": 1 } ],
    "components": [
      [ [ "ai_module", 1 ] ],
      [ [ "self_monitoring_module", 1 ] ],
      [ [ "sensor_module", 1 ] ],
      [ [ "memory_module", 1 ] ],
      [ [ "pathfinding_module", 1 ] ],
      [ [ "identification_module", 1 ] ],
      [ [ "android_legs", 1 ] ],
      [ [ "android_chassis", 1 ] ],
      [ [ "android_arms", 1 ] ],
      [ [ "medium_storage_battery", 1 ] ],
      [ [ "sheet_metal_small", 3 ] ],
      [ [ "plut_cell", 2 ] ],
      [ [ "amplifier", 1 ] ],
      [ [ "extinguisher", 1 ] ],
      [ [ "hose", 2 ] ]
    ]
  },
  {
    "result": "broken_protectron_wattz",
    "type": "uncraft",
    "skill_used": "electronics",
    "difficulty": 6,
    "time": "150 m",
    "using": [ [ "soldering_standard", 20 ], [ "welding_standard", 5 ] ],
    "qualities": [ { "id": "SCREW", "level": 1 }, { "id": "SAW_M", "level": 1 } ],
    "components": [
      [ [ "ai_module", 1 ] ],
      [ [ "self_monitoring_module", 1 ] ],
      [ [ "sensor_module", 1 ] ],
      [ [ "memory_module", 1 ] ],
      [ [ "pathfinding_module", 1 ] ],
      [ [ "identification_module", 1 ] ],
      [ [ "android_legs", 1 ] ],
      [ [ "android_chassis", 1 ] ],
      [ [ "android_arms", 1 ] ],
      [ [ "medium_storage_battery", 1 ] ],
      [ [ "sheet_metal_small", 3 ] ],
      [ [ "plut_cell", 2 ] ],
      [ [ "amplifier", 1 ] ]
    ]
  },
  {
    "result": "broken_protectron_takahashi",
    "type": "uncraft",
    "skill_used": "electronics",
    "difficulty": 6,
    "time": "150 m",
    "using": [ [ "soldering_standard", 20 ], [ "welding_standard", 5 ] ],
    "qualities": [ { "id": "SCREW", "level": 1 }, { "id": "SAW_M", "level": 1 } ],
    "components": [
      [ [ "ai_module", 1 ] ],
      [ [ "self_monitoring_module", 1 ] ],
      [ [ "sensor_module", 1 ] ],
      [ [ "memory_module", 1 ] ],
      [ [ "pathfinding_module", 1 ] ],
      [ [ "identification_module", 1 ] ],
      [ [ "android_legs", 1 ] ],
      [ [ "android_chassis", 1 ] ],
      [ [ "android_arms", 1 ] ],
      [ [ "medium_storage_battery", 1 ] ],
      [ [ "sheet_metal_small", 3 ] ],
      [ [ "plut_cell", 2 ] ],
      [ [ "amplifier", 1 ] ]
    ]
  },
  {
    "result": "broken_protectron_subway",
    "type": "uncraft",
    "skill_used": "electronics",
    "difficulty": 6,
    "time": "150 m",
    "using": [ [ "soldering_standard", 20 ], [ "welding_standard", 5 ] ],
    "qualities": [ { "id": "SCREW", "level": 1 }, { "id": "SAW_M", "level": 1 } ],
    "components": [
      [ [ "ai_module", 1 ] ],
      [ [ "self_monitoring_module", 1 ] ],
      [ [ "sensor_module", 1 ] ],
      [ [ "memory_module", 1 ] ],
      [ [ "pathfinding_module", 1 ] ],
      [ [ "identification_module", 1 ] ],
      [ [ "android_legs", 1 ] ],
      [ [ "android_chassis", 1 ] ],
      [ [ "android_arms", 1 ] ],
      [ [ "medium_storage_battery", 1 ] ],
      [ [ "sheet_metal_small", 3 ] ],
      [ [ "plut_cell", 2 ] ],
      [ [ "amplifier", 1 ] ]
    ]
  },
  {
    "result": "broken_protectron_fisto",
    "type": "uncraft",
    "skill_used": "electronics",
    "difficulty": 6,
    "time": "150 m",
    "using": [ [ "soldering_standard", 20 ], [ "welding_standard", 5 ] ],
    "qualities": [ { "id": "SCREW", "level": 1 }, { "id": "SAW_M", "level": 1 } ],
    "components": [
      [ [ "ai_module", 1 ] ],
      [ [ "self_monitoring_module", 1 ] ],
      [ [ "sensor_module", 1 ] ],
      [ [ "memory_module", 1 ] ],
      [ [ "pathfinding_module", 1 ] ],
      [ [ "identification_module", 1 ] ],
      [ [ "android_legs", 1 ] ],
      [ [ "android_chassis", 1 ] ],
      [ [ "android_arms", 1 ] ],
      [ [ "medium_storage_battery", 1 ] ],
      [ [ "sheet_metal_small", 3 ] ],
      [ [ "plut_cell", 2 ] ],
      [ [ "amplifier", 1 ] ]
    ]
  },
  {
    "result": "broken_eyebot_enclave",
    "type": "uncraft",
    "skill_used": "electronics",
    "difficulty": 2,
    "time": "30 m",
    "using": [ [ "soldering_standard", 3 ] ],
    "qualities": [ { "id": "SCREW", "level": 1 } ],
    "components": [
      [ [ "ai_module", 1 ] ],
      [ [ "identification_module", 1 ] ],
      [ [ "pathfinding_module", 1 ] ],
      [ [ "sensor_module", 1 ] ],
      [ [ "small_storage_battery", 1 ] ],
      [ [ "RAM", 1 ] ],
      [ [ "processor", 1 ] ],
      [ [ "scrap", 1 ] ],
      [ [ "quad_rotors", 1 ] ]
    ]
  },
  {
    "result": "broken_eyebot_minutemen",
    "type": "uncraft",
    "skill_used": "electronics",
    "difficulty": 2,
    "time": "30 m",
    "using": [ [ "soldering_standard", 3 ] ],
    "qualities": [ { "id": "SCREW", "level": 1 } ],
    "components": [
      [ [ "ai_module", 1 ] ],
      [ [ "identification_module", 1 ] ],
      [ [ "pathfinding_module", 1 ] ],
      [ [ "sensor_module", 1 ] ],
      [ [ "small_storage_battery", 1 ] ],
      [ [ "RAM", 1 ] ],
      [ [ "processor", 1 ] ],
      [ [ "scrap", 1 ] ],
      [ [ "quad_rotors", 1 ] ]
    ]
  },
  {
    "result": "broken_eyebot_mrnewvegas",
    "type": "uncraft",
    "skill_used": "electronics",
    "difficulty": 2,
    "time": "30 m",
    "using": [ [ "soldering_standard", 3 ] ],
    "qualities": [ { "id": "SCREW", "level": 1 } ],
    "components": [
      [ [ "ai_module", 1 ] ],
      [ [ "identification_module", 1 ] ],
      [ [ "pathfinding_module", 1 ] ],
      [ [ "sensor_module", 1 ] ],
      [ [ "small_storage_battery", 1 ] ],
      [ [ "RAM", 1 ] ],
      [ [ "processor", 1 ] ],
      [ [ "scrap", 1 ] ],
      [ [ "quad_rotors", 1 ] ]
    ]
  },
  {
    "result": "broken_eyebot_gnr",
    "type": "uncraft",
    "skill_used": "electronics",
    "difficulty": 2,
    "time": "30 m",
    "using": [ [ "soldering_standard", 3 ] ],
    "qualities": [ { "id": "SCREW", "level": 1 } ],
    "components": [
      [ [ "ai_module", 1 ] ],
      [ [ "identification_module", 1 ] ],
      [ [ "pathfinding_module", 1 ] ],
      [ [ "sensor_module", 1 ] ],
      [ [ "small_storage_battery", 1 ] ],
      [ [ "RAM", 1 ] ],
      [ [ "processor", 1 ] ],
      [ [ "scrap", 1 ] ],
      [ [ "quad_rotors", 1 ] ]
    ]
  },
  {
    "result": "broken_eyebot_gnr_numbers",
    "type": "uncraft",
    "skill_used": "electronics",
    "difficulty": 2,
    "time": "30 m",
    "using": [ [ "soldering_standard", 3 ] ],
    "qualities": [ { "id": "SCREW", "level": 1 } ],
    "components": [
      [ [ "ai_module", 1 ] ],
      [ [ "identification_module", 1 ] ],
      [ [ "pathfinding_module", 1 ] ],
      [ [ "sensor_module", 1 ] ],
      [ [ "small_storage_battery", 1 ] ],
      [ [ "RAM", 1 ] ],
      [ [ "processor", 1 ] ],
      [ [ "scrap", 1 ] ],
      [ [ "quad_rotors", 1 ] ]
    ]
  },
  {
    "result": "broken_fallout_mistergutsy",
    "type": "uncraft",
    "skill_used": "electronics",
    "difficulty": 6,
    "time": "2 h",
    "using": [ [ "soldering_standard", 20 ], [ "welding_standard", 5 ] ],
    "qualities": [ { "id": "SCREW", "level": 1 }, { "id": "SAW_M", "level": 1 } ],
    "components": [
      [ [ "ai_module", 1 ] ],
      [ [ "sensor_module", 1 ] ],
      [ [ "memory_module", 1 ] ],
      [ [ "pathfinding_module", 1 ] ],
      [ [ "identification_module", 1 ] ],
      [ [ "RAM", 1 ] ],
      [ [ "small_storage_battery", 1 ] ],
      [ [ "scrap", 1 ] ],
      [ [ "quad_rotors", 1 ] ],
      [ [ "android_arms", 1 ] ],
      [ [ "scrap", 4 ] ],
      [ [ "lens", 2 ] ],
      [ [ "omnicamera", 1 ] ],
      [ [ "plut_cell", 5 ] ],
      [ [ "kevlar_plate", 3 ] ]
    ]
  },
  {
    "result": "broken_fallout_misterhandy",
    "type": "uncraft",
    "skill_used": "electronics",
    "difficulty": 6,
    "time": "2 h",
    "using": [ [ "soldering_standard", 20 ], [ "welding_standard", 5 ] ],
    "qualities": [ { "id": "SCREW", "level": 1 }, { "id": "SAW_M", "level": 1 } ],
    "components": [
      [ [ "ai_module", 1 ] ],
      [ [ "sensor_module", 1 ] ],
      [ [ "memory_module", 1 ] ],
      [ [ "pathfinding_module", 1 ] ],
      [ [ "identification_module", 1 ] ],
      [ [ "RAM", 1 ] ],
      [ [ "small_storage_battery", 1 ] ],
      [ [ "scrap", 1 ] ],
      [ [ "quad_rotors", 1 ] ],
      [ [ "android_arms", 1 ] ],
      [ [ "scrap", 4 ] ],
      [ [ "lens", 2 ] ],
      [ [ "omnicamera", 1 ] ],
      [ [ "plut_cell", 5 ] ]
    ]
  }
]
