[
  {
    "id": "fo_scribe_coat",
    "looks_like": "robe",
    "type": "ARMOR",
    "name": { "str": "brotherhood scribe outfit" },
    "description": "A thick, red longcoat.  Has many pockets for storage. Seen in use among the various scribes and learned men and women of the Brotherhood of Steel.",
    "weight": "2000 g",
    "volume": "3 L",
    "price": "245 USD",
    "to_hit": -1,
    "material": [ "cotton" ],
    "symbol": "[",
    "color": "red",
    "covers": [ "TORSO", "ARMS", "LEGS" ],
    "coverage": 90,
    "encumbrance": 5,
    "storage": "5 L",
    "warmth": 30,
    "material_thickness": 4,
    "environmental_protection": 1,
    "valid_mods": [ "steel_padded" ],
    "flags": [ "VARSIZE", "POCKETS", "OUTER", "WATERPROOF" ]
  },
  {
    "id": "fo_ncr_trooper_helmet",
    "repairs_like": "xlkevlar",
    "type": "ARMOR",
    "category": "armor",
    "name": { "str": "NCR trooper helmet" },
    "description": "A steel helmet that provides a high degree of protection from a wide variety of damage from all sorts of damage. Comes with a wide brim to block out the glare of the wasteland sun.",
    "weight": "1300 g",
    "volume": "1600 ml",
    "price": "150 USD",
    "to_hit": -1,
    "bashing": 10,
    "material": [ "steel" ],
    "symbol": "[",
    "looks_like": "hat_hard",
    "color": "brown",
    "covers": [ "HEAD" ],
    "coverage": 75,
    "encumbrance": 20,
    "warmth": 10,
    "material_thickness": 6,
    "techniques": [ "WBLOCK_1" ],
    "flags": [ "VARSIZE", "WATERPROOF", "STURDY", "SUN_GLASSES" ]
  }
]
