[
  {
    "id": "fo_misc_pipboy",
    "type": "TOOL_ARMOR",
    "category": "clothing",
    "name": { "str": "Pip-Boy 3000" },
    "description": "The Pip-Boy 3000 was widely regarded as a pinnacle of durable personal electronic equipment, boasting a highly detailed biometric monitor, personal ledger, global positioning system, radio and general information processor. Although Pip-Boys are often durable enough to resist the ravages of nuclear devastation, they are still quite rare, and as such must be shepherded on account of the unique set of functions they can perform. Produced by the famed RobCo industries.",
    "weight": "250 g",
    "volume": "250 ml",
    "price": 60000,
    "price_postapoc": 100,
    "to_hit": -1,
    "material": "steel",
    "covers": [ "HAND_EITHER" ],
    "symbol": "P",
    "color": "green",
    "use_action": [
      "EINKTABLETPC",
      "PORTABLE_GAME"
    ],
    "flags": [ "WATCH", "WATER_FRIENDLY", "BELTED", "STURDY", "ALLOWS_NATURAL_ATTACKS", "OVERSIZE" ]
  },
  {
    "type": "GENERIC",
    "id": "item_fo_waterchip",
    "symbol": ",",
    "color": "dark_gray",
    "name": { "str": "water chip" },
    "category": "spare_parts",
    "description": "A central processor unit for a vault water purification system, necessary for a vault to produce potable water.",
    "price": 12000,
    "price_postapoc": 10,
    "material": [ "plastic" ],
    "weight": "56 g",
    "volume": "250 ml",
    "to_hit": -1
  },
  {
    "type": "GENERIC",
    "id": "item_fo_glow_holotape",
    "symbol": ",",
    "color": "dark_gray",
    "name": { "str": "expedition holotape" },
    "category": "spare_parts",
    "description": "An old holotape detailing an expedition undertaken by the Brotherhood of Steel to a place called the West-Tek Research Facility. Probably of worth to somebody, assuming they can even get to it without becoming a victim of radiation poisoning.",
    "price": 12000,
    "price_postapoc": 10,
    "material": [ "plastic" ],
    "weight": "56 g",
    "volume": "250 ml",
    "to_hit": -1
  }
]
