[
  {
    "id": "mon_gecko_young",
    "type": "MONSTER",
    "name": { "str": "young gecko" },
    "description": "A young, mutated gecko",
    "default_faction": "gator",
    "categories": [ "WILDLIFE" ],
    "species": [ "REPTILE" ],
    "diff": 22,
    "volume": "46250 ml",
    "weight": "60000 g",
    "hp": 30,
    "speed": 90,
    "material": [ "flesh" ],
    "symbol": "G",
    "color": "light_gray",
    "aggression": 30,
    "morale": 50,
    "melee_skill": 4,
    "melee_dice": 1,
    "melee_dice_sides": 10,
    "melee_cut": 12,
    "dodge": 2,
    "armor_bash": 6,
    "armor_cut": 8,
    "vision_day": 3,
    "vision_night": 35,
    "harvest": "gecko",
    "path_settings": { "max_dist": 8 },
    "special_attacks": [
      {
        "type": "bite",
        "cooldown": 20,
        "accuracy": 6,
        "damage_max_instance": [
          { "damage_type": "stab", "amount": 9, "armor_multiplier": 0.5 },
          { "damage_type": "bash", "amount": 27, "armor_multiplier": 0.5 }
        ],
        "effects": [ { "id": "grabbed", "duration": 1000, "bp": "TORSO" } ],
        "no_infection_chance": 2
      }
    ],
    "anger_triggers": [ "PLAYER_CLOSE", "PLAYER_WEAK" ],
    "fear_triggers": [ "FIRE", "HURT" ],
    "placate_triggers": [ "MEAT" ],
    "death_function": [ "NORMAL" ],
    "upgrades": { "age_grow": 5, "into": "mon_gecko" },
    "flags": [
      "DOGFOOD",
      "SEES",
      "HEARS",
      "GOODHEARING",
      "SMELLS",
      "KEENNOSE",
      "PATH_AVOID_DANGER_1",
      "ANIMAL",
      "BONES",
      "LEATHER",
      "SWIMS"
    ]
  },
  {
    "id": "mon_gecko",
    "type": "MONSTER",
    "name": { "str": "gecko" },
    "description": "A large, mutant gecko.",
    "default_faction": "Gecko",
    "categories": [ "WILDLIFE" ],
    "species": [ "REPTILE" ],
    "diff": 22,
    "volume": "92500 ml",
    "weight": "120000 g",
    "hp": 90,
    "speed": 90,
    "material": [ "flesh" ],
    "symbol": "G",
    "color": "light_gray",
    "aggression": 30,
    "morale": 50,
    "melee_skill": 4,
    "melee_dice": 1,
    "melee_dice_sides": 10,
    "melee_cut": 12,
    "dodge": 2,
    "armor_bash": 6,
    "armor_cut": 8,
    "vision_day": 35,
    "vision_night": 35,
    "harvest": "gecko",
    "path_settings": { "max_dist": 8 },
    "special_attacks": [
      {
        "type": "bite",
        "cooldown": 20,
        "accuracy": 6,
        "damage_max_instance": [
          { "damage_type": "stab", "amount": 9, "armor_multiplier": 0.5 },
          { "damage_type": "bash", "amount": 27, "armor_multiplier": 0.5 }
        ],
        "effects": [ { "id": "grabbed", "duration": 1000, "bp": "TORSO" } ],
        "no_infection_chance": 2
      }
    ],
    "anger_triggers": [ "PLAYER_CLOSE", "PLAYER_WEAK" ],
    "fear_triggers": [ "FIRE", "HURT" ],
    "placate_triggers": [ "MEAT" ],
    "death_function": [ "NORMAL" ],
    "reproduction": { "baby_egg": "egg_gecko", "baby_count": 3, "baby_timer": 10 },
    "flags": [
      "SEES",
      "HEARS",
      "GOODHEARING",
      "SMELLS",
      "KEENNOSE",
      "PATH_AVOID_DANGER_1",
      "ANIMAL",
      "BONES",
      "LEATHER",
      "SWIMS"
    ]
  },
  {
    "id": "mon_gecko_gold_young",
    "type": "MONSTER",
    "name": { "str": "Young Golden Gecko" },
    "description": "A young, mutated gecko. It leaves behind a trail of acidic drool.",
    "default_faction": "gator",
    "categories": [ "WILDLIFE" ],
    "species": [ "REPTILE" ],
    "diff": 22,
    "volume": "66250 ml",
    "weight": "80000 g",
    "hp": 30,
    "speed": 90,
    "material": [ "flesh" ],
    "symbol": "G",
    "color": "light_green",
    "aggression": 30,
    "morale": 50,
    "melee_skill": 4,
    "melee_dice": 1,
    "melee_dice_sides": 10,
    "melee_cut": 12,
    "dodge": 2,
    "armor_bash": 6,
    "armor_cut": 8,
    "vision_day": 3,
    "vision_night": 35,
    "harvest": "gecko_gold",
    "path_settings": { "max_dist": 8 },
    "special_attacks": [
      {
        "type": "bite",
        "cooldown": 20,
        "accuracy": 6,
        "damage_max_instance": [
          { "damage_type": "stab", "amount": 9, "armor_multiplier": 0.5 },
          { "damage_type": "bash", "amount": 27, "armor_multiplier": 0.5 }
        ],
        "effects": [ { "id": "grabbed", "duration": 1000, "bp": "TORSO" } ],
        "no_infection_chance": 2
      }
    ],
    "anger_triggers": [ "PLAYER_CLOSE", "PLAYER_WEAK" ],
    "fear_triggers": [ "FIRE", "HURT" ],
    "placate_triggers": [ "MEAT" ],
    "death_function": [ "ACID", "NORMAL" ],
    "upgrades": { "age_grow": 5, "into": "mon_gecko_gold" },
    "flags": [
      "ACIDPROOF",
      "POISON",
      "DOGFOOD",
      "SEES",
      "HEARS",
      "GOODHEARING",
      "SMELLS",
      "KEENNOSE",
      "PATH_AVOID_DANGER_1",
      "ANIMAL",
      "BONES",
      "LEATHER",
      "SWIMS"
    ]
  },
  {
    "id": "mon_gecko_gold",
    "type": "MONSTER",
    "name": { "str": "Golden Gecko" },
    "description": "A large, mutant gecko. It leaves behind a trail of acidic spit.",
    "default_faction": "gator",
    "categories": [ "WILDLIFE" ],
    "species": [ "REPTILE" ],
    "diff": 22,
    "volume": "112500 ml",
    "weight": "160000 g",
    "hp": 90,
    "speed": 90,
    "material": [ "flesh" ],
    "symbol": "G",
    "color": "light_green",
    "aggression": 30,
    "morale": 50,
    "melee_skill": 4,
    "melee_dice": 1,
    "melee_dice_sides": 10,
    "melee_cut": 12,
    "dodge": 2,
    "armor_bash": 6,
    "armor_cut": 8,
    "vision_day": 35,
    "vision_night": 35,
    "harvest": "gecko_gold",
    "path_settings": { "max_dist": 8 },
    "special_attacks": [
      {
        "type": "bite",
        "cooldown": 20,
        "accuracy": 6,
        "damage_max_instance": [
          { "damage_type": "stab", "amount": 9, "armor_multiplier": 0.5 },
          { "damage_type": "bash", "amount": 27, "armor_multiplier": 0.5 }
        ],
        "effects": [ { "id": "grabbed", "duration": 1000, "bp": "TORSO" } ],
        "no_infection_chance": 2
      }
    ],
    "anger_triggers": [ "PLAYER_CLOSE", "PLAYER_WEAK" ],
    "fear_triggers": [ "FIRE", "HURT" ],
    "placate_triggers": [ "MEAT" ],
    "death_function": [ "ACID", "NORMAL" ],
    "reproduction": { "baby_egg": "egg_gecko", "baby_count": 3, "baby_timer": 10 },
    "flags": [
      "ACIDPROOF",
      "POISON",
      "SEES",
      "HEARS",
      "GOODHEARING",
      "SMELLS",
      "KEENNOSE",
      "PATH_AVOID_DANGER_1",
      "ANIMAL",
      "BONES",
      "LEATHER",
      "SWIMS"
    ]
  },
  {
    "id": "mon_deathclaw_young",
    "type": "MONSTER",
    "name": { "str": "Young Deathclaw" },
    "description": "A young, mutated chameleon. It can't disguise itself anymore, but that doesnt matter with how dangerous it is.",
    "default_faction": "gator",
    "categories": [ "WILDLIFE" ],
    "species": [ "REPTILE" ],
    "diff": 22,
    "volume": "46250 ml",
    "weight": "60000 g",
    "hp": 60,
    "speed": 120,
    "material": [ "flesh" ],
    "symbol": "d",
    "color": "brown",
    "aggression": 30,
    "morale": 50,
    "melee_skill": 4,
    "melee_dice": 3,
    "melee_dice_sides": 6,
    "melee_cut": 12,
    "dodge": 2,
    "armor_bash": 6,
    "armor_cut": 8,
    "vision_day": 70,
    "vision_night": 70,
    "harvest": "animal_large_noskin",
    "path_settings": { "max_dist": 8 },
    "special_attacks": [
      {
        "type": "bite",
        "cooldown": 20,
        "accuracy": 6,
        "damage_max_instance": [
          { "damage_type": "stab", "amount": 9, "armor_multiplier": 0.5 },
          { "damage_type": "bash", "amount": 27, "armor_multiplier": 0.5 }
        ],
        "effects": [ { "id": "grabbed", "duration": 1000, "bp": "TORSO" } ],
        "no_infection_chance": 2
      }
    ],
    "anger_triggers": [ "PLAYER_CLOSE", "PLAYER_WEAK" ],
    "fear_triggers": [ "FIRE", "HURT" ],
    "placate_triggers": [ "MEAT" ],
    "death_function": [ "NORMAL" ],
    "upgrades": { "age_grow": 5, "into": "mon_deathclaw" },
    "flags": [
      "SEES",
      "HEARS",
      "DOGFOOD",
      "GOODHEARING",
      "SMELLS",
      "KEENNOSE",
      "PATH_AVOID_DANGER_1",
      "ANIMAL",
      "BONES",
      "LEATHER",
      "SWIMS"
    ]
  },
  {
    "id": "mon_deathclaw",
    "type": "MONSTER",
    "name": { "str": "Deathclaw" },
    "description": "A large, mutant chameleon. Unable to cloak itself, but lethally powerful.",
    "default_faction": "gator",
    "categories": [ "WILDLIFE" ],
    "species": [ "REPTILE" ],
    "diff": 22,
    "volume": "92500 ml",
    "weight": "120000 g",
    "hp": 180,
    "speed": 120,
    "material": [ "flesh" ],
    "symbol": "D",
    "color": "brown",
    "aggression": 90,
    "morale": 50,
    "melee_skill": 6,
    "melee_dice": 2,
    "melee_dice_sides": 20,
    "melee_cut": 24,
    "dodge": 2,
    "armor_bash": 12,
    "armor_cut": 12,
    "vision_day": 70,
    "vision_night": 70,
    "harvest": "animal_large_noskin",
    "path_settings": { "max_dist": 8 },
    "special_attacks": [
      {
        "type": "bite",
        "cooldown": 20,
        "accuracy": 6,
        "damage_max_instance": [
          { "damage_type": "stab", "amount": 9, "armor_multiplier": 0.5 },
          { "damage_type": "bash", "amount": 27, "armor_multiplier": 0.5 }
        ],
        "effects": [ { "id": "grabbed", "duration": 1000, "bp": "TORSO" } ],
        "no_infection_chance": 2
      }
    ],
    "anger_triggers": [ "PLAYER_CLOSE", "PLAYER_WEAK" ],
    "fear_triggers": [ "FIRE", "HURT" ],
    "placate_triggers": [ "MEAT" ],
    "death_function": [ "NORMAL" ],
    "upgrades": { "age_grow": 5, "into": "mon_deathclaw_mother" },
    "flags": [
      "SEES",
      "HEARS",
      "GOODHEARING",
      "SMELLS",
      "KEENNOSE",
      "PATH_AVOID_DANGER_1",
      "ANIMAL",
      "BONES",
      "LEATHER",
      "SWIMS"
    ]
  },
  {
    "id": "mon_deathclaw_mother",
    "type": "MONSTER",
    "name": { "str": "Deathclaw Mother" },
    "description": "A colossal, egg-swollen mutant chameleon. Unable to cloak itself, but lethally powerful. This one seems to be the mother.",
    "default_faction": "gator",
    "categories": [ "WILDLIFE" ],
    "species": [ "REPTILE" ],
    "diff": 22,
    "volume": "92500 ml",
    "weight": "120000 g",
    "hp": 500,
    "speed": 240,
    "material": [ "flesh" ],
    "symbol": "M",
    "color": "brown",
    "aggression": 100,
    "morale": 100,
    "melee_skill": 10,
    "melee_dice": 3,
    "melee_dice_sides": 20,
    "melee_cut": 24,
    "dodge": 2,
    "armor_bash": 12,
    "armor_cut": 12,
    "vision_day": 70,
    "vision_night": 70,
    "harvest": "animal_large_noskin",
    "path_settings": { "max_dist": 8 },
    "special_attacks": [
      {
        "type": "bite",
        "cooldown": 20,
        "accuracy": 6,
        "damage_max_instance": [
          { "damage_type": "stab", "amount": 9, "armor_multiplier": 0.5 },
          { "damage_type": "bash", "amount": 27, "armor_multiplier": 0.5 }
        ],
        "effects": [ { "id": "grabbed", "duration": 1000, "bp": "TORSO" } ],
        "no_infection_chance": 2
      }
    ],
    "anger_triggers": [ "PLAYER_CLOSE", "PLAYER_WEAK" ],
    "fear_triggers": [ "FIRE", "HURT" ],
    "placate_triggers": [ "MEAT" ],
    "death_function": [ "NORMAL" ],
    "reproduction": { "baby_egg": "egg_deathclaw", "baby_count": 3, "baby_timer": 3 },
    "flags": [
      "SEES",
      "HEARS",
      "GOODHEARING",
      "SMELLS",
      "KEENNOSE",
      "PATH_AVOID_DANGER_1",
      "ANIMAL",
      "BONES",
      "LEATHER",
      "SWIMS"
    ]
  },
  {
    "id": "mon_deathclaw_albino_young",
    "type": "MONSTER",
    "name": { "str": "Young Albino Deathclaw" },
    "description": "A young, mutated chameleon. It can't disguise itself anymore, but that doesnt matter with how dangerous it is. It is albino, yet somehow, more durable due to such.",
    "default_faction": "gator",
    "categories": [ "WILDLIFE" ],
    "species": [ "REPTILE" ],
    "diff": 22,
    "volume": "46250 ml",
    "weight": "60000 g",
    "hp": 90,
    "speed": 120,
    "material": [ "flesh" ],
    "symbol": "d",
    "color": "white",
    "aggression": 30,
    "morale": 50,
    "melee_skill": 4,
    "melee_dice": 4,
    "melee_dice_sides": 6,
    "melee_cut": 12,
    "dodge": 2,
    "armor_bash": 6,
    "armor_cut": 8,
    "vision_day": 70,
    "vision_night": 70,
    "harvest": "animal_large_noskin",
    "path_settings": { "max_dist": 8 },
    "special_attacks": [
      {
        "type": "bite",
        "cooldown": 20,
        "accuracy": 6,
        "damage_max_instance": [
          { "damage_type": "stab", "amount": 9, "armor_multiplier": 0.5 },
          { "damage_type": "bash", "amount": 27, "armor_multiplier": 0.5 }
        ],
        "effects": [ { "id": "grabbed", "duration": 1000, "bp": "TORSO" } ],
        "no_infection_chance": 2
      }
    ],
    "anger_triggers": [ "PLAYER_CLOSE", "PLAYER_WEAK" ],
    "fear_triggers": [ "FIRE", "HURT" ],
    "placate_triggers": [ "MEAT" ],
    "death_function": [ "NORMAL" ],
    "upgrades": { "age_grow": 5, "into": "mon_deathclaw_albino" },
    "flags": [
      "SEES",
      "HEARS",
      "DOGFOOD",
      "GOODHEARING",
      "SMELLS",
      "KEENNOSE",
      "PATH_AVOID_DANGER_1",
      "ANIMAL",
      "BONES",
      "LEATHER",
      "SWIMS"
    ]
  },
  {
    "id": "mon_deathclaw_albino",
    "type": "MONSTER",
    "name": { "str": "Albino Deathclaw" },
    "description": "A large, mutant chameleon. Unable to cloak itself, but lethally powerful. It is much more powerful",
    "default_faction": "gator",
    "categories": [ "WILDLIFE" ],
    "species": [ "REPTILE" ],
    "diff": 22,
    "volume": "92500 ml",
    "weight": "120000 g",
    "hp": 260,
    "speed": 120,
    "material": [ "flesh" ],
    "symbol": "D",
    "color": "white",
    "aggression": 90,
    "morale": 50,
    "melee_skill": 6,
    "melee_dice": 3,
    "melee_dice_sides": 20,
    "melee_cut": 24,
    "dodge": 2,
    "armor_bash": 12,
    "armor_cut": 12,
    "vision_day": 70,
    "vision_night": 70,
    "harvest": "animal_large_noskin",
    "path_settings": { "max_dist": 8 },
    "special_attacks": [
      {
        "type": "bite",
        "cooldown": 20,
        "accuracy": 6,
        "damage_max_instance": [
          { "damage_type": "stab", "amount": 9, "armor_multiplier": 0.5 },
          { "damage_type": "bash", "amount": 27, "armor_multiplier": 0.5 }
        ],
        "effects": [ { "id": "grabbed", "duration": 1000, "bp": "TORSO" } ],
        "no_infection_chance": 2
      }
    ],
    "anger_triggers": [ "PLAYER_CLOSE", "PLAYER_WEAK" ],
    "fear_triggers": [ "FIRE", "HURT" ],
    "placate_triggers": [ "MEAT" ],
    "death_function": [ "NORMAL" ],
    "reproduction": { "baby_egg": "egg_deathclaw", "baby_count": 3, "baby_timer": 10 },
    "flags": [
      "SEES",
      "HEARS",
      "GOODHEARING",
      "SMELLS",
      "KEENNOSE",
      "PATH_AVOID_DANGER_1",
      "ANIMAL",
      "BONES",
      "LEATHER",
      "SWIMS"
    ]
  },
  {
    "id": "mon_deathclaw_glowing_young",
    "type": "MONSTER",
    "name": { "str": "Young Glowing Deathclaw" },
    "description": "A young, mutated chameleon. It can't disguise itself anymore, but that doesnt matter with how dangerous it is. It glows in the dark, and is toxic.",
    "default_faction": "gator",
    "categories": [ "WILDLIFE" ],
    "species": [ "REPTILE" ],
    "diff": 22,
    "volume": "46250 ml",
    "weight": "60000 g",
    "hp": 90,
    "speed": 120,
    "material": [ "flesh" ],
    "symbol": "d",
    "color": "green",
    "aggression": 30,
    "morale": 50,
    "melee_skill": 4,
    "melee_dice": 3,
    "melee_dice_sides": 6,
    "melee_cut": 12,
    "dodge": 2,
    "armor_bash": 6,
    "armor_cut": 8,
    "luminance": 200,
    "emit_fields": [ { "emit_id": "emit_rad_cloud_deathclaw", "delay": "1 s" } ],
    "vision_day": 70,
    "vision_night": 70,
    "harvest": "animal_large_noskin",
    "path_settings": { "max_dist": 8 },
    "special_attacks": [
      {
        "type": "bite",
        "cooldown": 20,
        "accuracy": 6,
        "damage_max_instance": [
          { "damage_type": "stab", "amount": 9, "armor_multiplier": 0.5 },
          { "damage_type": "bash", "amount": 27, "armor_multiplier": 0.5 }
        ],
        "effects": [ { "id": "grabbed", "duration": 1000, "bp": "TORSO" } ],
        "no_infection_chance": 2
      }
    ],
    "anger_triggers": [ "PLAYER_CLOSE", "PLAYER_WEAK" ],
    "fear_triggers": [ "FIRE", "HURT" ],
    "placate_triggers": [ "MEAT" ],
    "death_function": [ "NORMAL" ],
    "upgrades": { "age_grow": 5, "into": "mon_deathclaw_albino" },
    "flags": [
      "ACIDPROOF",
      "POISON",
      "SEES",
      "HEARS",
      "GOODHEARING",
      "SMELLS",
      "KEENNOSE",
      "PATH_AVOID_DANGER_1",
      "ANIMAL",
      "BONES",
      "LEATHER",
      "SWIMS",
      "NO_BREATHE"
    ]
  },
  {
    "id": "mon_deathclaw_glowing",
    "type": "MONSTER",
    "name": { "str": "Glowing Deathclaw" },
    "description": "A large, mutant chameleon. Unable to cloak itself, but lethally powerful. It glows with radiation.",
    "default_faction": "gator",
    "categories": [ "WILDLIFE" ],
    "species": [ "REPTILE" ],
    "diff": 22,
    "volume": "92500 ml",
    "weight": "120000 g",
    "hp": 360,
    "speed": 120,
    "material": [ "flesh" ],
    "symbol": "D",
    "color": "green",
    "aggression": 90,
    "morale": 50,
    "melee_skill": 6,
    "melee_dice": 2,
    "melee_dice_sides": 20,
    "melee_cut": 24,
    "luminance": 200,
    "dodge": 2,
    "armor_bash": 12,
    "armor_cut": 12,
    "vision_day": 70,
    "vision_night": 70,
    "emit_fields": [ { "emit_id": "emit_rad_cloud_deathclaw", "delay": "1 s" } ],
    "harvest": "animal_large_noskin",
    "path_settings": { "max_dist": 8 },
    "special_attacks": [
      {
        "type": "bite",
        "cooldown": 20,
        "accuracy": 6,
        "damage_max_instance": [
          { "damage_type": "stab", "amount": 9, "armor_multiplier": 0.5 },
          { "damage_type": "bash", "amount": 27, "armor_multiplier": 0.5 }
        ],
        "effects": [ { "id": "grabbed", "duration": 1000, "bp": "TORSO" } ],
        "no_infection_chance": 2
      }
    ],
    "anger_triggers": [ "PLAYER_CLOSE", "PLAYER_WEAK" ],
    "fear_triggers": [ "FIRE", "HURT" ],
    "placate_triggers": [ "MEAT" ],
    "death_function": [ "NORMAL" ],
    "reproduction": { "baby_egg": "egg_deathclaw", "baby_count": 3, "baby_timer": 10 },
    "flags": [
      "ACIDPROOF",
      "POISON",
      "SEES",
      "HEARS",
      "GOODHEARING",
      "SMELLS",
      "KEENNOSE",
      "PATH_AVOID_DANGER_1",
      "ANIMAL",
      "BONES",
      "LEATHER",
      "SWIMS",
      "NO_BREATHE"
    ]
  },
  {
    "id": "mon_iguana",
    "type": "MONSTER",
    "name": { "str": "common iguana" },
    "description": "A common iguana; a popular pet, and even more popular food source.",
    "default_faction": "gator",
    "bodytype": "gator",
    "categories": [ "WILDLIFE" ],
    "species": [ "REPTILE" ],
    "volume": "2500 ml",
    "weight": "120 kg",
    "hp": 90,
    "speed": 90,
    "material": [ "flesh" ],
    "symbol": "A",
    "color": "light_green",
    "aggression": 0,
    "morale": 50,
    "melee_skill": 4,
    "melee_dice": 1,
    "melee_dice_sides": 10,
    "melee_cut": 12,
    "dodge": 2,
    "armor_bash": 6,
    "armor_cut": 8,
    "vision_day": 3,
    "vision_night": 35,
    "harvest": "animal_large_noskin",
    "path_settings": { "max_dist": 8 },
    "special_attacks": [
      {
        "type": "bite",
        "cooldown": 20,
        "accuracy": 6,
        "damage_max_instance": [
          { "damage_type": "stab", "amount": 9, "armor_multiplier": 0.5 },
          { "damage_type": "bash", "amount": 27, "armor_multiplier": 0.5 }
        ],
        "effects": [ { "id": "grabbed", "duration": 1000, "bp": "TORSO" } ]
      }
    ],
    "fear_triggers": [ "FIRE", "HURT", "PLAYER_CLOSE" ],
    "placate_triggers": [ "MEAT" ],
    "reproduction": { "baby_egg": "egg_reptile", "baby_count": 3, "baby_timer": 10 },
    "death_function": [ "NORMAL" ],
    "flags": [ "SEES", "HEARS", "GOODHEARING", "SMELLS", "KEENNOSE", "PATH_AVOID_DANGER_1", "ANIMAL", "DOGFOOD" ]
  },
  {
    "id": "mon_feathclaw",
    "type": "MONSTER",
    "name": { "str": " Fungal Deathclaw" },
    "looks_like": "mon_deathclaw",
    "description": "A large, mutant chameleon. Unable to cloak itself, but lethally powerful, this one has been infected by fungal spores and seems stronger than normal.",
    "default_faction": "fungus",
    "species": [ "FUNGUS" ],
    "diff": 22,
    "volume": "92500 ml",
    "weight": "120000 g",
    "hp": 280,
    "speed": 240,
    "material": [ "flesh" ],
    "symbol": "D",
    "color": "red",
    "aggression": 90,
    "morale": 50,
    "melee_skill": 6,
    "melee_dice": 2,
    "melee_dice_sides": 20,
    "melee_cut": 24,
    "dodge": 2,
    "armor_bash": 12,
    "armor_cut": 12,
    "vision_day": 70,
    "vision_night": 70,
    "emit_fields": [ { "emit_id": "emit_fungal_haze_plume", "delay": "1 s" } ],
    "harvest": "animal_large_noskin",
    "path_settings": { "max_dist": 8 },
    "special_attacks": [ [ "FUNGUS", 200 ], { "type": "bite", "cooldown": 5 } ],
    "anger_triggers": [ "PLAYER_CLOSE", "PLAYER_WEAK" ],
    "fear_triggers": [ "FIRE", "HURT" ],
    "placate_triggers": [ "MEAT" ],
    "death_function": [ "FUNGUS" ],
    "flags": [
      "SEES",
      "HEARS",
      "GOODHEARING",
      "SMELLS",
      "KEENNOSE",
      "PATH_AVOID_DANGER_2",
      "ANIMAL",
      "BONES",
      "LEATHER",
      "SWIMS",
      "NO_BREATHE"
    ]
  }
]
