[
  {
    "id": "mon_laz_rifle_1000",
    "type": "GUN",
    "copy-from": "fake_item",
    "name": { "str": "Laser Rifle" },
    "description": "This is a pseudo item for monster attacks. If you see this, it's a bug.",
    "skill": "pistol",
    "range": 30,
    "ranged_damage": { "damage_type": "heat", "amount": 33, "armor_penetration": 13 },
    "dispersion": 10,
    "durability": 8,
    "loudness": 12,
    "modes": [ [ "DEFAULT", "semi-auto", 1 ], [ "BURST", "4 rd.", 4 ], [ "AUTO", "auto", 6 ] ],
    "ammo_effects": [ "LASER", "INCENDIARY" ]
  },
  {
    "type": "GENERIC",
    "id": "fo_powfist",
    "symbol": "P",
    "color": "light_gray",
    "name": { "str": "power fist", "str_pl": "power fists" },
    "category": "weapons",
    "description": "An armored pneumatic fist. It appears as an armored gauntlet, like that of a suit of power armor. However, it appears to use a pneumatic ram instead of kinetic energy devices, making it function in a manner closer to that of the impact gloves.",
    "material": "brass",
    "weight": "820 g",
    "bashing": 23,
    "to_hit": 1,
    "price_postapoc": 250,
    "flags": [ "UNARMED_WEAPON", "DURABLE_MELEE" ]
  },
  {
    "type": "recipe",
    "result": "fo_powfist",
    "category": "CC_WEAPON",
    "subcategory": "CSC_WEAPON_BASHING",
    "skill_used": "fabrication",
    "skills_required": [ [ "mechanics", 5 ], [ "melee", 3 ] ],
    "difficulty": 5,
    "time": "120 m",
    "autolearn": true,
    "qualities": [
      { "id": "SAW_M", "level": 1 },
      { "id": "SAW_M_FINE", "level": 1 },
      { "id": "SCREW_FINE", "level": 1 },
      { "id": "WRENCH_FINE", "level": 1 }
    ],
    "using": [ [ "soldering_standard", 10 ], [ "welding_standard", 25 ] ],
    "components": [
      [ [ "plastic_chunk", 10 ] ],
      [ [ "amplifier", 2 ] ],
      [ [ "power_supply", 1 ] ],
      [ [ "scrap", 6 ] ],
      [ [ "cable", 40 ] ],
      [ [ "motor_small", 1 ] ],
      [ [ "spring", 2 ] ]
    ]
  },
  {
    "id": "bot_colt_rangemaster",
    "copy-from": "rifle_semi",
    "type": "GUN",
    "name": { "str": "Colt Rangemaster" },
    "description": "A Colt Rangemaster, used for monster attacks. If you see this, you're experiencing a bug.",
    "weight": "2800 g",
    "volume": "2 L",
    "price": "921 USD",
    "to_hit": 1,
    "bashing": 12,
    "looks_like": "marlin_9a",
    "material": [ "steel", "wood" ],
    "symbol": "(",
    "color": "brown",
    "ammo": [ "223" ],
    "ranged_damage": { "damage_type": "bullet", "amount": -6 },
    "dispersion": 100,
    "durability": 8,
    "barrel_length": "500 ml",
    "valid_mod_locations": [
      [ "accessories", 4 ],
      [ "barrel", 1 ],
      [ "bore", 1 ],
      [ "mechanism", 4 ],
      [ "muzzle", 1 ],
      [ "sling", 1 ],
      [ "sights", 1 ]
    ],
  "magazines": [ [ "223", [ "rangemastermag" ] ], [ "223", [ "rangemastermag2" ] ], [ "223", [ "survivor223mag" ] ], [ "223", [ "stanag30" ] ], [ "223", [ "stanag10" ] ], [ "223", [ "stanag50" ] ] ]
  },
  {
    "id": "vindicator",
    "type": "GUN",
    "reload_noise_volume": 10,
    "name": { "str": "Vindicator Minigun" },
    "description": "The German Rheinmetall AG company created the ultimate minigun. The Vindicator throws over 90,000 caseless shells per minute down its six carbon-polymer barrels. As the pinnacle of Teutonic engineering skill, it is the ultimate hand-held weapon.",
    "weight": "19500 g",
    "volume": "6 L",
    "price": "550000 USD",
    "to_hit": -4,
    "bashing": 18,
    "looks_like": "m134",
    "material": [ "hardsteel" ],
    "symbol": "(",
    "color": "dark_gray",
    "ammo": [ "47mm" ],
    "skill": "rifle",
    "ranged_damage": { "damage_type": "bullet", "amount": 1 },
    "dispersion": 200,
    "durability": 9,
    "valid_mod_locations": [ [ "accessories", 4 ], [ "grip", 1 ], [ "mechanism", 4 ], [ "sights", 1 ] ],
    "reload": 400,
    "modes": [ [ "DEFAULT", "low auto", 50 ], [ "AUTO", "high auto", 100 ] ],
  "magazines": [ [ "47mm", [ "47mmminigunmag" ] ] ],
    "flags": [ "NEVER_JAMS" ]
  },
  {
    "id": "cz53minigun",
    "type": "GUN",
    "reload_noise_volume": 10,
    "name": { "str": "Rockwell CZ53" },
    "description": "A Rockwell CZ53 Personal Minigun. A multi-barrelled chaingun firing 5mm ammunition at over 60,000 RPM. It does not require power to rotate.",
    "weight": "19500 g",
    "volume": "6 L",
    "price": "550000 USD",
    "to_hit": -4,
    "bashing": 18,
    "looks_like": "m134",
    "material": [ "hardsteel" ],
    "symbol": "(",
    "color": "green",
    "ammo": [ "5mm" ],
    "skill": "rifle",
    "ranged_damage": { "damage_type": "bullet", "amount": -1 },
    "dispersion": 200,
    "durability": 9,
    "valid_mod_locations": [ [ "accessories", 4 ], [ "grip", 1 ], [ "mechanism", 4 ], [ "sights", 1 ] ],
    "reload": 400,
    "modes": [ [ "DEFAULT", "low auto", 25 ], [ "AUTO", "high auto", 50 ] ],
  "magazines": [ [ "5mm", [ "5mmminigunmag" ] ] ],
    "flags": [ "NEVER_JAMS" ]
  },
  {
    "id": "avenger",
    "type": "GUN",
    "reload_noise_volume": 10,
    "name": { "str": "Avenger Minigun" },
    "description": "Rockwell designed the Avenger as the replacement for their aging CZ53 Personal Minigun. The Avenger's design improvements include improved, gel-fin, cooling and chromium plated barrel-bores. This gives it a greater range and lethality. It rotates super fast, so it needs power to fire.",
    "weight": "19500 g",
    "volume": "6 L",
    "price": "550000 USD",
    "to_hit": -4,
    "bashing": 18,
    "looks_like": "m134",
    "material": [ "hardsteel" ],
    "symbol": "(",
    "color": "green",
    "ammo": [ "5mm" ],
    "skill": "rifle",
    "ranged_damage": { "damage_type": "bullet", "amount": 5 },
    "dispersion": 200,
    "durability": 9,
    "valid_mod_locations": [ [ "accessories", 4 ], [ "grip", 1 ], [ "mechanism", 4 ], [ "sights", 1 ] ],
    "reload": 400,
    "modes": [ [ "DEFAULT", "low auto", 50 ], [ "AUTO", "high auto", 100 ] ],
  "magazines": [ [ "5mm", [ "5mmminigunmag" ] ] ],
    "flags": [ "NEVER_JAMS" ]
  },
  {
    "id": "l30",
    "type": "GUN",
    "reload_noise_volume": 10,
    "name": { "str": "L30 Gatling Laser" },
    "description": "An H&K L30 Gatling Laser. Designed specifically for military use, these were in the prototype stage at the beginning of the Cataclysm. Multiple barrels allow longer firing before overheating. Powered by Micro Fusion Cells, or a UPS.",
    "weight": "9500 g",
    "volume": "4500 ml",
    "price": "7500 USD",
    "to_hit": -1,
    "bashing": 8,
    "looks_like": "m134",
    "material": [ "steel", "plastic" ],
    "symbol": "(",
    "color": "light_gray",
    "skill": "rifle",
    "range": 30,
    "ranged_damage": { "damage_type": "heat", "amount": 150, "armor_penetration": 100 },
    "sight_dispersion": 150,
    "durability": 8,
    "ups_charges": 10,
    "valid_mod_locations": [ [ "accessories", 4 ], [ "grip", 1 ], [ "mechanism", 4 ], [ "sights", 1 ] ],
    "modes": [ [ "DEFAULT", "low auto", 10 ], [ "AUTO", "high auto", 25 ] ],
    "ammo_effects": [ "LASER" ],
    "flags": [ "NEVER_JAMS", "NO_UNLOAD" ]
  },
  {
    "id": "fo_ncr_service_rifle",
    "copy-from": "rifle_semi",
    "type": "GUN",
    "name": { "str": "NCR Service Rifle" },
    "//": "This is assumed to be the standard model matching the (currently not in-game) M16. Tileset whitelist for rifles",
    "description": "The New California Republic service rifle is a lightweight, air-cooled, magazine-fed, gas-operated rifle that uses the direct impingement gas principle with a rotary bolt locking mechanism. This rifle is designed by the Gun Runners for use with the infantry of the New California Republic. Wherever Shady Sands sends its soldiers, this rifle will soon follow, and for good reason.",
    "weight": "3600 g",
    "volume": "2 L",
    "price": 125000,
    "price_postapoc": 4000,
    "to_hit": -1,
    "bashing": 12,
    "material": [ "steel", "wood" ],
    "symbol": "(",
    "color": "dark_gray",
    "ammo": "223",
    "range": -1,
    "ranged_damage": { "damage_type": "bullet", "amount": -3 },
    "dispersion": 170,
    "durability": 7,
    "min_cycle_recoil": 1350,
    "magazines": [
      [
        "223",
        [
          "stanag30",
          "stanag5",
          "stanag10",
          "stanag20",
          "stanag40",
          "stanag50",
          "stanag60",
          "stanag60drum",
          "stanag90",
          "stanag100",
          "stanag100drum",
          "stanag150",
          "survivor223mag"
        ]
      ]
    ]
  },
  {
    "id": "colt_rangemaster",
    "copy-from": "rifle_semi",
    "type": "GUN",
    "name": { "str": "Colt Rangemaster" },
    "description": "A Colt Rangemaster semi-automatic rifle, in .223 caliber. Single-shot only. It's popular for hunting vermin.",
    "weight": "2800 g",
    "volume": "2 L",
    "price": "921 USD",
    "to_hit": 1,
    "bashing": 12,
    "looks_like": "marlin_9a",
    "material": [ "steel", "wood" ],
    "symbol": "(",
    "color": "brown",
    "ammo": [ "223" ],
    "ranged_damage": { "damage_type": "bullet", "amount": 2 },
    "dispersion": 100,
    "durability": 8,
    "barrel_length": "500 ml",
    "valid_mod_locations": [
      [ "accessories", 4 ],
      [ "barrel", 1 ],
      [ "bore", 1 ],
      [ "mechanism", 4 ],
      [ "muzzle", 1 ],
      [ "sling", 1 ],
      [ "sights", 1 ]
    ],
    "magazines": [
      [
        "223",
        [
          "rangemastermag",
          "rangemastermag2",
          "survivor223mag",
          "stanag30",
          "stanag10",
          "stanag50",
          "stanag50",
          "stanag60drum",
          "stanag90",
          "stanag100",
          "stanag100drum",
          "stanag150",
          "survivor223mag"
        ]
      ]
    ]
  },
  {
    "id": "machete_gladius",
    "type": "TOOL",
    "category": "weapons",
    "name": { "str": "machete gladius" },
    "description": "This huge steel knife is basically a shortsword at this point. Its clearly hand-forged with love.",
    "weight": "538 g",
    "volume": "1 L",
    "price": "28 USD",
    "to_hit": 2,
    "bashing": 6,
    "cutting": 30,
    "material": [ "steel" ],
    "symbol": "/",
    "color": "dark_gray",
    "techniques": "WBLOCK_2",
    "qualities": [ [ "CUT", 1 ], [ "BUTCHER", 15 ] ],
    "looks_like": "machete",
    "flags": [ "DURABLE_MELEE", "SHEATH_SWORD" ]
  },
  {
    "id": "varmint_rifle",
    "copy-from": "rifle_semi",
    "type": "GUN",
    "name": { "str": "Varmint Rifle" },
    "description": "A bolt-action .223 rifle. It's popular for hunting vermin.",
    "weight": "2800 g",
    "volume": "2 L",
    "price": "921 USD",
    "to_hit": 1,
    "bashing": 12,
    "looks_like": "marlin_9a",
    "material": [ "steel", "wood" ],
    "symbol": "(",
    "color": "brown",
    "ammo": [ "223" ],
    "ranged_damage": { "damage_type": "bullet", "amount": 2 },
    "dispersion": 100,
    "durability": 8,
    "barrel_length": "250 ml",
    "valid_mod_locations": [
      [ "accessories", 4 ],
      [ "barrel", 1 ],
      [ "bore", 1 ],
      [ "mechanism", 4 ],
      [ "muzzle", 1 ],
      [ "sling", 1 ],
      [ "sights", 1 ]
    ],
  "magazines": [
      [
        "223",
        [
          "rangemastermag",
          "rangemastermag2",
          "survivor223mag",
          "stanag30",
          "stanag10",
          "stanag50",
          "stanag50",
          "stanag60drum",
          "stanag90",
          "stanag100",
          "stanag100drum",
          "stanag150",
          "survivor223mag"
        ]
      ]
    ]
  },



  {
    "id": "wattz_1000",
    "type": "GUN",
    "color": "light_gray",
    "symbol": "{",
    "name": { "str": "Wattz 1000 Laser Pistol" },
    "description": "A Wattz 1000 Laser Pistol. Civilian model, so the wattage is lower than military or police versions. Uses batteries.",
    "price": "424 USD",
    "material": [ "steel", "wood" ],
    "weight": "2940 g",
    "volume": "1 L",
    "bashing": 3,
    "to_hit": -1,
    "ammo_effects": [ "LASER" ],
    "flags": [ "NEVER_JAMS", "NON-FOULING", "NEEDS_NO_LUBE" ],
    "ammo": [ "battery" ],
    "magazines": [
      [
        "battery",
        [
          "light_minus_disposable_cell",
          "light_disposable_cell",
          "light_minus_battery_cell",
          "light_battery_cell",
          "light_plus_battery_cell",
          "light_atomic_battery_cell",
          "light_minus_atomic_battery_cell"
        ]
      ]
    ],
    "magazine_well": 1,
    "skill": "pistol",
    "ranged_damage": { "damage_type": "heat", "amount": 2, "armor_penetration": 5 },
    "range": 30,
    "dispersion": 5,
    "sight_dispersion": 20,
    "recoil": 0,
    "durability": 8,
    "modes": [ [ "DEFAULT", "semi", 1 ], [ "BURST", "spray", 10 ], [ "AUTO", "auto", 15 ] ],
    "reload": 140,
    "loudness": 2,
    "valid_mod_locations": [ [ "accessories", 2 ], [ "barrel", 1 ], [ "rail", 1 ], [ "sights", 1 ], [ "stock", 1 ] ]
  },
  {
    "id": "wattz_1000_magneto",
    "type": "GUN",
    "color": "white",
    "symbol": "{",
    "name": { "str": "Wattz 1000 Magneto Laser Pistol" },
    "description": "This Wattz 1000 laser pistol has been upgraded with a magnetic field targeting system that tightens the laser emission, giving this pistol extra penetrating power.",
    "price": "424 USD",
    "material": [ "steel", "wood" ],
    "weight": "2940 g",
    "volume": "1 L",
    "bashing": 3,
    "to_hit": -1,
    "ammo_effects": [ "LASER" ],
    "flags": [ "FIRE_20", "NEVER_JAMS", "NON-FOULING", "NEEDS_NO_LUBE" ],
    "ammo": [ "battery" ],
    "magazines": [
      [
        "battery",
        [ "medium_battery_cell", "medium_plus_battery_cell", "medium_atomic_battery_cell", "medium_disposable_cell" ]
      ]
    ],
    "magazine_well": 1,
    "skill": "pistol",
    "ranged_damage": { "damage_type": "heat", "amount": 19, "armor_penetration": 12 },
    "range": 30,
    "dispersion": 5,
    "sight_dispersion": 20,
    "recoil": 0,
    "durability": 8,
    "reload": 300,
    "loudness": 2,
    "valid_mod_locations": [ [ "accessories", 2 ], [ "barrel", 1 ], [ "rail", 1 ], [ "sights", 1 ], [ "stock", 1 ] ]
  },
  {
    "id": "laser_pistol_aep",
    "type": "GUN",
    "color": "light_gray",
    "symbol": "{",
    "name": { "str": "AEP7 Laser Pistol" },
    "description": "The AEP7 laser pistol was put into service to replace the aging Wattz 1000 model. With a generous battery size, tight shot grouping at range, resilience to extended use, and fairly decent damage output, it is a very good choice for a sidearm.",
    "price": "424 USD",
    "material": [ "steel", "wood" ],
    "weight": "2940 g",
    "volume": "1 L",
    "bashing": 3,
    "to_hit": -1,
    "ammo_effects": [ "LASER" ],
    "flags": [ "FIRE_20", "NEVER_JAMS", "NON-FOULING", "NEEDS_NO_LUBE" ],
    "ammo": [ "battery" ],
    "magazines": [
      [
        "battery",
        [
          "light_minus_disposable_cell",
          "light_disposable_cell",
          "light_minus_battery_cell",
          "light_battery_cell",
          "light_plus_battery_cell",
          "light_atomic_battery_cell",
          "light_minus_atomic_battery_cell"
        ]
      ]
    ],
    "magazine_well": 2,
    "skill": "pistol",
    "ranged_damage": { "damage_type": "heat", "amount": 20, "armor_penetration": 5 },
    "range": 30,
    "dispersion": 5,
    "sight_dispersion": 20,
    "recoil": 0,
    "durability": 8,
    "reload": 300,
    "loudness": 2,
    "valid_mod_locations": [ [ "accessories", 2 ], [ "barrel", 1 ], [ "rail", 1 ], [ "sights", 1 ], [ "stock", 1 ] ]
  },
  {
    "id": "laser_pistol_aep_pewpew",
    "type": "GUN",
    "color": "light_gray",
    "symbol": "{",
    "name": { "str": "Sunset Sasparilla AEP7 Laser Pistol" },
    "description": "The AEP7 laser pistol was put into service to replace the aging Wattz 1000 model. With a generous battery size, tight shot grouping at range, resilience to extended use, and fairly decent damage output, it is a very good choice for a sidearm. This one was customized with the logo of Sunset Sasparilla, and fires 5 shots at once, kind of like a shotgun. The beam has a distinct red color.",
    "price": "424 USD",
    "material": [ "steel", "wood" ],
    "weight": "2940 g",
    "volume": "1 L",
    "bashing": 3,
    "to_hit": -1,
    "ammo_effects": [ "LASER" ],
    "flags": [ "FIRE_20", "NEVER_JAMS", "NON-FOULING", "NEEDS_NO_LUBE" ],
    "ammo": [ "battery" ],
    "magazines": [
      [
        "battery",
        [
          "light_minus_disposable_cell",
          "light_disposable_cell",
          "light_minus_battery_cell",
          "light_battery_cell",
          "light_plus_battery_cell",
          "light_atomic_battery_cell",
          "light_minus_atomic_battery_cell"
        ]
      ]
    ],
    "magazine_well": 1,
    "skill": "pistol",
    "ranged_damage": { "damage_type": "heat", "amount": 20, "armor_penetration": 9 },
    "range": 30,
    "dispersion": 5,
    "sight_dispersion": 20,
    "recoil": 0,
    "durability": 8,
    "modes": [ [ "DEFAULT", "Single Fire", 5 ] ],
    "reload": 300,
    "loudness": 2,
    "valid_mod_locations": [ [ "accessories", 2 ], [ "barrel", 1 ], [ "rail", 1 ], [ "sights", 1 ], [ "stock", 1 ] ]
  },
  {
    "id": "wattz_2000",
    "type": "GUN",
    "symbol": "(",
    "color": "yellow",
    "name": { "str": "Wattz 2000 Laser Rifle" },
    "description": "A Wattz 2000 Laser Rifle. Uses a UPS for more powerful lasers, and an extended barrel for additional range.",
    "price": "16000 USD",
    "material": [ "steel", "plastic" ],
    "ammo_effects": [ "LASER", "INCENDIARY" ],
    "flags": [ "NEVER_JAMS", "NON-FOULING", "NEEDS_NO_LUBE" ],
    "ups_charges": 84,
    "skill": "rifle",
    "weight": "2950 g",
    "volume": "3 L",
    "bashing": 12,
    "to_hit": -1,
    "ranged_damage": { "damage_type": "heat", "amount": 65, "armor_penetration": 24 },
    "range": 45,
    "dispersion": 10,
    "sight_dispersion": 60,
    "recoil": 0,
    "durability": 8,
    "reload": 100,
    "built_in_mods": [ "rifle_scope" ],
    "valid_mod_locations": [
      [ "accessories", 4 ],
      [ "grip", 1 ],
      [ "rail", 1 ],
      [ "sights", 1 ],
      [ "sling", 1 ],
      [ "stock", 1 ],
      [ "underbarrel", 1 ],
      [ "mechanism", 1 ]
    ]
  },
  {
    "id": "aer9",
    "type": "GUN",
    "symbol": "(",
    "color": "yellow",
    "name": { "str": "AER9 Laser Rifle" },
    "description": "A AER9 Lase Rifle. Not the top model in service, but it's high durability and reliability renders it far more popular than the finnicky AEP12, while the use of batteries over UPS makes it simpler for the laser user in a pinch.",
    "price": "16000 USD",
    "material": [ "steel", "plastic" ],
    "ammo_effects": [ "LASER", "INCENDIARY" ],
    "flags": [ "FIRE_20", "NEVER_JAMS", "NON-FOULING", "NEEDS_NO_LUBE" ],
    "ammo": [ "battery" ],
    "magazines": [
      [
        "battery",
        [ "medium_battery_cell", "medium_plus_battery_cell", "medium_atomic_battery_cell", "medium_disposable_cell" ]
      ]
    ],
    "magazine_well": 4,
    "skill": "rifle",
    "weight": "2950 g",
    "volume": "3 L",
    "bashing": 12,
    "to_hit": -1,
    "ranged_damage": { "damage_type": "heat", "amount": 30, "armor_penetration": 18 },
    "range": 38,
    "dispersion": 0,
    "sight_dispersion": 60,
    "recoil": 0,
    "durability": 10,
    "reload": 100,
    "valid_mod_locations": [
      [ "accessories", 4 ],
      [ "grip", 1 ],
      [ "rail", 1 ],
      [ "sights", 1 ],
      [ "sling", 1 ],
      [ "stock", 1 ],
      [ "underbarrel", 1 ],
      [ "mechanism", 1 ]
    ]
  },
  {
    "id": "aer9_tribeam",
    "type": "GUN",
    "symbol": "(",
    "color": "yellow",
    "name": { "str": "Tri-beam AER9 Laser Rifle" },
    "description": "A AER9 Lase Rifle, modded to shoot like a shotgun. It drains three times the power, but does so much more damage.",
    "price": "16000 USD",
    "material": [ "steel", "plastic" ],
    "ammo_effects": [ "LASER", "SHOT", "INCENDIARY" ],
    "flags": [ "FIRE_100", "NEVER_JAMS", "NON-FOULING", "NEEDS_NO_LUBE" ],
    "ammo": [ "battery" ],
    "magazines": [
      [ "battery", [ "heavy_battery_cell", "heavy_plus_battery_cell", "heavy_atomic_battery_cell", "heavy_disposable_cell" ] ]
    ],
    "magazine_well": 1,
    "skill": "shotgun",
    "weight": "2950 g",
    "volume": "2 L",
    "bashing": 12,
    "to_hit": -1,
    "ranged_damage": { "damage_type": "heat", "amount": 101, "armor_penetration": 33 },
    "range": 22,
    "dispersion": 30,
    "sight_dispersion": 60,
    "recoil": 0,
    "durability": 10,
    "reload": 100,
    "valid_mod_locations": [
      [ "accessories", 4 ],
      [ "grip", 1 ],
      [ "rail", 1 ],
      [ "sights", 1 ],
      [ "sling", 1 ],
      [ "stock", 1 ],
      [ "underbarrel", 1 ],
      [ "mechanism", 1 ]
    ]
  },
  {
    "id": "aer14_prototype",
    "type": "GUN",
    "symbol": "(",
    "color": "yellow",
    "name": { "str": "AER14 Prototype Laser Rifle" },
    "description": "A AER14 Prototype Laser Rifle. Meant to replace the aging laser rifle models on the market, it is a great balance between the Wattz and AER9 laser weapons. However, as a prototype, it is more finnicky and prone to damage. It has a pretty green beam.",
    "price": "16000 USD",
    "material": [ "steel", "plastic" ],
    "ammo_effects": [ "LASER", "INCENDIARY", "FIRE_20" ],
    "flags": [ "FIRE_20", "NEVER_JAMS", "NON-FOULING", "NEEDS_NO_LUBE" ],
    "ammo": [ "battery" ],
    "magazines": [
      [ "battery", [ "heavy_battery_cell", "heavy_plus_battery_cell", "heavy_atomic_battery_cell", "heavy_disposable_cell" ] ]
    ],
    "magazine_well": 2,
    "skill": "rifle",
    "weight": "2950 g",
    "volume": "3 L",
    "bashing": 12,
    "to_hit": -1,
    "ranged_damage": { "damage_type": "heat", "amount": 58, "armor_penetration": 25 },
    "range": 80,
    "dispersion": 10,
    "sight_dispersion": 60,
    "recoil": 0,
    "durability": 7,
    "reload": 100,
    "valid_mod_locations": [
      [ "accessories", 4 ],
      [ "grip", 1 ],
      [ "rail", 1 ],
      [ "sights", 1 ],
      [ "sling", 1 ],
      [ "stock", 1 ],
      [ "underbarrel", 1 ],
      [ "mechanism", 1 ]
    ]
  },
  {
    "id": "laser_rcw",
    "type": "GUN",
    "symbol": "(",
    "color": "brown",
    "name": { "str": "Laser Rcw" },
    "description": "The unique feature of this 'laser assault rifle' is the addition of a 'drum,' which gives this weapon its unique look, high rate of fire, and unusual name.",
    "price": "16000 USD",
    "looks_like": "tommygun",
    "material": [ "steel", "plastic" ],
    "ammo_effects": [ "LASER", "INCENDIARY" ],
    "flags": [ "NEVER_JAMS", "NON-FOULING", "NEEDS_NO_LUBE" ],
    "ups_charges": 10,
    "skill": "smg",
    "weight": "2950 g",
    "volume": "3 L",
    "bashing": 12,
    "to_hit": -1,
    "ranged_damage": { "damage_type": "heat", "amount": 10, "armor_penetration": 10 },
    "range": 40,
    "dispersion": 10,
    "sight_dispersion": 60,
    "recoil": 0,
    "durability": 10,
    "reload": 100,
    "valid_mod_locations": [
      [ "accessories", 4 ],
      [ "grip", 1 ],
      [ "rail", 1 ],
      [ "sights", 1 ],
      [ "sling", 1 ],
      [ "stock", 1 ],
      [ "underbarrel", 1 ],
      [ "mechanism", 1 ]
    ]
  },
  {
    "id": "p94_caster",
    "type": "GUN",
    "reload_noise_volume": 10,
    "symbol": "(",
    "color": "green",
    "name": { "str": "Winchester P94 Plasma Caster" },
    "description": "A Winchester Model P94 plasma caster. An industrial-grade energy weapon, firing superheated bolts of plasma down a superconducting barrel. Powered by microfusion cells.",
    "price": "17500 USD",
    "material": [ "steel" ],
    "flags": [ "MODE_BURST", "NEVER_JAMS" ],
    "ups_charges": 65,
    "ammo_effects": [ "PLASMA", "FLAME" ],
    "skill": "launcher",
    "weight": "4535 g",
    "volume": "3750 ml",
    "bashing": 12,
    "to_hit": -1,
    "ranged_damage": { "damage_type": "heat", "amount": 50, "armor_penetration": 20 },
    "dispersion": 60,
    "durability": 8,
    "burst": 5,
    "reload": 700,
    "valid_mod_locations": [
      [ "accessories", 4 ],
      [ "grip", 1 ],
      [ "mechanism", 4 ],
      [ "rail", 1 ],
      [ "sights", 1 ],
      [ "sling", 1 ],
      [ "stock", 1 ],
      [ "underbarrel", 1 ]
    ]
  },
  {
    "id": "p94_rifle",
    "type": "GUN",
    "reload_noise_volume": 10,
    "symbol": "(",
    "color": "green",
    "name": { "str": "Winchester P94-B Plasma Rifle" },
    "description": "A Winchester Model P94-B plasma rifle. An industrial-grade energy weapon, firing superheated bolts of plasma down a superconducting barrel. Powered by microfusion cells.",
    "price": "17500 USD",
    "material": [ "steel" ],
    "flags": [ "MODE_BURST", "NEVER_JAMS" ],
    "ups_charges": 30,
    "ammo_effects": [ "PLASMA", "FLAME" ],
    "skill": "rifle",
    "weight": "4535 g",
    "volume": "3750 ml",
    "bashing": 12,
    "to_hit": -1,
    "ranged_damage": { "damage_type": "heat", "amount": 25, "armor_penetration": 12 },
    "dispersion": 60,
    "durability": 8,
    "burst": 5,
    "reload": 700,
    "valid_mod_locations": [
      [ "accessories", 4 ],
      [ "grip", 1 ],
      [ "mechanism", 4 ],
      [ "rail", 1 ],
      [ "sights", 1 ],
      [ "sling", 1 ],
      [ "stock", 1 ],
      [ "underbarrel", 1 ]
    ]
  }


]
