[
  {
    "type": "monstergroup",
    "name": "GROUP_ZOMBIE",
    "monsters": [
      { "monster": "mon_fallout_ghoul", "freq": 15, "cost_multiplier": 1, "pack_size": [ 2, 8 ] },
      { "monster": "mon_fallout_ghoul", "freq": 8, "cost_multiplier": 1, "pack_size": [ 2, 4 ] },
      { "monster": "mon_fallout_ghoul", "freq": 2, "cost_multiplier": 8, "pack_size": [ 4, 25 ] },
      { "monster": "mon_fallout_ghoul", "freq": 1, "cost_multiplier": 14, "pack_size": [ 15, 30 ] },
      { "monster": "mon_fallout_ghoul", "freq": 130, "cost_multiplier": 0, "pack_size": [ 1, 3 ] },
      { "monster": "mon_raider_lite", "freq": 65, "cost_multiplier": 1 },
      { "monster": "mon_raider_lite", "freq": 20, "cost_multiplier": 1, "pack_size": [ 1, 4 ] },
      { "monster": "mon_raider_lite", "freq": 5, "cost_multiplier": 2, "pack_size": [ 1, 5 ] },
      { "monster": "mon_raider_lite", "freq": 3, "cost_multiplier": 4, "pack_size": [ 2, 6 ] },
      { "monster": "mon_vault_dweller", "freq": 1, "cost_multiplier": 1 },
      { "monster": "mon_vault_wanderer", "freq": 1, "cost_multiplier": 1, "starts": 960 },
      { "monster": "mon_huboligist", "freq": 1, "cost_multiplier": 1, "pack_size": [ 1, 3 ] },
      { "monster": "mon_power_arm_a", "freq": 2, "cost_multiplier": 25, "starts": 960 },
      { "monster": "mon_power_arm_b", "freq": 2, "cost_multiplier": 25, "starts": 960 },
      { "monster": "mon_lobotomite_a", "freq": 8, "cost_multiplier": 2 },
      { "monster": "mon_supmutant", "freq": 12, "cost_multiplier": 1 },
      { "monster": "mon_supmutant", "freq": 3, "cost_multiplier": 5, "pack_size": [ 1, 3 ] },
      { "monster": "mon_sup_behemoth", "freq": 1, "cost_multiplier": 10, "starts": 960 },
      { "monster": "mon_lobotomite_a", "freq": 6, "cost_multiplier": 10, "pack_size": [ 1, 4 ], "starts": 320 },
      { "monster": "mon_lobotomite_a", "freq": 4, "cost_multiplier": 25, "pack_size": [ 3, 6 ], "starts": 320 }
    ]
  },
  {
    "type": "monstergroup",
    "name": "GROUP_HOUSE",
    "//": "+15% child",
    "default": "mon_zombie",
    "monsters": [
      { "monster": "mon_fallout_ghoul", "freq": 10, "cost_multiplier": 7, "pack_size": [ 2, 8 ] },
      { "monster": "mon_fallout_ghoul", "freq": 80, "cost_multiplier": 0 },
      { "monster": "mon_raider_lite", "freq": 45, "cost_multiplier": 1 },
      { "monster": "mon_raider_lite", "freq": 14, "cost_multiplier": 1, "pack_size": [ 1, 4 ] },
      { "monster": "mon_vault_dweller", "freq": 1, "cost_multiplier": 1 },
      { "monster": "mon_vault_wanderer", "freq": 1, "cost_multiplier": 1, "starts": 960 },
      { "monster": "mon_huboligist", "freq": 1, "cost_multiplier": 1 },
      { "monster": "mon_supmutant", "freq": 11, "cost_multiplier": 1 },
      { "monster": "mon_supmutant", "freq": 2, "cost_multiplier": 5, "pack_size": [ 1, 3 ] },
      { "monster": "mon_power_arm_a", "freq": 1, "cost_multiplier": 25, "starts": 960 },
      { "monster": "mon_power_arm_b", "freq": 1, "cost_multiplier": 25, "starts": 960 },
      { "monster": "mon_lobotomite_a", "freq": 8, "cost_multiplier": 2 },
      { "monster": "mon_lobotomite_a", "freq": 6, "cost_multiplier": 10, "pack_size": [ 1, 4 ], "starts": 320 },
      { "monster": "mon_fallout_misterhandy", "freq": 15, "cost_multiplier": 0 }
    ]
  },
  {
    "type": "monstergroup",
    "name": "GROUP_PREPPER_HOUSE",
    "default": "mon_zombie",
    "monsters": [
      { "monster": "mon_raider_lite", "freq": 15, "cost_multiplier": 1 },
      { "monster": "mon_raider_lite", "freq": 10, "cost_multiplier": 1, "pack_size": [ 1, 4 ] },
      { "monster": "mon_vault_dweller", "freq": 1, "cost_multiplier": 1 },
      { "monster": "mon_vault_wanderer", "freq": 1, "cost_multiplier": 1, "starts": 960 },
      { "monster": "mon_huboligist", "freq": 1, "cost_multiplier": 1 },
      { "monster": "mon_power_arm_a", "freq": 1, "cost_multiplier": 25, "starts": 960 },
      { "monster": "mon_power_arm_b", "freq": 1, "cost_multiplier": 25, "starts": 960 },
      { "monster": "mon_fallout_misterhandy", "freq": 6, "cost_multiplier": 0 },
      { "monster": "mon_fallout_mistergutsy", "freq": 3, "cost_multiplier": 0, "starts": 1000 }
    ]
  },
  {
    "type": "monstergroup",
    "name": "GROUP_GROCERY",
    "//": "+15% bommers",
    "default": "mon_zombie",
    "monsters": [
      { "monster": "mon_fallout_ghoul", "freq": 3, "cost_multiplier": 7, "pack_size": [ 2, 8 ] },
      { "monster": "mon_fallout_ghoul", "freq": 40, "cost_multiplier": 0 },
      { "monster": "mon_raider_lite", "freq": 15, "cost_multiplier": 1 },
      { "monster": "mon_raider_lite", "freq": 10, "cost_multiplier": 1, "pack_size": [ 1, 4 ] },
      { "monster": "mon_vault_dweller", "freq": 1, "cost_multiplier": 1 },
      { "monster": "mon_vault_wanderer", "freq": 1, "cost_multiplier": 1, "starts": 960 },
      { "monster": "mon_huboligist", "freq": 1, "cost_multiplier": 1 },
      { "monster": "mon_power_arm_a", "freq": 1, "cost_multiplier": 25, "starts": 960 },
      { "monster": "mon_power_arm_b", "freq": 1, "cost_multiplier": 25, "starts": 960 },
      { "monster": "mon_lobotomite_a", "freq": 8, "cost_multiplier": 2 },
      { "monster": "mon_lobotomite_a", "freq": 6, "cost_multiplier": 10, "pack_size": [ 1, 4 ], "starts": 320 },
      { "monster": "mon_supmutant", "freq": 11, "cost_multiplier": 1 },
      { "monster": "mon_supmutant", "freq": 2, "cost_multiplier": 5, "pack_size": [ 1, 3 ] },
      { "monster": "mon_fallout_misterhandy", "freq": 15, "cost_multiplier": 0 }
    ]
  },
  {
    "type": "monstergroup",
    "name": "GROUP_SCHOOL",
    "default": "mon_null",
    "//": "School monster spawns.",
    "monsters": [
      { "monster": "mon_raider_lite", "freq": 15, "cost_multiplier": 1 },
      { "monster": "mon_raider_lite", "freq": 5, "cost_multiplier": 10, "pack_size": [ 3, 8 ] },
      { "monster": "mon_raider_lite", "freq": 10, "cost_multiplier": 3, "pack_size": [ 1, 4 ] },
      { "monster": "mon_vault_dweller", "freq": 2, "cost_multiplier": 1 }
    ]
  },
  {
    "type": "monstergroup",
    "name": "GROUP_MALL",
    "default": "mon_zombie",
    "monsters": [
      { "monster": "mon_fallout_ghoul", "freq": 1, "cost_multiplier": 7, "pack_size": [ 2, 8 ] },
      { "monster": "mon_fallout_ghoul", "freq": 1, "cost_multiplier": 13, "pack_size": [ 4, 25 ] },
      { "monster": "mon_fallout_ghoul", "freq": 1, "cost_multiplier": 20, "pack_size": [ 15, 30 ] },
      { "monster": "mon_fallout_ghoul", "freq": 20, "cost_multiplier": 0 },
      { "monster": "mon_raider_lite", "freq": 15, "cost_multiplier": 1 },
      { "monster": "mon_raider_lite", "freq": 10, "cost_multiplier": 1, "pack_size": [ 1, 4 ] },
      { "monster": "mon_raider_lite", "freq": 5, "cost_multiplier": 2, "pack_size": [ 1, 4 ] },
      { "monster": "mon_raider_lite", "freq": 3, "cost_multiplier": 4, "pack_size": [ 2, 6 ] },
      { "monster": "mon_vault_dweller", "freq": 1, "cost_multiplier": 1 },
      { "monster": "mon_vault_wanderer", "freq": 1, "cost_multiplier": 1, "starts": 960 },
      { "monster": "mon_huboligist", "freq": 3, "cost_multiplier": 1, "pack_size": [ 2, 3 ] },
      { "monster": "mon_power_arm_a", "freq": 2, "cost_multiplier": 25, "starts": 960 },
      { "monster": "mon_power_arm_b", "freq": 2, "cost_multiplier": 25, "starts": 960 },
      { "monster": "mon_lobotomite_a", "freq": 8, "cost_multiplier": 2 },
      { "monster": "mon_lobotomite_a", "freq": 6, "cost_multiplier": 10, "pack_size": [ 1, 4 ], "starts": 320 },
      { "monster": "mon_lobotomite_a", "freq": 4, "cost_multiplier": 25, "pack_size": [ 3, 6 ], "starts": 320 },
      { "monster": "mon_supmutant", "freq": 5, "cost_multiplier": 1 },
      { "monster": "mon_supmutant", "freq": 1, "cost_multiplier": 5, "pack_size": [ 1, 3 ] }
    ]
  },
  {
    "name": "GROUP_PARK_SCENIC",
    "type": "monstergroup",
    "default": "mon_null",
    "monsters": [
      { "monster": "mon_fallout_ghoul", "freq": 1, "cost_multiplier": 7, "pack_size": [ 2, 8 ] },
      { "monster": "mon_fallout_ghoul", "freq": 25, "cost_multiplier": 0 },
      { "monster": "mon_raider_lite", "freq": 15, "cost_multiplier": 1 },
      { "monster": "mon_raider_lite", "freq": 10, "cost_multiplier": 1, "pack_size": [ 1, 4 ] },
      { "monster": "mon_vault_dweller", "freq": 1, "cost_multiplier": 1 },
      { "monster": "mon_vault_wanderer", "freq": 1, "cost_multiplier": 1, "starts": 960 },
      { "monster": "mon_huboligist", "freq": 1, "cost_multiplier": 1 },
      { "monster": "mon_power_arm_a", "freq": 1, "cost_multiplier": 25, "starts": 960 },
      { "monster": "mon_power_arm_b", "freq": 1, "cost_multiplier": 25, "starts": 960 },
      { "monster": "mon_lobotomite_a", "freq": 8, "cost_multiplier": 2 },
      { "monster": "mon_lobotomite_a", "freq": 6, "cost_multiplier": 10, "pack_size": [ 1, 4 ], "starts": 320 },
      { "monster": "mon_supmutant", "freq": 4, "cost_multiplier": 1 },
      { "monster": "mon_supmutant", "freq": 1, "cost_multiplier": 5, "pack_size": [ 1, 3 ] }
    ]
  },
  {
    "type": "monstergroup",
    "name": "DUMP_ZOMBIES",
    "default": "mon_fallout_ghoul",
    "monsters": [
      { "monster": "mon_fallout_ghoul", "freq": 2, "cost_multiplier": 7, "pack_size": [ 2, 8 ] },
      { "monster": "mon_fallout_ghoul", "freq": 1, "cost_multiplier": 10, "pack_size": [ 4, 25 ] },
      { "monster": "mon_fallout_ghoul", "freq": 25, "cost_multiplier": 0 },
      { "monster": "mon_ghoul_raider", "freq": 15, "cost_multiplier": 1 },
      { "monster": "mon_fallout_ghoul_vault", "freq": 1, "cost_multiplier": 1 },
      { "monster": "mon_ghoul_chinese", "freq": 2, "cost_multiplier": 1, "pack_size": [ 2, 4 ] },
      { "monster": "mon_ghoul_raider", "freq": 5, "cost_multiplier": 1, "pack_size": [ 1, 3 ] }
    ]
  },
  {
    "type": "monstergroup",
    "name": "DUMP_FEMAGHOUL",
    "default": "mon_fallout_ghoul",
    "monsters": [
      { "monster": "mon_fallout_ghoul", "freq": 2, "cost_multiplier": 7, "pack_size": [ 2, 8 ] },
      { "monster": "mon_fallout_ghoul", "freq": 1, "cost_multiplier": 10, "pack_size": [ 4, 25 ] },
      { "monster": "mon_fallout_ghoul", "freq": 25, "cost_multiplier": 0 },
      { "monster": "mon_ghoul_raider", "freq": 15, "cost_multiplier": 1 },
      { "monster": "mon_fallout_ghoul_vault", "freq": 1, "cost_multiplier": 1 },
      { "monster": "mon_ghoul_chinese", "freq": 2, "cost_multiplier": 1, "pack_size": [ 2, 4 ] },
      { "monster": "mon_ghoul_raider", "freq": 5, "cost_multiplier": 1, "pack_size": [ 1, 3 ] }
    ]
  },
  {
    "type": "monstergroup",
    "name": "GROUP_CHUD",
    "default": "mon_fallout_ghoul",
    "monsters": [
      { "monster": "mon_fallout_ghoul", "freq": 2, "cost_multiplier": 7, "pack_size": [ 1, 4 ] },
      { "monster": "mon_fallout_ghoul", "freq": 1, "cost_multiplier": 10, "pack_size": [ 2, 17 ] },
      { "monster": "mon_fallout_ghoul", "freq": 25, "cost_multiplier": 0 },
      { "monster": "mon_ghoul_raider", "freq": 15, "cost_multiplier": 1 },
      { "monster": "mon_fallout_ghoul_vault", "freq": 1, "cost_multiplier": 1 },
      { "monster": "mon_ghoul_chinese", "freq": 1, "cost_multiplier": 1, "pack_size": [ 2, 4 ] },
      { "monster": "mon_ghoul_raider", "freq": 5, "cost_multiplier": 1, "pack_size": [ 1, 3 ] }
    ]
  },
  {
    "name": "GROUP_ROOF_ZOMBIE",
    "type": "monstergroup",
    "default": "mon_null",
    "monsters": [
      { "monster": "mon_fallout_ghoul", "freq": 50, "cost_multiplier": 1, "pack_size": [ 2, 3 ] },
      { "monster": "mon_raider_lite", "freq": 75, "cost_multiplier": 2 },
      { "monster": "mon_raider_lite", "freq": 50, "cost_multiplier": 1, "pack_size": [ 1, 3 ] },
      { "monster": "mon_fallout_ghoul", "freq": 100, "cost_multiplier": 1, "pack_size": [ 1, 4 ] }
    ]
  },
  {
    "type": "monstergroup",
    "name": "GROUP_PUBLICWORKERS",
    "default": "mon_zombie_tough",
    "monsters": [
      { "monster": "mon_fallout_ghoul", "freq": 50, "cost_multiplier": 1, "pack_size": [ 2, 3 ] },
      { "monster": "mon_raider_lite", "freq": 75, "cost_multiplier": 2 },
      { "monster": "mon_raider_lite", "freq": 50, "cost_multiplier": 1, "pack_size": [ 1, 3 ] },
      { "monster": "mon_fallout_ghoul", "freq": 60, "cost_multiplier": 1, "pack_size": [ 1, 4 ] },
      { "monster": "mon_supmutant", "freq": 30, "cost_multiplier": 1 },
      { "monster": "mon_supmutant", "freq": 2, "cost_multiplier": 10, "pack_size": [ 1, 2 ] },
      { "monster": "mon_huboligist", "freq": 3, "cost_multiplier": 1, "pack_size": [ 1, 3 ] }
    ]
  },
  {
    "name": "GROUP_MANSION",
    "type": "monstergroup",
    "default": "mon_fallout_ghoul",
    "monsters": [
      { "monster": "mon_fallout_ghoul", "freq": 50, "cost_multiplier": 2, "pack_size": [ 2, 3 ] },
      { "monster": "mon_fallout_ghoul", "freq": 5, "cost_multiplier": 10, "pack_size": [ 4, 10 ] },
      { "monster": "mon_raider_lite", "freq": 75, "cost_multiplier": 2 },
      { "monster": "mon_raider_lite", "freq": 50, "cost_multiplier": 1, "pack_size": [ 1, 3 ] },
      { "monster": "mon_fallout_ghoul", "freq": 60, "cost_multiplier": 1, "pack_size": [ 1, 4 ] },
      { "monster": "mon_supmutant", "freq": 30, "cost_multiplier": 1 },
      { "monster": "mon_supmutant", "freq": 5, "cost_multiplier": 10, "pack_size": [ 1, 3 ] },
      { "monster": "mon_huboligist", "freq": 3, "cost_multiplier": 1, "pack_size": [ 1, 3 ] }
    ]
  },
  {
    "type": "monstergroup",
    "name": "GROUP_INDUSTRIAL_CENTER",
    "default": "mon_zombie_tough",
    "monsters": [
      { "monster": "mon_fallout_ghoul", "freq": 1, "cost_multiplier": 8, "pack_size": [ 2, 8 ] },
      { "monster": "mon_fallout_ghoul", "freq": 8, "cost_multiplier": 3, "pack_size": [ 2, 4 ] },
      { "monster": "mon_fallout_ghoul", "freq": 1, "cost_multiplier": 8, "pack_size": [ 4, 25 ] },
      { "monster": "mon_fallout_ghoul", "freq": 1, "cost_multiplier": 14, "pack_size": [ 15, 30 ] },
      { "monster": "mon_fallout_ghoul", "freq": 55, "cost_multiplier": 5 },
      { "monster": "mon_raider_lite", "freq": 45, "cost_multiplier": 4 },
      { "monster": "mon_raider_lite", "freq": 15, "cost_multiplier": 3, "pack_size": [ 1, 4 ] },
      { "monster": "mon_raider_lite", "freq": 5, "cost_multiplier": 4, "pack_size": [ 1, 5 ] },
      { "monster": "mon_raider_lite", "freq": 3, "cost_multiplier": 8, "pack_size": [ 2, 6 ] },
      { "monster": "mon_vault_dweller", "freq": 1, "cost_multiplier": 2 },
      { "monster": "mon_vault_wanderer", "freq": 1, "cost_multiplier": 2, "starts": 960 },
      { "monster": "mon_huboligist", "freq": 3, "cost_multiplier": 3, "pack_size": [ 2, 3 ] },
      { "monster": "mon_power_arm_a", "freq": 2, "cost_multiplier": 25, "starts": 960 },
      { "monster": "mon_power_arm_b", "freq": 2, "cost_multiplier": 25, "starts": 960 },
      { "monster": "mon_lobotomite_a", "freq": 8, "cost_multiplier": 2 },
      { "monster": "mon_supmutant", "freq": 12, "cost_multiplier": 2 },
      { "monster": "mon_supmutant", "freq": 2, "cost_multiplier": 5, "pack_size": [ 1, 3 ] },
      { "monster": "mon_lobotomite_a", "freq": 6, "cost_multiplier": 10, "pack_size": [ 1, 4 ], "starts": 320 },
      { "monster": "mon_lobotomite_a", "freq": 4, "cost_multiplier": 25, "pack_size": [ 3, 6 ], "starts": 320 }
    ]
  },
  {
    "name": "GROUP_FIRE",
    "type": "monstergroup",
    "default": "mon_null",
    "monsters": [
      { "monster": "mon_fallout_ghoul", "freq": 50, "cost_multiplier": 1, "pack_size": [ 2, 3 ] },
      { "monster": "mon_raider_lite", "freq": 75, "cost_multiplier": 2 },
      { "monster": "mon_raider_lite", "freq": 50, "cost_multiplier": 1, "pack_size": [ 1, 3 ] },
      { "monster": "mon_fallout_ghoul", "freq": 100, "cost_multiplier": 1, "pack_size": [ 1, 4 ] }
    ]
  },
  {
    "type": "monstergroup",
    "name": "GROUP_STEEL_MILL",
    "default": "mon_zombie_tough",
    "monsters": [
      { "monster": "mon_fallout_ghoul", "freq": 1, "cost_multiplier": 8, "pack_size": [ 2, 8 ] },
      { "monster": "mon_fallout_ghoul", "freq": 8, "cost_multiplier": 3, "pack_size": [ 2, 4 ] },
      { "monster": "mon_fallout_ghoul", "freq": 1, "cost_multiplier": 8, "pack_size": [ 4, 25 ] },
      { "monster": "mon_fallout_ghoul", "freq": 1, "cost_multiplier": 14, "pack_size": [ 15, 30 ] },
      { "monster": "mon_fallout_ghoul", "freq": 55, "cost_multiplier": 5 },
      { "monster": "mon_raider_lite", "freq": 45, "cost_multiplier": 4 },
      { "monster": "mon_raider_lite", "freq": 15, "cost_multiplier": 3, "pack_size": [ 1, 4 ] },
      { "monster": "mon_raider_lite", "freq": 5, "cost_multiplier": 4, "pack_size": [ 1, 5 ] },
      { "monster": "mon_raider_lite", "freq": 3, "cost_multiplier": 8, "pack_size": [ 2, 6 ] },
      { "monster": "mon_vault_dweller", "freq": 1, "cost_multiplier": 2 },
      { "monster": "mon_vault_wanderer", "freq": 1, "cost_multiplier": 2, "starts": 960 },
      { "monster": "mon_huboligist", "freq": 3, "cost_multiplier": 3, "pack_size": [ 2, 3 ] },
      { "monster": "mon_power_arm_a", "freq": 2, "cost_multiplier": 25, "starts": 960 },
      { "monster": "mon_power_arm_b", "freq": 2, "cost_multiplier": 25, "starts": 960 },
      { "monster": "mon_lobotomite_a", "freq": 8, "cost_multiplier": 2 },
      { "monster": "mon_supmutant", "freq": 12, "cost_multiplier": 2 },
      { "monster": "mon_supmutant", "freq": 2, "cost_multiplier": 5, "pack_size": [ 1, 3 ] },
      { "monster": "mon_lobotomite_a", "freq": 6, "cost_multiplier": 10, "pack_size": [ 1, 4 ], "starts": 320 },
      { "monster": "mon_lobotomite_a", "freq": 4, "cost_multiplier": 25, "pack_size": [ 3, 6 ], "starts": 320 }
    ]
  },
  {
    "name": "GROUP_MIL_BASE",
    "type": "monstergroup",
    "default": "mon_zombie_soldier",
    "monsters": [
      { "monster": "mon_fallout_mistergutsy", "freq": 40, "cost_multiplier": 0 },
      { "monster": "mon_fallout_mistergutsy", "freq": 15, "cost_multiplier": 0, "starts": 620 },
      { "monster": "mon_protectron_army", "freq": 35, "cost_multiplier": 1 },
      { "monster": "mon_protectron_army", "freq": 10, "cost_multiplier": 1, "pack_size": [ 1, 3 ] },
      { "monster": "mon_assaultron_army", "freq": 20, "cost_multiplier": 1, "pack_size": [ 1, 3 ] },
      { "monster": "mon_assaultron_army", "freq": 10, "cost_multiplier": 1 },
      { "monster": "mon_floating_eye_bot", "freq": 20, "cost_multiplier": 0, "pack_size": [ 2, 4 ] }
    ]
  },
  {
    "name": "GROUP_MIL_STRONG",
    "type": "monstergroup",
    "default": "mon_zombie_soldier",
    "monsters": [
      { "monster": "mon_fallout_mistergutsy", "freq": 25, "cost_multiplier": 0 },
      { "monster": "mon_fallout_mistergutsy", "freq": 4, "cost_multiplier": 0, "starts": 620, "pack_size": [ 1, 3 ] },
      { "monster": "mon_assaultron_army", "freq": 10, "cost_multiplier": 1 },
      { "monster": "mon_assaultron_army", "freq": 10, "cost_multiplier": 1, "pack_size": [ 1, 3 ], "starts": 350 }
    ]
  },
  {
    "name": "GROUP_MIL_WEAK",
    "type": "monstergroup",
    "default": "mon_zombie_soldier",
    "monsters": [
      { "monster": "mon_protectron_army", "freq": 15, "cost_multiplier": 2, "pack_size": [ 1, 4 ] },
      { "monster": "mon_protectron_army", "freq": 40, "cost_multiplier": 0 },
      { "monster": "mon_floating_eye_bot", "freq": 10, "cost_multiplier": 0, "pack_size": [ 1, 3 ] },
      { "monster": "mon_floating_eye_bot", "freq": 20, "cost_multiplier": 0 }
    ]
  },
  {
    "type": "monstergroup",
    "name": "GROUP_MAYBE_MIL",
    "//": "50% chance military zombie or robot",
    "default": "mon_null",
    "monsters": [
      { "monster": "mon_protectron_army", "freq": 35, "cost_multiplier": 1 },
      { "monster": "mon_protectron_army", "freq": 10, "cost_multiplier": 1, "pack_size": [ 1, 3 ] },
      { "monster": "mon_fallout_mistergutsy", "freq": 5, "cost_multiplier": 1 },
      { "monster": "mon_fallout_mistergutsy", "freq": 10, "cost_multiplier": 1, "starts": 620 },
      { "monster": "mon_floating_eye_bot", "freq": 20, "cost_multiplier": 0, "pack_size": [ 1, 3 ] },
      { "monster": "mon_assaultron_army", "freq": 10, "cost_multiplier": 1 }
    ]
  },
  {
    "type": "monstergroup",
    "name": "GROUP_DEATHCLAW_WARREN",
    "default": "mon_deathclaw",
    "monsters": [
      { "monster": "mon_deathclaw_albino", "freq": 55, "cost_multiplier": 0 },
      { "monster": "mon_deathclaw_glowing", "freq": 5, "cost_multiplier": 0 },
      { "monster": "mon_deathclaw_mother", "freq": 30, "cost_multiplier": 0 },
      { "monster": "mon_deathclaw_mother", "freq": 25, "cost_multiplier": 0, "starts": 620 },
      { "monster": "mon_deathclaw_young", "freq": 45, "cost_multiplier": 0 },
      { "monster": "mon_deathclaw_albino_young", "freq": 45, "cost_multiplier": 0 },
      { "monster": "mon_deathclaw_glowing_young", "freq": 5, "cost_multiplier": 0 }
    ]
  },
  {
    "type": "monstergroup",
    "name": "GROUP_RAIDERMART",
    "default": "mon_deathclaw",
    "monsters": [
      { "monster": "mon_raider_lite", "freq": 65, "cost_multiplier": 1 },
      { "monster": "mon_raider_lite", "freq": 10, "cost_multiplier": 1, "pack_size": [ 1, 4 ] },
      { "monster": "mon_raider_lite", "freq": 5, "cost_multiplier": 2, "pack_size": [ 1, 4 ] },
      { "monster": "mon_raider_lite", "freq": 3, "cost_multiplier": 4, "pack_size": [ 2, 6 ] }
    ]
  },
  {
    "type": "monstergroup",
    "name": "GROUP_TOXIC_CAVE_GECKO",
    "default": "mon_gecko_gold",
    "monsters": [
      { "monster": "mon_gecko_gold_young", "freq": 55, "cost_multiplier": 0 },
      { "monster": "mon_gecko_young", "freq": 30, "cost_multiplier": 0 },
      { "monster": "mon_gecko", "freq": 170, "cost_multiplier": 0 }
    ]
  }


]
