[
  {
    "type": "mod_tileset",
    "compatibility": [
      "Chibi_Ultica",
      "UltimateCataclysm",
      "MshockXottoplus",
      "UNDEAD_PEOPLE",
      "UNDEAD_PEOPLE_BASE",
      "UNDEAD_PEOPLE_LEGACY",
      "UlticaShell",
      "MshockXottoplus12",
      "MSX++DEAD_PEOPLE",
      "MXplus12_for_cosmetics"
    ],
    "tiles-new": [
      {
        "file": "Fallout_CDDA_npc_large.png",
        "tiles": [
          { "id": "mon_supmutant_brute_a", "fg": 1, "rotates": false },
          { "id": "mon_supmutant_brute_b", "fg": 2, "rotates": false },
          { "id": "mon_supmutant_master_a", "fg": 3, "rotates": false },
          { "id": "mon_supmutant_master_b", "fg": 4, "rotates": false },
          { "id": "mon_sup_behemoth", "fg": 5, "rotates": false },
          { "id": "mon_sup_nightkin", "fg": 6, "rotates": false },
          { "id": "mon_supmutant", "fg": 7, "rotates": false },
          { "id": "mon_supmutant_vault", "fg": 8, "rotates": false },
          { "id": "mon_fallout_mistergutsy", "fg": 9, "rotates": false },
          { "id": "broken_fallout_mistergutsy", "fg": 10, "rotates": false },
          { "id": "dep_fallout_gutsy", "fg": 10, "rotates": false },
          { "id": "mon_fallout_misterhandy", "fg": 11, "rotates": false },
          { "id": "broken_fallout_misterhandy", "fg": 12, "rotates": false },
          { "id": "dep_fallout_handy", "fg": 12, "rotates": false }
        ],
        "//": "range 369 to 384",
        "sprite_width": 64,
        "sprite_height": 80,
        "sprite_offset_x": -16,
        "sprite_offset_y": -48
      }
    ]
  }
]
