[
  {
    "result": "bot_protectron_army_inactive",
    "type": "recipe",
    "category": "CC_ELECTRONIC",
    "subcategory": "CSC_ELECTRONIC_PARTS",
    "skill_used": "electronics",
    "difficulty": 2,
    "skills_required": [ "computer", 2 ],
    "time": 60000,
    "decomp_learn": 4,
    "book_learn": [ [ "totalhack", 4 ] ],
    "using": [ [ "soldering_standard", 10 ] ],
    "qualities": [ { "id": "SCREW", "level": 1 } ],
    "components": [ [ [ "broken_protectron_army", 1 ] ], [ [ "scrap", 9 ] ], [ [ "cable", 4 ] ], [ [ "plut_cell", 1 ] ], [ [ "e_scrap", 6 ] ] ]
  },
  {
    "result": "dep_fallout_gutsy",
    "type": "recipe",
    "category": "CC_ELECTRONIC",
    "subcategory": "CSC_ELECTRONIC_PARTS",
    "skill_used": "electronics",
    "difficulty": 5,
    "skills_required": [ "computer", 4 ],
    "time": 60000,
    "decomp_learn": 4,
    "book_learn": [ [ "totalhack", 4 ] ],
    "using": [ [ "soldering_standard", 10 ] ],
    "qualities": [ { "id": "SCREW", "level": 1 } ],
    "components": [ [ [ "broken_fallout_mistergutsy", 1 ] ], [ [ "scrap", 9 ] ], [ [ "cable", 4 ] ], [ [ "plut_cell", 3 ] ], [ [ "e_scrap", 6 ] ], [ [ "processor", 1 ] ] ]
  },
  {
    "result": "dep_fallout_handy",
    "type": "recipe",
    "category": "CC_ELECTRONIC",
    "subcategory": "CSC_ELECTRONIC_PARTS",
    "skill_used": "electronics",
    "difficulty": 2,
    "skills_required": [ "computer", 2 ],
    "time": 60000,
    "decomp_learn": 4,
    "book_learn": [ [ "totalhack", 4 ] ],
    "using": [ [ "soldering_standard", 10 ] ],
    "qualities": [ { "id": "SCREW", "level": 1 } ],
    "components": [ [ [ "broken_fallout_misterhandy", 1 ] ], [ [ "scrap", 9 ] ], [ [ "cable", 4 ] ], [ [ "plut_cell", 1 ] ], [ [ "e_scrap", 6 ] ], [ [ "processor", 1 ] ] ]
  },
  {
    "result": "mon_assaultron_army_inactive",
    "type": "recipe",
    "category": "CC_ELECTRONIC",
    "subcategory": "CSC_ELECTRONIC_PARTS",
    "skill_used": "electronics",
    "difficulty": 5,
    "skills_required": [ "computer", 6 ],
    "time": 60000,
    "decomp_learn": 4,
    "book_learn": [ [ "totalhack", 4 ] ],
    "using": [ [ "soldering_standard", 10 ] ],
    "qualities": [ { "id": "SCREW", "level": 1 } ],
    "components": [ [ [ "broken_assaultron_army", 1 ] ], [ [ "scrap", 9 ] ], [ [ "cable", 4 ] ], [ [ "plut_cell", 3 ] ], [ [ "e_scrap", 6 ] ] ]
  },
  {
    "result": "mon_floating_eye_bot_inactive",
    "type": "recipe",
    "category": "CC_ELECTRONIC",
    "subcategory": "CSC_ELECTRONIC_PARTS",
    "skill_used": "electronics",
    "difficulty": 2,
    "skills_required": [ "computer", 2 ],
    "time": 60000,
    "decomp_learn": 4,
    "book_learn": [ [ "totalhack", 4 ] ],
    "using": [ [ "soldering_standard", 10 ] ],
    "qualities": [ { "id": "SCREW", "level": 1 } ],
    "components": [ [ [ "broken_floating_eye_bot", 1 ] ], [ [ "scrap", 5 ] ], [ [ "e_scrap", 6 ] ] ]
  }
]
