[
  {
    "type": "speech",
    "speaker": "mon_fallout_mistergutsy",
    "sound": "\"You better run, you commie-loving bastard!\"",
    "volume": 30
  },
  {
    "type": "speech",
    "speaker": "mon_fallout_mistergutsy",
    "sound": "\"There's nothing I like better than making some other poor bastard die for hís country!\"",
    "volume": 30
  },
  {
    "type": "speech",
    "speaker": "mon_fallout_mistergutsy",
    "sound": "\"Unit deactivating. This troop is hitting the rack!\"",
    "volume": 30
  },
  {
    "type": "speech",
    "speaker": "mon_fallout_mistergutsy",
    "sound": "\"What is your major malfunction, maggot?!\"",
    "volume": 30
  },
  {
    "type": "speech",
    "speaker": "mon_fallout_mistergutsy",
    "sound": "\"Repeat, will you comply?\"",
    "volume": 30
  }
]
