[
    {
        "id": "FO_RAD_VAULT_1_1",
        "type": "overmap_terrain",
        "name": "Irradiated Vault",
        "sym": "V",
        "color": "i_green",
        "see_cost": 10,
        "mondensity": 2
    },
    {
        "id": "FO_RAD_VAULT_1_2",
        "type": "overmap_terrain",
        "name": "Irradiated Vault",
        "sym": "V",
        "color": "i_green",
        "see_cost": 10,
        "mondensity": 2
    },
    {
        "id": "FO_RAD_VAULT_1_3",
        "type": "overmap_terrain",
        "name": "Irradiated Vault",
        "sym": "V",
        "color": "i_green",
        "see_cost": 10,
        "mondensity": 2
    },
    {
        "id": "FO_RAD_VAULT_1_4",
        "type": "overmap_terrain",
        "name": "Irradiated Vault",
        "sym": "V",
        "color": "i_green",
        "see_cost": 10,
        "mondensity": 2
    },
    {
        "id": "FO_RAD_VAULT_D",
        "type": "overmap_terrain",
        "name": "Irradiated Vault",
        "sym": "V",
        "color": "i_green",
        "see_cost": 10,
        "mondensity": 2
    },
    {
        "id": "FO_RAD_VAULT_D_roof",
        "type": "overmap_terrain",
        "name": "Irradiated Vault roof",
        "sym": "V",
        "color": "i_green",
        "see_cost": 2
    },
    {
        "id": "FO_RAD_VAULT_H",
        "type": "overmap_terrain",
        "name": "Irradiated Vault Entrance",
        "sym": "V",
        "color": "i_green",
        "see_cost": 10,
        "mondensity": 2
    },
    {
        "id": "FO_RAD_VAULT_H_roof",
        "type": "overmap_terrain",
        "name": "Irradiated Vault Entrance roof",
        "sym": "V",
        "color": "i_green",
        "see_cost": 2
    }
        
]