[
    {
        "type": "overmap_special",
        "id": "Irradiated Vault",
        "overmaps": [
            { "point": [ 1, 0, -1 ], "overmap": "FO_RAD_VAULT_1_1_north" }, 
            { "point": [ 0, 0, -1 ], "overmap": "FO_RAD_VAULT_1_2_north" }, 
            { "point": [ 0, 1, -1 ], "overmap": "FO_RAD_VAULT_1_3_north" }, 
            { "point": [ 1, 1, -1 ], "overmap": "FO_RAD_VAULT_1_4_north" }, 
            { "point": [ 1, 2, -1 ], "overmap": "FO_RAD_VAULT_D_north" },
            { "point": [ 1, 2, 0 ], "overmap": "FO_RAD_VAULT_H_north" },
            { "point": [ 1, 2, 1 ], "overmap": "FO_RAD_VAULT_H_roof_north" }
        ],
        "locations": [ "land" ],
        "occurrences": [ 1, 2 ]
    }
]