[
    {
        "id": "FO_TOXCAVE_1",
        "type": "overmap_terrain",
        "name": "Toxic Caves",
        "sym": "C",
        "color": "i_green",
        "see_cost": 10,
        "mondensity": 2
    },
    {
        "id": "FO_TOXCAVE_2",
        "type": "overmap_terrain",
        "name": "Toxic Caves",
        "sym": "C",
        "color": "i_green",
        "see_cost": 2
    },
    {
        "id": "FO_TOXCAVE_3",
        "type": "overmap_terrain",
        "name": "Toxic Caves",
        "sym": "C",
        "color": "i_green",
        "see_cost": 2
    },
    {
        "id": "FO_TOXCAVE_4",
        "type": "overmap_terrain",
        "name": "Toxic Caves",
        "sym": "C",
        "color": "i_green",
        "see_cost": 2
    },
    {
        "id": "FO_TOXCAVE_4_roof",
        "type": "overmap_terrain",
        "name": "Toxic Caves",
        "sym": "C",
        "color": "i_green",
        "see_cost": 2
    }
        
]