[
    {
        "type": "overmap_special",
        "id": "Toxic Caves",
        "overmaps": [ { "point": [ 0, 0, -1 ], "overmap": "FO_TOXCAVE_1_north" }, { "point": [ 1, 0, -1 ], "overmap": "FO_TOXCAVE_2_north" }, { "point": [ 1, 0, -2 ], "overmap": "FO_TOXCAVE_3_north" }, { "point": [ 0, 0, 0 ], "overmap": "FO_TOXCAVE_4_north" }, { "point": [ 0, 0, 1 ], "overmap": "FO_TOXCAVE_4_roof_north" } ],
        "locations": [ "land" ],
        "city_distance": [ 3, 25 ],
        "occurrences": [ 1, 3 ]
    }
]