[
    {
    "id": "fd_acid_fo_toxic_caves",
    "type": "field_type",
    "legacy_enum_id": 7,
    "intensity_levels": [
      { "name": "toxic splatter", "sym": "5", "color": "light_green", "dangerous": true },
      { "name": "toxic streak" },
      { "name": "pool of toxic acid", "color": "green" }
    ],
    "description_affix": "covered_in",
    "immunity_data": { "traits": [ "ACIDPROOF" ] },
    "underwater_age_speedup": "2 minutes",
    "has_acid": true,
    "priority": 2,
    "phase": "liquid",
    "display_field": true,
    "looks_like": "fd_acid"
    },
    {
        "type": "mapgen",
        "method": "json",
        "weight": 1000,
        "om_terrain": [ "FO_TOXCAVE_1" ],"object": {
            "fill_ter": "t_floor",
            "rows": [
                
                "RRRRRwwwwwwwwwwwwwwwwwww",
                "RRRRRwFFFFFFFFFFffFFfffF",
                "RRRRRwFFFFFfffFFFFFFffFF",
                "RRRRRwFFwwwwffFFwwwwwwww",
                "RRRRRwFFwRRwFFFFwRRRRRRR",
                "wwwwwwFFwRRwFF1FwRRRRRRR",
                "wF<FwwFFwRRwF11FwRRRRRRR",
                "wFFFwwFFwRRwwwwwwRRRRRRR",
                "wFF1wwFFwRRRRRRRRRRRRRRR",
                "wFF1wwFFwRRRRRRRRRRRRRRR",
                "wFFFwwFFwRRRRRRRRRRRRwww",
                "w1FFwwFFwwRRRRRRRRRRRw2F",
                "wFFfF22FFwwwwwwwwwwwwwFF",
                "wFffFFFFFwwFFF2wwFFFFwFF",
                "wFFFFFFFFwwFFF2wwFF2FwFF",
                "wwwFFwfFwwwFFFFwwFFFFwff",
                "RRwwwwfFwwwFFFfwwFFFFwff",
                "RRRRRwFFFffFFFfffFFFFFFf",
                "RRRRRwFFfffFFFfffFFFFFFf",
                "RRRRRwFFfwwwwwwwwwwwwwFF",
                "RRRRRwwFFwwwwwwwwwwwwwFF",
                "RRRRRRwFFFFFFFFFFffFF1FF",
                "RRRRRRwFFFFFFFFFFFfFFFFF",
                "RRRRRRwwwwwwwwwwwwwwwwww"
            ],
        "palettes": [ "FO_TOXIC_CAVES" ],
        "place_monsters": [ { "monster": "GROUP_TOXIC_CAVE_GECKO", "x": [ 0, 23 ], "y": [ 0, 23 ], "density": 0.25 }],
        "fields" : {
                "f": [ { "field": "fd_acid_fo_toxic_caves" } ]
            },
        "place_item": [
        { "item": "55gal_drum", "x": 3, "y": 10 },
        { "item": "55gal_drum", "x": 3, "y": 11 },
        { "item": "55gal_drum", "x": 4, "y": 12 },
        { "item": "55gal_drum", "x": 4, "y": 15 },
        { "item": "55gal_drum", "x": 8, "y": 2 },
        { "item": "55gal_drum", "x": 7, "y": 3 },
        { "item": "55gal_drum", "x": 11, "y": 13 },
        { "item": "55gal_drum", "x": 12, "y": 13 },
        { "item": "55gal_drum", "x": 11, "y": 14 },
        { "item": "55gal_drum", "x": 17, "y": 16 },
        { "item": "55gal_drum", "x": 17, "y": 15 },
        { "item": "55gal_drum", "x": 17, "y": 14 },
        { "item": "55gal_drum", "x": 19, "y": 15 },
        { "item": "55gal_drum", "x": 19, "y": 2 },
        { "item": "55gal_drum", "x": 14, "y": 21 },
        { "item": "55gal_drum", "x": 13, "y": 21 },
        { "item": "55gal_drum", "x": 22, "y": 15 },
        { "item": "55gal_drum", "x": 14, "y": 17 },
        { "item": "55gal_drum", "x": 15, "y": 17 },
        { "item": "55gal_drum", "x": 6, "y": 16 }
      ],
        "terrain": { ",": "t_region_groundcover" }
        }
    },
    {
        "type": "mapgen",
        "method": "json",
        "weight": 1000,
        "om_terrain": [ "FO_TOXCAVE_2" ],"object": {
            "fill_ter": "t_floor",
            "rows": [
                
                "wwwwwwwwwwwwwwRRRRRRRRRR",
                "FFFFFFFFFFFF2wRRRRRRRRRR",
                "FFFFF22FFFFFFwRWWWWWRRRR",
                "wwwwwwwwwffFFwRWA/AWRRRR",
                "RRRRRRRRwffffwRWBXBWRRRR",
                "RRRRRRRRwwwffwRWW&WWRRRR",
                "RRRRRRRRRRwffwWW-BBWRRRR",
                "RRRRRRRRRRwffggBBBMWRRRR",
                "RRRRRRRRRRwffggBBBAWWWRR",
                "RRRRRRRRRRwffggBBBBBkWRR",
                "wwwwRRRRRRwffwWWWCWWWWRR",
                "FF1wRRRRRRwffwRWBBM/kWRR",
                "FF1wRRRRwwwffwRWBBBhpWRR",
                "FF1wRRRRw1fffwRW444BBWRR",
                "FFFwRRRRw1fffwRWWWWWWWRR",
                "FFFwRRRRwFFFFwRRRRRRRRRR",
                "FFFwwwwwwFFFFwRRRRRRRRRR",
                "FFffffFFFFFFwwRRRRRRRRRR",
                "FFFFFFFFFF22wRRRRRRRRRRR",
                "wwwwFFwwwwwwwRRRRRRRRRRR",
                "wwww1FwRRRRRRRRRRRRRRRRR",
                "FFFFFFwRRRRRRRRRRRRRRRRR",
                "FFFFFFwRRRRRRRRRRRRRRRRR",
                "wwwwwwwRRRRRRRRRRRRRRRRR"
            ],
        "palettes": [ "FO_TOXIC_CAVES" ],
        "place_npcs": [
        { "class": "fo_cave_trapper", "x": 18, "y": 12 }
      ],
        "place_monsters": [ { "monster": "GROUP_TOXIC_CAVE_GECKO", "x": [ 0, 13 ], "y": [ 0, 23 ], "density": 0.25 }],
        "computers": {
        "-": {
          "name": "Storage Facility Stairway Access Control",
          "security": 4,
          "options": [ { "name": "Unlock Door", "action": "unlock" } ],
          "failures": [ { "action": "damage" }, { "action": "alarm" } ]
        }
          },
        "fields" : {
                "f": [ { "field": "fd_acid_fo_toxic_caves" } ]
            },
        "terrain": { ",": "t_region_groundcover", "&": "t_door_metal_locked" }
        }
    },
    {
        "type": "mapgen",
        "method": "json",
        "weight": 1000,
        "om_terrain": [ "FO_TOXCAVE_3" ],"object": {
            "fill_ter": "t_floor",
            "rows": [
                
                "RRRRRRRRRRRRRRRRRRRRRRRR",
                "RRRRRRRRRRRRRRRRRRRRRRRR",
                "RRRRRRRRRRRRRRRWWWWWRRRR",
                "RRRRRRRRWWWWWRRWA/AWRRRR",
                "RRRRRRRRWIIIWRRWBxBWRRRR",
                "RRRRRRRRWBBBWRRWABAWWWRR",
                "RRRRRRRRWWCJWWWWBBBKMWRR",
                "RRRRRRRRW/Bp/pBCBBBKKWRR",
                "RRRRRRRRWBBBBBBWBBBKMWRR",
                "RRRRRRRRWWWWWWWWWWBWWWWW",
                "RRRRRRRRRRRRRW55BWBWB5BW",
                "RRRRRRRRRRRRRWBBBCBCB5BW",
                "RRRRRRRRRRRRRWttBWBWBBBW",
                "RRRRRRRRRRRRRWWWWWBWWWWW",
                "RRRRRRRRRRRRRW6B6WBWB55W",
                "RRRRRRRRRRRRRWBQBCBCBQBW",
                "RRRRRRRRRRRRRWBttWBWtttW",
                "RRRRRRRRRRRRRWWWWWCWWWWW",
                "RRRRRRRRRRRRRWBBtBB8ttBW",
                "RRRRRRRRRRRRRWBQtBBBBB6W",
                "RRRRRRRRRRRRRW7777BBBB6W",
                "RRRRRRRRRRRRRWWWWWWWWWWW",
                "RRRRRRRRRRRRRRRRRRRRRRRR",
                "RRRRRRRRRRRRRRRRRRRRRRRR"
            ],
        "palettes": [ "FO_TOXIC_CAVES" ],
        "place_monster": [
        { "monster": "mon_fallout_mistergutsy", "x": 20, "y": 7 }
      ],
        "place_item": [
        { "item": "bozar", "charges": 30, "x": 19, "y": 18 },
        { "item": "223", "repeat": 6, "x": 19, "y": 18 },
        { "item": "stanag30", "charges": 30, "x": 19, "y": 18 },
        { "item": "stanag30", "charges": 30, "x": 19, "y": 18 },
        { "item": "stanag30", "charges": 30, "x": 19, "y": 18 },
        { "item": "stanag30", "charges": 30, "x": 19, "y": 18 }
      ],
        "terrain": { ",": "t_region_groundcover" }
        }
    },
    {
        "type": "mapgen",
        "method": "json",
        "weight": 1000,
        "om_terrain": [ "FO_TOXCAVE_4" ],"object": {
            "fill_ter": "t_floor",
            "rows": [
                
                ",,,,,,,,,,,,,,,,,,,,,,,,",
                ",,,,,RRRRRRR,,RRRRR,,,,,",
                ",,,,,RRRRRRR,RRRRRRe,,,,",
                "RRRRRRREEERRRRREERRee,e,",
                "RRRRRRREEERRRRREERReeee,",
                "RREEEEVVEEEEEEEEEEeeeee,",
                "RE>EEVVEEEVEEEEVVVeee,,,",
                "REEEEEEEVVVEEEEVRRRRe,,,",
                "RRRRRRREVRRRREEERRRee,,,",
                "RRRRREEERRRRREEERR,,,,,,",
                ",,RRREEERRRRRRRRRR,,,,,,",
                ",,,RR;;;RR,,RRRRR,,,,,,,",
                ",,,,RRRRRR,,,,,,,,,,,,,,",
                ",,,,,RRRR,,,,,,,,,,,,,,,",
                ",,,,,,,,,,,,,,,,,,,,,,,,",
                ",,,,,,,,,,,,,,,,,,,,,,,,",
                ",,,,,,,,,,,,,,,,,,,,,,,,",
                ",,,,,,,,,,,,,,,,,,,,,,,,",
                ",,,,,,,,,,,,,,,,,,,,,,,,",
                ",,,,,,,,,,,,,,,,,,,,,,,,",
                ",,,,,,,,,,,,,,,,,,,,,,,,",
                ",,,,,,,,,,,,,,,,,,,,,,,,",
                ",,,,,,,,,,,,,,,,,,,,,,,,",
                ",,,,,,,,,,,,,,,,,,,,,,,,"
            ],
        "palettes": [ "FO_TOXIC_CAVES" ],
        "place_monsters": [ { "monster": "GROUP_TOXIC_CAVE_GECKO", "x": [ 0, 23 ], "y": [ 0, 23 ], "density": 0.2 }],
        "place_item": [
        { "item": "55gal_drum", "x": 6, "y": 5 },
        { "item": "55gal_drum", "x": 9, "y": 7 },
        { "item": "55gal_drum", "x": 15, "y": 7 },
        { "item": "55gal_drum", "x": 16, "y": 3 }
      ],
        "fields" : {
                "V": [ { "field": "fd_acid_fo_toxic_caves" } ]
            },
        "terrain": { ",": "t_region_groundcover" }
        }
    },
    {
        "type": "mapgen",
        "method": "json",
        "om_terrain": "FO_TOXCAVE_4_roof",
        "weight": 100,
        "object": {
            "fill_ter": "t_open_air",
             "rows": [
                
                "                        ",
                "     .......  .....     ",
                "     ....... ......     ",
                "...................     ",
                "...................     ",
                "..................      ",
                "..................      ",
                "....................    ",
                "...................     ",
                "..................      ",
                "  ................      ",
                "   .......  .....       ",
                "    ......              ",
                "     ....               ",
                "                        ",
                "                        ",
                "                        ",
                "                        ",
                "                        ",
                "                        ",
                "                        ",
                "                        ",
                "                        ",
                "                        "
            ],
            "terrain": {
                ".": "t_rock_floor"
            }
        }
    }
]