[
    {
        "id": "FO_WESTTEK_2_1",
        "type": "overmap_terrain",
        "name": "West-Tek Research Facility",
        "sym": "W",
        "color": "yellow",
        "see_cost": 10,
        "mondensity": 2
    },
    {
        "id": "FO_WESTTEK_2_roof_1",
        "type": "overmap_terrain",
        "name": "West-Tek Research Facility roof",
        "sym": "W",
        "color": "yellow",
        "see_cost": 2
    },
    {
        "id": "FO_WESTTEK_2_2",
        "type": "overmap_terrain",
        "name": "West-Tek Research Facility",
        "sym": "W",
        "color": "yellow",
        "see_cost": 10,
        "mondensity": 2
    },
    {
        "id": "FO_WESTTEK_2_roof_2",
        "type": "overmap_terrain",
        "name": "West-Tek Research Facility roof",
        "sym": "W",
        "color": "yellow",
        "see_cost": 2
    },
    {
        "id": "FO_WESTTEK_2_3",
        "type": "overmap_terrain",
        "name": "West-Tek Research Facility",
        "sym": "W",
        "color": "yellow",
        "see_cost": 10,
        "mondensity": 2
    },
    {
        "id": "FO_WESTTEK_2_roof_3",
        "type": "overmap_terrain",
        "name": "West-Tek Research Facility roof",
        "sym": "W",
        "color": "yellow",
        "see_cost": 2
    },
    {
        "id": "FO_WESTTEK_2_4",
        "type": "overmap_terrain",
        "name": "West-Tek Research Facility",
        "sym": "W",
        "color": "yellow",
        "see_cost": 10,
        "mondensity": 2
    },
    {
        "id": "FO_WESTTEK_2_roof_4",
        "type": "overmap_terrain",
        "name": "West-Tek Research Facility roof",
        "sym": "W",
        "color": "yellow",
        "see_cost": 2
    },
    {
        "id": "FO_WESTTEK_3_1",
        "type": "overmap_terrain",
        "name": "West-Tek Research Facility",
        "sym": "W",
        "color": "yellow",
        "see_cost": 10,
        "mondensity": 2
    },
    {
        "id": "FO_WESTTEK_3_2",
        "type": "overmap_terrain",
        "name": "West-Tek Research Facility",
        "sym": "W",
        "color": "yellow",
        "see_cost": 10,
        "mondensity": 2
    },
    {
        "id": "FO_WESTTEK_3_3",
        "type": "overmap_terrain",
        "name": "West-Tek Research Facility",
        "sym": "W",
        "color": "yellow",
        "see_cost": 10,
        "mondensity": 2
    },
    {
        "id": "FO_WESTTEK_3_4",
        "type": "overmap_terrain",
        "name": "West-Tek Research Facility",
        "sym": "W",
        "color": "yellow",
        "see_cost": 10,
        "mondensity": 2
    },
    {
        "id": "FO_WESTTEK_4_1",
        "type": "overmap_terrain",
        "name": "West-Tek Research Facility",
        "sym": "W",
        "color": "yellow",
        "see_cost": 10,
        "mondensity": 2
    },
    {
        "id": "FO_WESTTEK_4_2",
        "type": "overmap_terrain",
        "name": "West-Tek Research Facility",
        "sym": "W",
        "color": "yellow",
        "see_cost": 10,
        "mondensity": 2
    },
    {
        "id": "FO_WESTTEK_4_3",
        "type": "overmap_terrain",
        "name": "West-Tek Research Facility",
        "sym": "W",
        "color": "yellow",
        "see_cost": 10,
        "mondensity": 2
    },
    {
        "id": "FO_WESTTEK_4_4",
        "type": "overmap_terrain",
        "name": "West-Tek Research Facility",
        "sym": "W",
        "color": "yellow",
        "see_cost": 10,
        "mondensity": 2
    }
        
]