[
    {
        "type": "overmap_special",
        "id": "West-Tek Research Facility",
        "overmaps": [
            { "point": [ 1, 0, -1 ], "overmap": "FO_WESTTEK_2_1_north" }, 
            { "point": [ 1, 0, 0 ], "overmap": "FO_WESTTEK_2_roof_1_north" },
            { "point": [ 0, 0, -1 ], "overmap": "FO_WESTTEK_2_2_north" }, 
            { "point": [ 0, 0, 0 ], "overmap": "FO_WESTTEK_2_roof_2_north" },
            { "point": [ 0, 1, -1 ], "overmap": "FO_WESTTEK_2_3_north" }, 
            { "point": [ 0, 1, 0 ], "overmap": "FO_WESTTEK_2_roof_3_north" },
            { "point": [ 1, 1, -1 ], "overmap": "FO_WESTTEK_2_4_north" }, 
            { "point": [ 1, 1, 0 ], "overmap": "FO_WESTTEK_2_roof_4_north" },
            { "point": [ 1, 0, -2 ], "overmap": "FO_WESTTEK_3_1_north" }, 
            { "point": [ 0, 0, -2 ], "overmap": "FO_WESTTEK_3_2_north" }, 
            { "point": [ 0, 1, -2 ], "overmap": "FO_WESTTEK_3_3_north" }, 
            { "point": [ 1, 1, -2 ], "overmap": "FO_WESTTEK_3_4_north" },
            { "point": [ 1, 0, -3 ], "overmap": "FO_WESTTEK_4_1_north" }, 
            { "point": [ 0, 0, -3 ], "overmap": "FO_WESTTEK_4_2_north" }, 
            { "point": [ 0, 1, -3 ], "overmap": "FO_WESTTEK_4_3_north" }, 
            { "point": [ 1, 1, -3 ], "overmap": "FO_WESTTEK_4_4_north" }
        ],
        "locations": [ "land" ],
        "city_distance": [ 5, 30 ],
        "occurrences": [ 1, 2 ]
    }
]