[
    {
        "type":"palette",
        "id":"FO_VAULTPAL_WESTTEK",
        "terrain": {
           ".": "t_linoleum_white",
           "W": "t_concrete_wall",
           "w": "t_wall_metal",
           "F": "t_concrete",
           "<": "t_stairs_down",
           ">": "t_stairs_up",
           "C": "t_vault_door_c",
           "f": "t_strconc_floor",
           "T": "t_metal_floor",
           "t": "t_concrete",
           "c": "t_strconc_floor",
           "Q": "t_strconc_floor",
           "S": "t_linoleum_gray",
           "s": "t_concrete",
           "G": "t_floor_blue",
           "*": "t_utility_light",
           "B": "t_floor",
           "b": "t_linoleum_gray",
           "E": "t_linoleum_gray",
           "e": "t_linoleum_gray",
           "R": "t_linoleum_gray",
           "1": "t_strconc_floor",
           "2": "t_concrete",
           "V": "t_metal_floor",
           "g": "t_grate",
           "Y": "t_linoleum_white",
           "y": "t_floor_blue",
           "U": "t_plut_generator",
           "u": "t_metal_floor",
           "I": "t_metal_floor",
           "i": "t_metal_floor",
           "3": "t_linoleum_white",
           "O": "t_floor",
           "o": "t_floor_blue",
           "P": "t_console",
           "p": "t_console_broken",
           "4": "t_metal_floor",
           "A": "t_concrete",
           "a": "t_concrete",
           "D": "t_concrete",
           "d": "t_concrete",
           "5": "t_metal_floor",
           "H": "t_floor_blue",
           "h": "t_concrete",
           "J": "t_reinforced_glass",
           "j": "t_concrete",
           "K": "t_concrete",
           "L": "t_concrete",
           "l": "t_concrete",
           ";": "t_grass_dead",
           "'": "t_sewage_pump",
           "6": "t_concrete",
           "7": "t_concrete",
           "8": "t_concrete",
           "9": "t_concrete",
           "!": "t_sewage_pipe",
           "Z": "t_dirt",
           "z": "t_concrete",
           "X": "t_linoleum_white",
           "x": "t_shrub_blackberry",
           "v": "t_concrete",
           "@": "t_concrete",
           "N": "t_linoleum_white",
           "n": "t_linoleum_white",
           "#": "t_linoleum_white",
           "$": "t_concrete",
           "%": "t_concrete",
           "^": "t_concrete",
           "~": "t_rock",
           "`": "t_floor_blue",
           "?": "t_floor_blue",
           ":": "t_linoleum_white",
           "(": "t_concrete",
           "0": "t_concrete",
           "_": "t_concrete",
           "=": "t_concrete",
           "+": "t_linoleum_white",
           "M": "t_linoleum_white",
           "m": "t_machinery_light",
           "|": "t_linoleum_white",
           "/": "t_machinery_electronic",
           "k": "t_machinery_old",
           "{": "t_column"
        },
        "furniture": {
           ".": "f_shower",
           "t": "f_table",
           "c": "f_table",
           "Q": "f_armchair",
           "S": "f_stool",
           "s": "f_chair",
           "b": "f_oven",
           "E": "f_sink",
           "e": "f_washer",
           "R": "f_glass_fridge",
           "1": "f_rack",
           "2": "f_rack",
           "V": "f_vending_c",
           "Y": "f_IV_pole",
           "y": "f_bed",
           "u": "f_desk",
           "I": "f_fallout_magreel",
           "i": "f_fallout_server",
           "3": "f_glass_cabinet",
           "O": "f_table",
           "o": "f_sofa",
           "4": "f_rack",
           "A": "f_air_filter",
           "a": "f_standing_tank",
           "D": "f_water_heater",
           "d": "f_water_purifier",
           "5": "f_utility_shelf",
           "H": "f_table",
           "h": "f_armchair",
           "j": "f_table",
           "K": "f_chair",
           "L": "f_filing_cabinet",
           "l": "f_target",
           "6": "f_utility_shelf",
           "7": "f_locker",
           "8": "f_locker",
           "9": "f_locker",
           "Z": "f_rubble",
           "z": "f_air_filter",
           "v": "f_water_heater",
           "@": "f_warehouse_shelf",
           "n": "f_toilet",
           "#": "f_glass_cabinet",
           "$": "f_utility_shelf",
           "%": "f_bookcase",
           "^": "f_utility_shelf",
           "?": "f_table",
           "(": "f_utility_shelf",
           "0": "f_heavy_lathe",
           "_": "f_hydraulic_press",
           "=": "f_robotic_assembler",
           "+": "f_autodoc_couch",
           "M": "f_autodoc",
           "|": "f_lab_bench"
        },
    "items": {
            
        "1": [ { "item": "supplies_mechanics", "chance": 65, "repeat": [ 2, 6 ] }, { "item": "supplies_electronics", "chance": 55, "repeat": [ 5, 8 ] }, { "item": "metal_workshop", "chance": 55, "repeat": [ 5, 8 ] }, { "item": "office_supplies", "chance": 55, "repeat": [ 1, 3 ] } ],
        "2": [ { "item": "office_supplies", "chance": 55, "repeat": [ 2, 4 ] }, { "item": "science", "chance": 70, "repeat": [ 6, 10 ] }, { "item": "schematics", "chance": 10, "repeat": [ 1, 2 ] }, { "item": "chem_lab", "chance": 40, "repeat": [ 1, 2 ] } ],
        "3": [ { "item": "chem_lab", "chance": 65 }, { "item": "hospital_medical_items", "chance": 30, "repeat": [ 1, 6 ] }, { "item": "science", "chance": 45, "repeat": [ 1, 2 ] }, { "item": "bionics", "chance": 15, "repeat": [ 1, 4 ] }, { "item": "bionics_op", "chance": 15, "repeat": [ 1, 3 ] }, { "item": "bionics_op2_off", "chance": 5 }, { "item": "bionics_tech", "chance": 5, "repeat": [ 1, 3 ] } ],
        "4": [ { "item": "fallout_energy_gungroups_enhanced", "chance": 85, "repeat": [ 3, 5 ] } ],
        "5": [ { "item": "fallout_glow_power_armor_choice", "chance": 100 } ],
        "6": [ { "item": "fallout_glow_fatman", "chance": 100 } ],
        "8": [ { "item": "supplies_mechanics", "chance": 65, "repeat": [ 2, 6 ] }, { "item": "supplies_electronics", "chance": 55, "repeat": [ 5, 8 ] }, { "item": "metal_workshop", "chance": 55, "repeat": [ 5, 8 ] }, { "item": "office_supplies", "chance": 55, "repeat": [ 1, 3 ] }, { "item": "office_supplies", "chance": 55, "repeat": [ 1, 3 ] }, { "item": "ammo_any_batteries_full", "chance": 20, "repeat": [ 4, 8 ] } ],
        "9": [ { "item": "office_supplies", "chance": 55, "repeat": [ 2, 4 ] }, { "item": "science", "chance": 70, "repeat": [ 6, 10 ] }, { "item": "schematics", "chance": 10, "repeat": [ 1, 2 ] }, { "item": "chem_lab", "chance": 40, "repeat": [ 1, 2 ] }, { "item": "office_supplies", "chance": 55, "repeat": [ 1, 3 ] }, { "item": "ammo_any_batteries_full", "chance": 30, "repeat": [ 4, 8 ] } ],
        "|": [ { "item": "chem_lab", "chance": 25 }, { "item": "supplies_reagents_lab", "chance": 75, "repeat": [ 1, 3 ] }, { "item": "science", "chance": 30, "repeat": [ 1, 2 ] }, { "item": "bionics", "chance": 5 }, { "item": "book_mag_tech", "chance": 10 } ],
        "t": [ { "item": "office_supplies", "chance": 15, "repeat": [ 1, 2 ] }, { "item": "trash", "chance": 15, "repeat": [ 1, 2 ] }, { "item": "lab_bookshelves", "chance": 15, "repeat": [ 1, 2 ] } ],
        "c": [ { "item": "office_supplies", "chance": 15, "repeat": [ 1, 2 ] }, { "item": "trash", "chance": 15, "repeat": [ 1, 2 ] }, { "item": "lab_bookshelves", "chance": 15, "repeat": [ 1, 2 ] } ]
            }
        }
]