[
    {
        "type": "mapgen",
        "method": "json",
        "weight": 1000,
        "om_terrain": [ 
            [ "FO_WESTTEK_2_2", "FO_WESTTEK_2_1" ],
            [ "FO_WESTTEK_2_3", "FO_WESTTEK_2_4" ]
        ],
        "object": {
            "fill_ter": "t_open_air",
            "rows": [
                
                ",,,,,,,,,,,,,,,,,,,,,,,,,,,,,,,,,,,,,,,,,,,,,,,,",
                ",,,,,,,,,,,,,,,,,,,,,,,,,,,,,,,,,,,,,,,,,,,,,,,,",
                ",,,,,,,,,,,,,,,,,,,,,,,,,,,,,,,,,,,,,,,,,,,,,,,,",
                ",,,,,,,,,,,,,,,,,,,,,,,,,,,,,,,,,,,,,,,,,,,,,,,,",
                ",,,,,,,,,,,,,,,,,,,,,,,,,,,,,,,,,,,,,,,,,,,,,,,,",
                ",,,,,,,,,,,,,,,,,,,,,,,,,,,,,,,,,,,,,,,,,,,,,,,,",
                ",,,,,,,,,,,,,,,,,,,,,,,,,,,,,,,,,,,,,,,,,,,,,,,,",
                ",,,,,,,,,,,,,,,,,,,,,,,,,,,,,,,,,,,,,,,,,,,,,,,,",
                ",,,,,,,,,,,,,,,,,,,,,,,,,,,,,,,,,,,,,,,,,,,,,,,,",
                ",,,,,,,,,,,,,WWWWWWWWWWWWWWWWWWWWWW,,,,,,,,,,,,,",
                ",,,,,,,,,,,,,WzpIpWzzWfpppfWzzW2W7W,,,,,,,,,,,,,",
                ",,,,,,,,,,,,,WIFFtWTTWfffffWTTWFCFW,,,,,,,,,,,,,",
                ",,,,,,,,,,,,,WFFhtWTgWffQcfWgTWFWWW,,,,,,,,,,,,,",
                ",,,,,,,,,,,,,WttFFCTgCfcccfCgTCFFFW,,,,,,,,,,,,,",
                ",,,,,,,,,,,,,WttF2WTgWfffffWgTWFQFW,,,,,,,,,,,,,",
                ",,,,,,,,,,,,,WFF22WTTWffQffWTTWcccW,,,,,,,,,,,,,",
                ",,,,,,,,,,,,,WWWWWWTTWfcccfWTTWWWWW,,,,,,,,,,,,,",
                ",,,,,,,,,,,,,WFttpWTTWWWWWWWTTWcccW,,,,,,,,,,,,,",
                ",,,,,,,,,,,,,WFFhFWTTWFFFFFWTTCFQcW,,,,,,,,,,,,,",
                ",,,,,,,,,,,,,WFFFFWTgWFF  FWgTWFFFW,,,,,,,,,,,,,",
                ",,,,,,,,,,,,,W2FFFCTgCF   FCgTWFFFW,,,,,,,,,,,,,",
                ",,,,,,,,,,,,,W22FFWTgWFF  FWgTWWWWW,,,,,,,,,,,,,",
                ",,,,,,,,,,,,,WWWWFWTTW   FFWTTWIIpW,,,,,,,,,,,,,",
                ",,,,,,,,,,,,,W77WFWTTWFFFFFWTTCFcFW,,,,,,,,,,,,,",
                ",,,,,,,,,,,,,WFFCFWTTWWWWWWWTTWFcFW,,,,,,,,,,,,,",
                ",,,,,,,,,,,,,WWWWWWTTWfQfk/WTTWFcQW,,,,,,,,,,,,,",
                ",,,,,,,,,,,,,WzFFFWTgWcccffWgTWWWWW,,,,,,,,,,,,,",
                ",,,,,,,,,,,,,WFFFFCTgCfffffCgTWIF2W,,,,,,,,,,,,,",
                ",,,,,,,,,,,,,W2FhFWTgWfffQcWgTCFFQW,,,,,,,,,,,,,",
                ",,,,,,,,,,,,,W2tttW<<W11cccWTTWcccW,,,,,,,,,,,,,",
                ",,,,,,,,,,,,,WWWWWWWWWWWWWWWWWWWWWW,,,,,,,,,,,,,",
                ",,,,,,,,,,,,,,,,,,,,,,,,,,,,,,,,,,,,,,,,,,,,,,,,",
                ",,,,,,,,,,,,,,,,,,,,,,,,,,,,,,,,,,,,,,,,,,,,,,,,",
                ",,,,,,,,,,,,,,,,,,,,,,,,,,,,,,,,,,,,,,,,,,,,,,,,",
                ",,,,,,,,,,,,,,,,,,,,,,,,,,,,,,,,,,,,,,,,,,,,,,,,",
                ",,,,,,,,,,,,,,,,,,,,,,,,,,,,,,,,,,,,,,,,,,,,,,,,",
                ",,,,,,,,,,,,,,,,,,,,,,,,,,,,,,,,,,,,,,,,,,,,,,,,",
                ",,,,,,,,,,,,,,,,,,,,,,,,,,,,,,,,,,,,,,,,,,,,,,,,",
                ",,,,,,,,,,,,,,,,,,,,,,,,,,,,,,,,,,,,,,,,,,,,,,,,",
                ",,,,,,,,,,,,,,,,,,,,,,,,,,,,,,,,,,,,,,,,,,,,,,,,",
                ",,,,,,,,,,,,,,,,,,,,,,,,,,,,,,,,,,,,,,,,,,,,,,,,",
                ",,,,,,,,,,,,,,,,,,,,,,,,,,,,,,,,,,,,,,,,,,,,,,,,",
                ",,,,,,,,,,,,,,,,,,,,,,,,,,,,,,,,,,,,,,,,,,,,,,,,",
                ",,,,,,,,,,,,,,,,,,,,,,,,,,,,,,,,,,,,,,,,,,,,,,,,",
                ",,,,,,,,,,,,,,,,,,,,,,,,,,,,,,,,,,,,,,,,,,,,,,,,",
                ",,,,,,,,,,,,,,,,,,,,,,,,,,,,,,,,,,,,,,,,,,,,,,,,",
                ",,,,,,,,,,,,,,,,,,,,,,,,,,,,,,,,,,,,,,,,,,,,,,,,",
                ",,,,,,,,,,,,,,,,,,,,,,,,,,,,,,,,,,,,,,,,,,,,,,,,"
            ],
        "palettes": [ "FO_VAULTPAL_WESTTEK" ],
        "place_monsters": [ { "monster": "GROUP_MIL_WEAK", "x": [ 14, 23 ], "y": [ 10, 23 ], "density": 0.6 },
        { "monster": "GROUP_MIL_WEAK", "x": [ 14, 23 ], "y": [ 24, 29 ], "density": 0.6 },
        { "monster": "GROUP_MIL_WEAK", "x": [ 24, 33 ], "y": [ 10, 23 ], "density": 0.6 },
        { "monster": "GROUP_MIL_WEAK", "x": [ 24, 33 ], "y": [ 24, 29 ], "density": 0.6 } ],
        "set": [
            { "square": "radiation", "amount": 40, "x": 0, "y": 0, "x2": 23, "y2": 23 },
            { "square": "radiation", "amount": 40, "x": 24, "y": 0, "x2": 47, "y2": 23 },
            { "square": "radiation", "amount": 40, "x": 0, "y": 24, "x2": 23, "y2": 47 },
            { "square": "radiation", "amount": 40, "x": 24, "y": 24, "x2": 47, "y2": 47 }
            ],
        "place_item": [
        { "item": "corpse_generic_human", "x": 19, "y": 18, "chance": 80 },
        { "item": "corpse_generic_human", "x": 26, "y": 23, "chance": 80 },
        { "item": "corpse_generic_human", "x": 15, "y": 27, "chance": 60 },
        { "item": "corpse_generic_human", "x": 29, "y": 16, "chance": 80 },
        { "item": "corpse_generic_human", "x": 15, "y": 27, "chance": 60 },
        { "item": "corpse_generic_human", "x": 15, "y": 27, "chance": 60 },
        { "item": "corpse_generic_human", "x": 23, "y": 11, "chance": 70 },
        { "item": "corpse_generic_human", "x": 32, "y": 20, "chance": 60 },
        { "item": "corpse_generic_human", "x": 22, "y": 10, "chance": 60 }
      ],
        "terrain": { ",": "t_rock" }
        }
    },
    {
        "type": "mapgen",
        "method": "json",
        "weight": 1000,
        "om_terrain": [ 
            [ "FO_WESTTEK_3_2", "FO_WESTTEK_3_1" ],
            [ "FO_WESTTEK_3_3", "FO_WESTTEK_3_4" ]
        ],
        "object": {
            "fill_ter": "t_floor",
            "rows": [
                
                ",,,,,,,,,,,,,,,,,,,,,,,,,,,,,,,,,,,,,,,,,,,,,,,,",
                ",,,,,,,,,,,,,,,,,,,,,,,,,,,,,,,,,,,,,,,,,,,,,,,,",
                ",,,,,,,,,,,,,,,,,,,,,,,,,,,,,,,,,,,,,,,,,,,,,,,,",
                ",,,,,,,,,,,,,,,,,,,,,,,,,,,,,,,,,,,,,,,,,,,,,,,,",
                ",,,,,,,,,,,,,,,,,,,,,,,,,,,,,,,,,,,,,,,,,,,,,,,,",
                ",,,,,,,,,,,,,,,,,,,,,,,,,,,,,,,,,,,,,,,,,,,,,,,,",
                ",,,,,,,,,,,,,,,,,,,,,,,,,,,,,,,,,,,,,,,,,,,,,,,,",
                ",,,,,,,,,,,,,,,,,,,,,,,,,,,,,,,,,,,,,,,,,,,,,,,,",
                ",,,,,,,,,,,,,,,,,,,,,,,,,,,,,,,,,,,,,,,,,,,,,,,,",
                ",,,,,,,,,,,,,WWWWWWWWWWWWWWWWWWWWWW,,,,,,,,,,,,,",
                ",,,,,,,,,,,,,WphFhIWggW11F22Wccc11W,,,,,,,,,,,,,",
                ",,,,,,,,,,,,,WFtttFWFFWFtttFWQfffcW,,,,,,,,,,,,,",
                ",,,,,,,,,,,,,W1tttFCFFCFtttpWkfffcW,,,,,,,,,,,,,",
                ",,,,,,,,,,,,,W1hFh2WFFWFFFFFW11fQcW,,,,,,,,,,,,,",
                ",,,,,,,,,,,,,W1FF22WFFWFFFFFWWWCWWW,,,,,,,,,,,,,",
                ",,,,,,,,,,,,,WWWCWWWFFWthFFFWpFFFiW,,,,,,,,,,,,,",
                ",,,,,,,,,,,,,WzTTTzWFFWtttFFWFhFFiW,,,,,,,,,,,,,",
                ",,,,,,,,,,,,,WTgggTWFFWWWWWFWFtttFW,,,,,,,,,,,,,",
                ",,,,,,,,,,,,,WTgggTWgFWkkmWCWFtttIW,,,,,,,,,,,,,",
                ",,,,,,,,,,,,,WTgggTCgFWFFFFFWFhFFIW,,,,,,,,,,,,,",
                ",,,,,,,,,,,,,WTgggTWgFWFgggFWWWCWWW,,,,,,,,,,,,,",
                ",,,,,,,,,,,,,WzTTTzWFFWFg{gFWFFFFFW,,,,,,,,,,,,,",
                ",,,,,,,,,,,,,WWWCWWWFFWFgggFCFFFFFW,,,,,,,,,,,,,",
                ",,,,,,,,,,,,,WFFFppWFFWFFFFFWWWCWWW,,,,,,,,,,,,,",
                ",,,,,,,,,,,,,WFhFFFWFFW//mWCW//f22W,,,,,,,,,,,,,",
                ",,,,,,,,,,,,,WFtttFCFFWWWWWFWkfff2W,,,,,,,,,,,,,",
                ",,,,,,,,,,,,,WFwwwFWFFWFpIpFWfffffW,,,,,,,,,,,,,",
                ",,,,,,,,,,,,,WFw<wFWFFWFFFFFWcQffcW,,,,,,,,,,,,,",
                ",,,,,,,,,,,,,WFwCwFWFFCFttt2WcffQcW,,,,,,,,,,,,,",
                ",,,,,,,,,,,,,WFFFFFW>>Whttt1Wc11ccW,,,,,,,,,,,,,",
                ",,,,,,,,,,,,,WWWWWWWWWWWWWWWWWWWWWW,,,,,,,,,,,,,",
                ",,,,,,,,,,,,,,,,,,,,,,,,,,,,,,,,,,,,,,,,,,,,,,,,",
                ",,,,,,,,,,,,,,,,,,,,,,,,,,,,,,,,,,,,,,,,,,,,,,,,",
                ",,,,,,,,,,,,,,,,,,,,,,,,,,,,,,,,,,,,,,,,,,,,,,,,",
                ",,,,,,,,,,,,,,,,,,,,,,,,,,,,,,,,,,,,,,,,,,,,,,,,",
                ",,,,,,,,,,,,,,,,,,,,,,,,,,,,,,,,,,,,,,,,,,,,,,,,",
                ",,,,,,,,,,,,,,,,,,,,,,,,,,,,,,,,,,,,,,,,,,,,,,,,",
                ",,,,,,,,,,,,,,,,,,,,,,,,,,,,,,,,,,,,,,,,,,,,,,,,",
                ",,,,,,,,,,,,,,,,,,,,,,,,,,,,,,,,,,,,,,,,,,,,,,,,",
                ",,,,,,,,,,,,,,,,,,,,,,,,,,,,,,,,,,,,,,,,,,,,,,,,",
                ",,,,,,,,,,,,,,,,,,,,,,,,,,,,,,,,,,,,,,,,,,,,,,,,",
                ",,,,,,,,,,,,,,,,,,,,,,,,,,,,,,,,,,,,,,,,,,,,,,,,",
                ",,,,,,,,,,,,,,,,,,,,,,,,,,,,,,,,,,,,,,,,,,,,,,,,",
                ",,,,,,,,,,,,,,,,,,,,,,,,,,,,,,,,,,,,,,,,,,,,,,,,",
                ",,,,,,,,,,,,,,,,,,,,,,,,,,,,,,,,,,,,,,,,,,,,,,,,",
                ",,,,,,,,,,,,,,,,,,,,,,,,,,,,,,,,,,,,,,,,,,,,,,,,",
                ",,,,,,,,,,,,,,,,,,,,,,,,,,,,,,,,,,,,,,,,,,,,,,,,",
                ",,,,,,,,,,,,,,,,,,,,,,,,,,,,,,,,,,,,,,,,,,,,,,,,"
            ],
        "palettes": [ "FO_VAULTPAL_WESTTEK" ],
        "place_monsters": [ { "monster": "GROUP_MIL_BASE", "x": [ 14, 23 ], "y": [ 10, 23 ], "density": 0.5 },
        { "monster": "GROUP_MIL_BASE", "x": [ 14, 23 ], "y": [ 24, 29 ], "density": 0.5 },
        { "monster": "GROUP_MIL_BASE", "x": [ 24, 33 ], "y": [ 10, 23 ], "density": 0.5 },
        { "monster": "GROUP_MIL_BASE", "x": [ 24, 33 ], "y": [ 24, 29 ], "density": 0.5 } ],
        "set": [
            { "square": "radiation", "amount": 40, "x": 0, "y": 0, "x2": 23, "y2": 23 },
            { "square": "radiation", "amount": 40, "x": 24, "y": 0, "x2": 47, "y2": 23 },
            { "square": "radiation", "amount": 40, "x": 0, "y": 24, "x2": 23, "y2": 47 },
            { "square": "radiation", "amount": 40, "x": 24, "y": 24, "x2": 47, "y2": 47 }
            ],
        "place_item": [
        { "item": "corpse_generic_human", "x": 20, "y": 14, "chance": 80 },
        { "item": "corpse_generic_human", "x": 17, "y": 18, "chance": 80 },
        { "item": "corpse_generic_human", "x": 17, "y": 21, "chance": 60 },
        { "item": "corpse_generic_human", "x": 23, "y": 26, "chance": 80 },
        { "item": "corpse_generic_human", "x": 26, "y": 19, "chance": 60 },
        { "item": "corpse_generic_human", "x": 25, "y": 23, "chance": 60 },
        { "item": "corpse_generic_human", "x": 32, "y": 26, "chance": 70 },
        { "item": "corpse_generic_human", "x": 25, "y": 13, "chance": 60 },
        { "item": "corpse_generic_human", "x": 26, "y": 27, "chance": 60 }
      ],
        "terrain": { ",": "t_rock" }
        }
    },
    {
        "type": "mapgen",
        "method": "json",
        "weight": 1000,
        "om_terrain": [ 
            [ "FO_WESTTEK_4_2", "FO_WESTTEK_4_1" ],
            [ "FO_WESTTEK_4_3", "FO_WESTTEK_4_4" ]
        ],
        "object": {
            "fill_ter": "t_floor",
            "rows": [
                
                ",,,,,,,,,,,,,,,,,,,,,,,,,,,,,,,,,,,,,,,,,,,,,,,,",
                ",,,,,,,,,,,,,,,,,,,,,,,,,,,,,,,,,,,,,,,,,,,,,,,,",
                ",,,,,,,,,,,,,,,,,,,,,,,,,,,,,,,,,,,,,,,,,,,,,,,,",
                ",,,,,,,,,,,,,,,,,,,,,,,,,,,,,,,,,,,,,,,,,,,,,,,,",
                ",,,,,,,,,,,,,,,,,,,,,,,,,,,,,,,,,,,,,,,,,,,,,,,,",
                ",,,,,,,,,,,,,,,,,,,,,,,,,,,,,,,,,,,,,,,,,,,,,,,,",
                ",,,,,,,,,,,,,,,,,,,,,,,,,,,,,,,,,,,,,,,,,,,,,,,,",
                ",,,,,,,,,,,,,,,,,,,,,,,,,,,,,,,,,,,,,,,,,,,,,,,,",
                ",,,,,,,,,,,,,,,,,,,,,,,,,,,,,,,,,,,,,,,,,,,,,,,,",
                ",,,,,,,,,,,,,WWWWWWWWWWWWWWWWWWWWWW,,,,,,,,,,,,,",
                ",,,,,,,,,,,,,W88899FpwtttFw222tttpW,,,,,,,,,,,,,",
                ",,,,,,,,,,,,,WFFFFFFFwPFhFwFFFFhFFW,,,,,,,,,,,,,",
                ",,,,,,,,,,,,,WWWWWthFCFFFFCFhtWWWWW,,,,,,,,,,,,,",
                ",,,,,,,,,,,,,W11pWtFFwPFFFwFFtWipIW,,,,,,,,,,,,,",
                ",,,,,,,,,,,,,WttFWWCWwFFF-wWCWWFFFW,,,,,,,,,,,,,",
                ",,,,,,,,,,,,,WthFwFgzww&&wwzgFwFFFW,,,,,,,,,,,,,",
                ",,,,,,,,,,,,,WtFFCFgFwTTTTwFgFCFhFW,,,,,,,,,,,,,",
                ",,,,,,,,,,,,,W22FwFgFw4TT4wFgFwtttW,,,,,,,,,,,,,",
                ",,,,,,,,,,,,,WWWWWWCWw4TT4wWCWWWWWW,,,,,,,,,,,,,",
                ",,,,,,,,,,,,,WTTTTTTTw4654wTTTTTTTW,,,,,,,,,,,,,",
                ",,,,,,,,,,,,,WTggg{gTwwwwwwTg{gggTW,,,,,,,,,,,,,",
                ",,,,,,,,,,,,,WTg{gggTFFFFFFTggg{gTW,,,,,,,,,,,,,",
                ",,,,,,,,,,,,,WTTTTTTTFFFFFFTTTTTTTW,,,,,,,,,,,,,",
                ",,,,,,,,,,,,,WWWWWWWWWWFFWWWWWWWWWW,,,,,,,,,,,,,",
                ",,,,,,,,,,,,,WzFFFFFFzWFFWipIW33M+W,,,,,,,,,,,,,",
                ",,,,,,,,,,,,,WFFFFFFFgWggWgFFWXXXXW,,,,,,,,,,,,,",
                ",,,,,,,,,,,,,WFwwwtFFgCggCgFFCX||mW,,,,,,,,,,,,,",
                ",,,,,,,,,,,,,WFw>wthFgWggWgFFWX||mW,,,,,,,,,,,,,",
                ",,,,,,,,,,,,,WFwCwtFFFWFFWFFFWX||XW,,,,,,,,,,,,,",
                ",,,,,,,,,,,,,WFFFFFFFzWFFWipiW33//W,,,,,,,,,,,,,",
                ",,,,,,,,,,,,,WWWWWWWWWWWWWWWWWWWWWW,,,,,,,,,,,,,",
                ",,,,,,,,,,,,,,,,,,,,,,,,,,,,,,,,,,,,,,,,,,,,,,,,",
                ",,,,,,,,,,,,,,,,,,,,,,,,,,,,,,,,,,,,,,,,,,,,,,,,",
                ",,,,,,,,,,,,,,,,,,,,,,,,,,,,,,,,,,,,,,,,,,,,,,,,",
                ",,,,,,,,,,,,,,,,,,,,,,,,,,,,,,,,,,,,,,,,,,,,,,,,",
                ",,,,,,,,,,,,,,,,,,,,,,,,,,,,,,,,,,,,,,,,,,,,,,,,",
                ",,,,,,,,,,,,,,,,,,,,,,,,,,,,,,,,,,,,,,,,,,,,,,,,",
                ",,,,,,,,,,,,,,,,,,,,,,,,,,,,,,,,,,,,,,,,,,,,,,,,",
                ",,,,,,,,,,,,,,,,,,,,,,,,,,,,,,,,,,,,,,,,,,,,,,,,",
                ",,,,,,,,,,,,,,,,,,,,,,,,,,,,,,,,,,,,,,,,,,,,,,,,",
                ",,,,,,,,,,,,,,,,,,,,,,,,,,,,,,,,,,,,,,,,,,,,,,,,",
                ",,,,,,,,,,,,,,,,,,,,,,,,,,,,,,,,,,,,,,,,,,,,,,,,",
                ",,,,,,,,,,,,,,,,,,,,,,,,,,,,,,,,,,,,,,,,,,,,,,,,",
                ",,,,,,,,,,,,,,,,,,,,,,,,,,,,,,,,,,,,,,,,,,,,,,,,",
                ",,,,,,,,,,,,,,,,,,,,,,,,,,,,,,,,,,,,,,,,,,,,,,,,",
                ",,,,,,,,,,,,,,,,,,,,,,,,,,,,,,,,,,,,,,,,,,,,,,,,",
                ",,,,,,,,,,,,,,,,,,,,,,,,,,,,,,,,,,,,,,,,,,,,,,,,",
                ",,,,,,,,,,,,,,,,,,,,,,,,,,,,,,,,,,,,,,,,,,,,,,,,"
            ],
        "palettes": [ "FO_VAULTPAL_WESTTEK" ],
        "computers": {
        "-": {
          "name": "West-Tek Experimental Weapons Storage Access Computer",
          "security": 8,
          "options": [ { "name": "Unlock Door", "action": "unlock" } ],
          "failures": [ { "action": "damage" }, { "action": "alarm" } ]
        }
          },
        "place_monsters": [ { "monster": "GROUP_MIL_STRONG", "x": [ 14, 23 ], "y": [ 10, 23 ], "density": 0.7 },
        { "monster": "GROUP_MIL_STRONG", "x": [ 14, 23 ], "y": [ 24, 29 ], "density": 0.7 },
        { "monster": "GROUP_MIL_STRONG", "x": [ 24, 33 ], "y": [ 10, 23 ], "density": 0.7 },
        { "monster": "GROUP_MIL_STRONG", "x": [ 24, 33 ], "y": [ 24, 29 ], "density": 0.7 } ],
        "set": [
            { "square": "radiation", "amount": 30, "x": 0, "y": 0, "x2": 23, "y2": 23 },
            { "square": "radiation", "amount": 30, "x": 24, "y": 0, "x2": 47, "y2": 23 },
            { "square": "radiation", "amount": 30, "x": 0, "y": 24, "x2": 23, "y2": 47 },
            { "square": "radiation", "amount": 30, "x": 24, "y": 24, "x2": 47, "y2": 47 }
            ],
        "place_item": [
        { "item": "corpse_generic_human", "x": 19, "y": 22, "chance": 80 },
        { "item": "corpse_generic_human", "x": 15, "y": 19, "chance": 80 },
        { "item": "corpse_generic_human", "x": 16, "y": 22, "chance": 60 },
        { "item": "corpse_generic_human", "x": 25, "y": 22, "chance": 80 },
        { "item": "corpse_generic_human", "x": 32, "y": 19, "chance": 60 },
        { "item": "corpse_generic_human", "x": 17, "y": 25, "chance": 60 },
        { "item": "corpse_generic_human", "x": 28, "y": 28, "chance": 70 },
        { "item": "corpse_generic_human", "x": 18, "y": 11, "chance": 60 },
        { "item": "corpse_generic_human", "x": 25, "y": 13, "chance": 70 },
        { "item": "corpse_generic_human", "x": 14, "y": 29, "chance": 100 },
        { "item": "power_armor_helmet_t51", "x": 14, "y": 29, "chance": 100, "damage": 4 },
        { "item": "item_fo_glow_holotape", "x": 14, "y": 29, "chance": 100 },
        { "item": "fo_dobb_frozenpod", "x": 33, "y": 25, "chance": 100 }
      ],
        "terrain": { ",": "t_rock", "&": "t_door_metal_locked" }
        }
    },
    {
        "type": "mapgen",
        "method": "json",
        "om_terrain": [ 
            [ "FO_WESTTEK_2_roof_2", "FO_WESTTEK_2_roof_1" ],
            [ "FO_WESTTEK_2_roof_3", "FO_WESTTEK_2_roof_4" ]
        ],
        "weight": 100,
        "object": {
            "fill_ter": "t_open_air",
             "rows": [
                
                ",,,,,,,,,,,,,,,,,,,,,,,,,,,,,,,,,,,,,,,,,,,,,,,,",
                ",,,,,,,,,,,,,,,,,,,,,,,,,,,,,,,,,,,,,,,,,,,,,,,,",
                ",,,,,,,,,,,,,,,,,,,,,,,,,,,,,,,,,,,,,,,,,,,,,,,,",
                ",,,,,,,,,,,,,,,,,,,,,,,,,,,,,,,,,,,,,,,,,,,,,,,,",
                ",,,,,,,,,,,,,,,,,,,,,,,,,,,,,,,,,,,,,,,,,,,,,,,,",
                ",,,,,,,,,,,,,,,,,,,,,,,,,,,,,,,,,,,,,,,,,,,,,,,,",
                ",,,,,,,,,,,,,,,,,,,,,,,,,,,,,,,,,,,,,,,,,,,,,,,,",
                ",,,,,,,,,,,,,,,,,,,,,,,,,,,,,,,,,,,,,,,,,,,,,,,,",
                ",,,,,,,,,,,,,,,,,,,,,,,,,,,,,,,,,,,,,,,,,,,,,,,,",
                ",,,,,,,,,,,,,,,,,,,,,,,,,,,,,,,,,,,,,,,,,,,,,,,,",
                ",,,,,,,,,,,,,,,,,,,,,,,,,,,,,,,,,,,,,,,,,,,,,,,,",
                ",,,,,,,,,,,,,,,,,,,,,,,,,,,,,,,,,,,,,,,,,,,,,,,,",
                ",,,,,,,,,,,,,,,,,,,,,,,,,,,,,,,,,,,,,,,,,,,,,,,,",
                ",,,,,,,,,,,,,,,,,,,,,,,,,,,,,,,,,,,,,,,,,,,,,,,,",
                ",,,,,,,,,,,,,,,,,,,,,,,,,,,,,,,,,,,,,,,,,,,,,,,,",
                ",,,,,,,,,,,,,,,,,,,,,,,,,,,,,,,,,,,,,,,,,,,,,,,,",
                ",,,,,,,,,,,,,,,,,,,,;;;;,,,,,,,,,,,,,,,,,,,,,,,,",
                ",,,,,,,,,,,,,,,;;;;;;;;;;;;;;;,,,,,,,,,,,,,,,,,,",
                ",,,,,,,,,,,,;;;;;;ZZZZZZZZZ;;;;;;;,,,,,,,,,,,,,,",
                ",,,,,,,,,,,;;;;;ZZ        ZZZZ;;;;;;,,,,,,,,,,,,",
                ",,,,,,,,,,,,,;;;ZZZZ         ZZ;;;;,,,,,,,,,,,,,",
                ",,,,,,,,,,,,,,;;ZZZ         ZZ;;;;;,,,,,,,,,,,,,",
                ",,,,,,,,,,,,,;;;ZZ           ZZZ;;;;,,,,,,,,,,,,",
                ",,,,,,,,,,,,;;;;;ZZ          ZZ;;;;;,,,,,,,,,,,,",
                ",,,,,,,,,,,,;;;;;ZZZZZ   ZZZZZ;;;;,,,,,,,,,,,,,,",
                ",,,,,,,,,,,,,,,,;;;;;ZZZZZZZZ;;;;;;,,,,,,,,,,,,,",
                ",,,,,,,,,,,,,,,,,;;;;;;;;;;;;;;,,,,,,,,,,,,,,,,,",
                ",,,,,,,,,,,,,,,,,,,,,,,,,,,,,,,,,,,,,,,,,,,,,,,,",
                ",,,,,,,,,,,,,,,,,,,,,,,,,,,,,,,,,,,,,,,,,,,,,,,,",
                ",,,,,,,,,,,,,,,,,,,,,,,,,,,,,,,,,,,,,,,,,,,,,,,,",
                ",,,,,,,,,,,,,,,,,,,,,,,,,,,,,,,,,,,,,,,,,,,,,,,,",
                ",,,,,,,,,,,,,,,,,,,,,,,,,,,,,,,,,,,,,,,,,,,,,,,,",
                ",,,,,,,,,,,,,,,,,,,,,,,,,,,,,,,,,,,,,,,,,,,,,,,,",
                ",,,,,,,,,,,,,,,,,,,,,,,,,,,,,,,,,,,,,,,,,,,,,,,,",
                ",,,,,,,,,,,,,,,,,,,,,,,,,,,,,,,,,,,,,,,,,,,,,,,,",
                ",,,,,,,,,,,,,,,,,,,,,,,,,,,,,,,,,,,,,,,,,,,,,,,,",
                ",,,,,,,,,,,,,,,,,,,,,,,,,,,,,,,,,,,,,,,,,,,,,,,,",
                ",,,,,,,,,,,,,,,,,,,,,,,,,,,,,,,,,,,,,,,,,,,,,,,,",
                ",,,,,,,,,,,,,,,,,,,,,,,,,,,,,,,,,,,,,,,,,,,,,,,,",
                ",,,,,,,,,,,,,,,,,,,,,,,,,,,,,,,,,,,,,,,,,,,,,,,,",
                ",,,,,,,,,,,,,,,,,,,,,,,,,,,,,,,,,,,,,,,,,,,,,,,,",
                ",,,,,,,,,,,,,,,,,,,,,,,,,,,,,,,,,,,,,,,,,,,,,,,,",
                ",,,,,,,,,,,,,,,,,,,,,,,,,,,,,,,,,,,,,,,,,,,,,,,,",
                ",,,,,,,,,,,,,,,,,,,,,,,,,,,,,,,,,,,,,,,,,,,,,,,,",
                ",,,,,,,,,,,,,,,,,,,,,,,,,,,,,,,,,,,,,,,,,,,,,,,,",
                ",,,,,,,,,,,,,,,,,,,,,,,,,,,,,,,,,,,,,,,,,,,,,,,,",
                ",,,,,,,,,,,,,,,,,,,,,,,,,,,,,,,,,,,,,,,,,,,,,,,,",
                ",,,,,,,,,,,,,,,,,,,,,,,,,,,,,,,,,,,,,,,,,,,,,,,,"
            ],
            "palettes": [ "FO_VAULTPAL_WESTTEK" ],
            "set": [
            { "square": "radiation", "amount": 40, "x": 0, "y": 0, "x2": 23, "y2": 23 },
            { "square": "radiation", "amount": 40, "x": 24, "y": 0, "x2": 47, "y2": 23 },
            { "square": "radiation", "amount": 40, "x": 0, "y": 24, "x2": 23, "y2": 47 },
            { "square": "radiation", "amount": 40, "x": 24, "y": 24, "x2": 47, "y2": 47 }
            ],
            "terrain": {
                ",": "t_region_groundcover"
            }
        }
    }
]