[
    {
    "type": "npc",
    "id": "fo_legionary_spawn",
    "name_suffix": "Legionary",
    "class": "fo_legionary_spawn_npc",
    "gender": "male",
    "attitude": 0,
    "mission": 8,
    "chat": "TALK_fo_legion_start",
    "faction": "fac__fo_legion"
  },
  {
    "type": "npc_class",
    "id": "fo_legionary_spawn_npc",
    "name": { "str": "Legionary" },
    "job_description": "Is a soldier for Caesar's Legion.",
    "traits": [ { "group": "NPC_starting_traits" }, { "group": "Hair_Any" } ],
    "common": false,
    "bonus_str": { "rng": [ -3, 3 ] },
    "bonus_dex": { "rng": [ -3, 3 ] },
    "bonus_int": { "rng": [ -3, 3 ] },
    "bonus_per": { "rng": [ -3, 3 ] },
    "worn_override": "NC_CLG_worn",
    "carry_override": "NC_CLG_carry",
    "weapon_override": "NC_CLG_weapon",
    "skills": [
      { "skill": "ALL", "level": { "sum": [ { "dice": [ 3, 2 ] }, { "constant": -3 } ] } },
      { "skill": "dodge", "bonus": { "rng": [ 0, 2 ] } },
      { "skill": "melee", "bonus": { "rng": [ 1, 2 ] } },
      { "skill": "unarmed", "bonus": { "rng": [ 0, 2 ] } },
      { "skill": "rifle", "bonus": { "rng": [ 1, 3 ] } },
      { "skill": "survival", "bonus": { "rng": [ 1, 2 ] } },
      { "skill": "gun", "bonus": { "rng": [ 1, 3 ] } }
    ]
  },
  {
    "type": "TOOL",
    "category": "other",
    "id": "fo_legiontroopcard",
    "looks_like": "paper",
    "name": { "str": "Legion Requisition Ticket" },
    "description": "A single-use ticket that deploys a legionary of the Caesar's Legion for the user.",
    "weight": "1 g",
    "symbol": "N",
    "color": "green",
    "price": 100,
    "price_postapoc": 0,
    "material": [ "steel" ],
    "volume": "1 ml",
    "max_charges": 0,
    "initial_charges": 0,
    "charges_per_use": 0,
    "turns_per_charge": 0,
    "ammo": "NULL",
    "use_action": 
    {
      "type": "place_npc",
      "npc_class_id": "fo_legionary_spawn",
      "summon_msg": "A soldier of Caesar's Legion appears, as if from nowhere. He is eager to serve!",
      "place_randomly": false
    }
  }
]
