[
  {
    "type": "npc",
    "id": "fo_ncr_trooper_spawn",
    "name_suffix": "NCR Trooper",
    "class": "fo_ncr_trooper_spawn_npc",
    "attitude": 0,
    "mission": 8,
    "chat": "TALK_NCR_TROOPSPAWN",
    "faction": "fac__fo_NCR"
  },
  {
    "type": "npc_class",
    "id": "fo_ncr_trooper_spawn_npc",
    "name": { "str": "NCR Trooper" },
    "job_description": "Is a soldier of the New California Republic.",
    "traits": [ { "group": "NPC_starting_traits" }, { "group": "Hair_Any" } ],
    "common": false,
    "bonus_str": { "rng": [ -3, 3 ] },
    "bonus_dex": { "rng": [ -3, 3 ] },
    "bonus_int": { "rng": [ -3, 3 ] },
    "bonus_per": { "rng": [ -3, 3 ] },
    "worn_override": "NC_NCRTROOP_worn",
    "carry_override": "NC_NCRTROOP_carry",
    "weapon_override": "NC_NCRTROOP_weapon",
    "skills": [
      { "skill": "ALL", "level": { "sum": [ { "dice": [ 3, 2 ] }, { "constant": -3 } ] } },
      { "skill": "dodge", "bonus": { "rng": [ 0, 2 ] } },
      { "skill": "melee", "bonus": { "rng": [ 0, 1 ] } },
      { "skill": "unarmed", "bonus": { "rng": [ 0, 2 ] } },
      { "skill": "rifle", "bonus": { "rng": [ 0, 2 ] } },
      { "skill": "survival", "bonus": { "rng": [ 0, 2 ] } },
      { "skill": "gun", "bonus": { "rng": [ 2, 3 ] } }
    ]
  },
  {
    "type": "TOOL",
    "category": "other",
    "id": "fo_ncrtroopcard",
    "looks_like": "paper",
    "name": { "str": "NCR Requisition Ticket" },
    "description": "A single-use ticket that deploys a soldier of the New California Republic for the user.",
    "weight": "1 g",
    "symbol": "N",
    "color": "green",
    "price": 100,
    "price_postapoc": 0,
    "material": [ "steel" ],
    "volume": "1 ml",
    "max_charges": 0,
    "initial_charges": 0,
    "charges_per_use": 0,
    "turns_per_charge": 0,
    "ammo": "NULL",
    "use_action": 
    {
      "type": "place_npc",
      "npc_class_id": "fo_ncr_trooper_spawn",
      "summon_msg": "A soldier of the New California Repulbic appears, as if from nowhere. They are curious about your orders!",
      "place_randomly": false
    }
  }
]
