[
    {
        "type":"palette",
        "id":"PAL_NCRPOST",
        "terrain": {
           ",": "t_region_groundcover",
           "Q": "t_dirt",
           "q": "t_scrap_wall",
           "W": "t_wall",
           "w": "t_adobe_brick_wall",
           "E": "t_window",
           "e": "t_window_open",
           "F": "t_dirtfloor",
           "f": "t_floor",
           "C": "t_floor",
           "c": "t_floor",
           "D": "t_door_c",
           "d": "t_door_metal_pickable",
           "Z": "t_radio_tower",
           "z": "t_radio_controls",
           "X": "t_bulk_tank",
           "x": "t_machinery_old",
           "1": "t_floor",
           "2": "t_floor",
           "3": "t_floor",
           "V": "t_dirt",
           "I": "t_floor",
           "i": "t_console",
           "*": "t_utility_light",
           "N": "t_floor",
           "n": "t_floor",
           "4": "t_floor",
           "Y": "t_dirtfloor",
           "5": "t_dirtfloor",
           "6": "t_dirtfloor",
           "M": "t_floor",
           "m": "t_floor",
           "P": "t_dirtfloor",
           "p": "t_dirtfloor",
           "B": "t_dirtfloor",
           "7": "t_dirtfloor",
           "v": "t_floor",
           "8": "t_floor"
        },
        "furniture": {
           "Q": "f_sandbag_half",
           "C": "f_large_canvas_wall",
           "c": "f_large_canvas_door_o",
           "1": "f_rack",
           "2": "f_rack",
           "3": "f_rack",
           "I": "f_desk",
           "N": "f_fallout_magreel",
           "n": "f_chair",
           "4": "f_bookcase",
           "Y": "f_bunkbed",
           "5": "f_locker",
           "6": "f_locker",
           "M": "f_table",
           "m": "f_chair",
           "P": "f_table",
           "p": "f_stool",
           "B": "f_oven",
           "7": "f_rack_wood",
           "v": "f_sofa",
           "8": "f_bookcase"
        },
    "items": {
            "1": [ { "item": "drop_ncr_armor", "chance": 70, "repeat": [ 8, 14 ] }, { "item": "drop_ncr_armor_helmet", "chance": 70, "repeat": [ 8, 14 ] }, { "item": "infantry_common_gear", "chance": 65, "repeat": [ 3, 8 ] } ],
            "2": [ { "item": "drops_ncr_gun_storage", "chance": 75, "repeat": [ 10, 13 ] }, { "item": "drops_ncr_melee_storage", "chance": 37, "repeat": [ 4, 8 ] } ],
            "3": [ { "item": "drops_ncrclosedcrate_ammo", "chance": 85, "repeat": [ 34, 40 ] }, { "item": "drops_ncropencrate_ammo", "chance": 99, "repeat": [ 4, 8 ] }, { "item": "drops_ncr_gunmags_storage", "chance": 75, "repeat": [ 18, 25 ] }, { "item": "drops_ncrcrate_mags", "chance": 30, "repeat": [ 5, 6 ] } ],
            "I": [ { "item": "office_paper", "chance": 8 }, { "item": "office_supplies", "chance": 7 }, { "item": "file_room", "chance": 10 }, { "item": "book_military", "chance": 15 }, { "item": "drops_ncrfood", "chance": 15 } ],
            "4": [ { "item": "book_gunmags", "chance": 65, "repeat": [ 2, 3 ] }, { "item": "book_gunref", "chance": 30, "repeat": [ 1, 2 ] }, { "item": "light_reading", "chance": 65, "repeat": [ 2, 3 ] }, { "item": "book_military", "chance": 65, "repeat": [ 3, 4 ] } ],
            "6": [ { "item": "bunker_basement_clothing", "chance": 30, "repeat": [ 2, 4 ] }, { "item": "military_patrol_food", "chance": 45, "repeat": [ 2, 4 ] }, { "item": "infantry_common_gear", "chance": 30, "repeat": [ 1, 3 ] }, { "item": "military", "chance": 25, "repeat": [ 2, 4 ] }, { "item": "army_personal_locker", "chance": 65, "repeat": [ 3, 5 ] }, { "item": "drop_ncr_armor", "chance": 25, "repeat": [ 2, 5 ] }, { "item": "drop_ncr_armor_helmet", "chance": 25, "repeat": [ 2, 5 ] } ],
            "7": [ { "item": "SUS_pantry", "chance": 40, "repeat": [ 3, 6 ] }, { "item": "drops_legionfood", "chance": 75, "repeat": [ 8, 14 ] } ],
            "8": [ { "item": "book_survival", "chance": 65, "repeat": [ 2, 3 ] }, { "item": "book_gunref", "chance": 30, "repeat": [ 1, 2 ] }, { "item": "light_reading", "chance": 65, "repeat": [ 2, 3 ] }, { "item": "book_military", "chance": 65, "repeat": [ 3, 4 ] } ]
            }
        }
]