[
    {
        "type":"palette",
        "id":"FO_PAL_SUPMART",
        "terrain": {
           "Q": "t_sidewalk",
           "q": "t_pavement",
           "W": "t_wall",
           "F": "t_floor",
           "f": "t_linoleum_white",
           "1": "t_linoleum_white",
           "2": "t_linoleum_white",
           "3": "t_linoleum_white",
           "4": "t_linoleum_white",
           "5": "t_linoleum_white",
           "D": "t_door_glass_c",
           "Z": "t_wall_glass",
           "T": "t_linoleum_white",
           "C": "t_console",
           "c": "t_linoleum_white",
           "6": "t_linoleum_white",
           "N": "t_linoleum_gray",
           "n": "t_door_metal_c",
           "7": "t_linoleum_gray",
           "V": "t_metal_floor",
           "v": "t_linoleum_gray",
           "8": "t_linoleum_gray",
           "9": "t_pavement",
           "G": "t_chainfence",
           "B": "t_pavement",
           "@": "t_linoleum_white"
        },
        "furniture": {
           "1": "f_rack",
           "2": "f_rack",
           "3": "f_rack",
           "4": "f_glass_fridge",
           "5": "f_rack",
           "T": "f_counter",
           "c": "f_stool",
           "6": "f_bookcase",
           "7": "f_utility_shelf",
           "v": "f_counter",
           "8": "f_crate_c",
           "9": "f_dumpster",
           "B": "f_air_filter",
           "@": "f_vending_c"
        },
    "items": {
            "1": [ { "item": "drops_superdupermart_food", "chance": 70, "repeat": [ 3, 6 ] }, { "item": "cannedfood", "chance": 40, "repeat": [ 3, 6 ] }, { "item": "snacks", "chance": 40, "repeat": [ 3, 6 ] } ],
            "2": [ { "item": "drops_superdupermart_food", "chance": 35, "repeat": [ 3, 6 ] }, { "item": "groce_cereal", "chance": 55, "repeat": [ 3, 6 ] }, { "item": "snacks", "chance": 70, "repeat": [ 3, 6 ] } ],
            "3": [ { "item": "drops_superdupermart_food", "chance": 70, "repeat": [ 3, 6 ] }, { "item": "groce_pasta", "chance": 35, "repeat": [ 3, 6 ] }, { "item": "groce_ingredient", "chance": 35, "repeat": [ 3, 6 ] } ],
            "4": [ { "item": "groce_frozen", "chance": 50, "repeat": [ 4, 8 ] } ],
            "5": [ { "item": "drops_superdupermart_drinks", "chance": 70, "repeat": [ 3, 6 ] }, { "item": "groce_softdrink", "chance": 35, "repeat": [ 3, 6 ] } ],
            "6": [ { "item": "book_gunmags", "chance": 8, "repeat": [ 1, 3 ] }, { "item": "book_school", "chance": 25, "repeat": [ 2, 3 ] }, { "item": "hardware_books", "chance": 40, "repeat": [ 1, 3 ] }, { "item": "novels", "chance": 40, "repeat": [ 1, 3 ] }, { "item": "homebooks", "chance": 40, "repeat": [ 1, 3 ] }, { "item": "manuals", "chance": 40, "repeat": [ 1, 3 ] }, { "item": "magazines", "chance": 70, "repeat": [ 5, 8 ] } ],
            "7": [ { "item": "cannedfood", "chance": 35, "repeat": [ 6, 10 ] }, { "item": "cleaning", "chance": 35, "repeat": [ 1, 2 ] }, { "item": "electronics", "chance": 35, "repeat": [ 1, 2 ] }, { "item": "supplies_electronics", "chance": 35, "repeat": [ 1, 2 ] }, { "item": "hardware_bulk", "chance": 35, "repeat": [ 1, 2 ] }, { "item": "supplies_fuel", "chance": 35, "repeat": [ 1, 3 ] }, { "item": "supplies_spares_vehicle", "chance": 20, "repeat": [ 1, 3 ] } ],
            "8": [ { "item": "cannedfood", "chance": 70, "repeat": [ 4, 10 ] } ],
            "v": [ { "item": "office_mess", "chance": 20, "repeat": [ 1, 2 ] }, { "item": "supplies_electronics", "chance": 20, "repeat": [ 1, 2 ] }, { "item": "supplies_electronics", "chance": 20, "repeat": [ 1, 2 ] } ],
            "@": [ { "item": "drops_superdupermart_drinks", "chance": 50, "repeat": [ 6, 10 ] } ],
            "9": [ { "item": "trash", "chance": 65, "repeat": [ 6, 10 ] } ],
            "T": [ { "item": "behindcounter", "chance": 20, "repeat": [ 1, 3 ] } ]
            }
        }
]