[
    {
        "id": "wasteland_BATTLEFIELD1_1",
        "type": "overmap_terrain",
        "name": "Wasteland battlefield",
        "sym": "b",
        "color": "yellow_red",
        "see_cost": 10,
        "mondensity": 2
    },
    {
        "id": "wasteland_BATTLEFIELD1_roof_1",
        "type": "overmap_terrain",
        "name": "Wasteland battlefield roof",
        "sym": "b",
        "color": "yellow_red",
        "see_cost": 2
    },
    {
        "id": "wasteland_BATTLEFIELD1_2",
        "type": "overmap_terrain",
        "name": "Wasteland battlefield",
        "sym": "b",
        "color": "yellow_red",
        "see_cost": 10,
        "mondensity": 2
    },
    {
        "id": "wasteland_BATTLEFIELD1_roof_2",
        "type": "overmap_terrain",
        "name": "Wasteland battlefield roof",
        "sym": "b",
        "color": "yellow_red",
        "see_cost": 2
    },
    {
        "id": "wasteland_BATTLEFIELD1_3",
        "type": "overmap_terrain",
        "name": "Wasteland battlefield",
        "sym": "b",
        "color": "yellow_red",
        "see_cost": 10,
        "mondensity": 2
    },
    {
        "id": "wasteland_BATTLEFIELD1_roof_3",
        "type": "overmap_terrain",
        "name": "Wasteland battlefield roof",
        "sym": "b",
        "color": "yellow_red",
        "see_cost": 2
    },
    {
        "id": "wasteland_BATTLEFIELD1_4",
        "type": "overmap_terrain",
        "name": "Wasteland battlefield",
        "sym": "b",
        "color": "yellow_red",
        "see_cost": 10,
        "mondensity": 2
    },
    {
        "id": "wasteland_BATTLEFIELD1_roof_4",
        "type": "overmap_terrain",
        "name": "Wasteland battlefield roof",
        "sym": "b",
        "color": "yellow_red",
        "see_cost": 2
    }
        
]