[
    {
        "type": "overmap_special",
        "id": "Wasteland battlefield",
        "overmaps": [
            { "point": [ 1, 0, 0 ], "overmap": "wasteland_BATTLEFIELD1_1_north" }, 
            { "point": [ 1, 0, 1 ], "overmap": "wasteland_BATTLEFIELD1_roof_1_north" },
            { "point": [ 0, 0, 0 ], "overmap": "wasteland_BATTLEFIELD1_2_north" }, 
            { "point": [ 0, 0, 1 ], "overmap": "wasteland_BATTLEFIELD1_roof_2_north" },
            { "point": [ 0, 1, 0 ], "overmap": "wasteland_BATTLEFIELD1_3_north" }, 
            { "point": [ 0, 1, 1 ], "overmap": "wasteland_BATTLEFIELD1_roof_3_north" },
            { "point": [ 1, 1, 0 ], "overmap": "wasteland_BATTLEFIELD1_4_north" }, 
            { "point": [ 1, 1, 1 ], "overmap": "wasteland_BATTLEFIELD1_roof_4_north" }
        ],
        "locations": [ "land" ],
        "occurrences": [ 1, 7 ]
    }
]