[
    {
        "type": "mapgen",
        "method": "json",
        "weight": 1000,
        "om_terrain": [ 
            [ "wasteland_BATTLEFIELD1_2", "wasteland_BATTLEFIELD1_1" ],
            [ "wasteland_BATTLEFIELD1_4", "wasteland_BATTLEFIELD1_3" ]
        ],
        "object": {
            "fill_ter": "t_dirt",
            "rows": [
                
                ",,,,,,,,,,,,,,,,,,,,,,,,,,,,,,,,,,,,,,,,,,,,,,,,",
                ",,,,,,,,,,,,,,,,,,,,,,,,,,,,,,,,,,,,,,,,,,,,,,,,",
                ",,,,,,,,,,,,,,,,,,,,,,,,,,,,,,,,,,,,,,,,,,,,,,,,",
                ",,,,,,,,,,,,,,,,,,,,,,,,,,,,,,,,,,,,,,,,,,,,,,,,",
                ",,,,,,,,,,,,,,,,,,,,,,,,,,,,,,,,,,,,,,,,,,,,,,,,",
                ",,,,,,,,,,,,,,,,,,,,,,,,,,,,,,,,,,,,,,,,,,,,,,,,",
                ",,,,,,,,,,,,,,,,,,,,,,,,,,,,,,,,,,,,,,,,,,,,,,,,",
                ",,,,,,,,,,,,,,,,,,,,,,,,,,,,,,,,,,,,,,,,,,,,,,,,",
                ",,,,,,,,,,,,,,,,,,,,,,,,,,,,,,,,,,,,,,,,,,,,,,,,",
                ",,,,,,,,,,,,,,,,,,,,,,,,,,,,,,,,,,,,,,,,,,,,,,,,",
                ",,,,,,,,,,,,,,,,,,,,,,,,,,,,,,,,,,,,,,,,,,,,,,,,",
                ",,,,,,,,,,,,,,,,,,,,,,,,,,,,,,,,,,,,,,,,,,,,,,,,",
                ",,,,,,,,,,,,,,,,,,,,,,,,,,,,,,,,,,,,,,,,,,,,,,,,",
                ",,,,,,,,,,,,,,,,,,,,,,,,,,,,,,,,,,,,,,,,,,,,,,,,",
                ",,,,,,,,,,,,,,,,,,,,,,,,,,,,,,,,,,,,,,,,,,,,,,,,",
                ",,,,,,,,,,,,,,,,,,,,,,,,,,,,,,,,,,,,,,,,,,,,,,,,",
                ",,,,,,,,,,,,,,,,,,,,,,,,,,,,,,,,,,,,,,,,,,,,,,,,",
                ",,,,,,,,,,,,,,,,,,,,,,,,,,,,,,,,,,,,,,,,,,,,,,,,",
                ",,,,,,,,,,,,,,,,,,,,,,,,,,,,,,,,,,,,,,,,,,,,,,,,",
                ",,,,,,,,,,,,,,,,,,,,,,,,,,,,,,,,,,,,,,,,,,,,,,,,",
                ",,,,,,,,,,,,,,,,,,,,,,,,,,,,,,,,,,,,,,,,,,,,,,,,",
                ",,,,,,,,,,,,,,,,,,,,,,,,,,,,,,,,,,,,,,,,,,,,,,,,",
                ",,,,,,,,,,,,,,,,,,,,,,,,,,,,,,,,,,,,,,,,,,,,,,,,",
                ",,,,,,,,,,,,,,,,,,,,,,,,,,,,,,,,,,,,,,,,,,,,,,,,",
                ",,,,,,,,,,,,,,,,,,,,,,,,,,,,,,,,,,,,,,,,,,,,,,,,",
                ",,,,,,,,,,,,,,,,,,,,,,,,,,,,,,,,,,,,,,,,,,,,,,,,",
                ",,,,,,,,,,,,,,,,,,,,,,,,,,,,,,,,,,,,,,,,,,,,,,,,",
                ",,,,,,,,,,,,,,,,,,,,,,,,,,,,,,,,,,,,,,,,,,,,,,,,",
                ",,,,,,,,,,,,,,,,,,,,,,,,,,,,,,,,,,,,,,,,,,,,,,,,",
                ",,,,,,,,,,,,,,,,,,,,,,,,,,,,,,,,,,,,,,,,,,,,,,,,",
                ",,,,,,,,,,,,,,,,,,,,,,,,,,,,,,,,,,,,,,,,,,,,,,,,",
                ",,,,,,,,,,,,,,,,,,,,,,,,,,,,,,,,,,,,,,,,,,,,,,,,",
                ",,,,,,,,,,,,,,,,,,,,,,,,,,,,,,,,,,,,,,,,,,,,,,,,",
                ",,,,,,,,,,,,,,,,,,,,,,,,,,,,,,,,,,,,,,,,,,,,,,,,",
                ",,,,,,,,,,,,,,,,,,,,,,,,,,,,,,,,,,,,,,,,,,,,,,,,",
                ",,,,,,,,,,,,,,,,,,,,,,,,,,,,,,,,,,,,,,,,,,,,,,,,",
                ",,,,,,,,,,,,,,,,,,,,,,,,,,,,,,,,,,,,,,,,,,,,,,,,",
                ",,,,,,,,,,,,,,,,,,,,,,,,,,,,,,,,,,,,,,,,,,,,,,,,",
                ",,,,,,,,,,,,,,,,,,,,,,,,,,,,,,,,,,,,,,,,,,,,,,,,",
                ",,,,,,,,,,,,,,,,,,,,,,,,,,,,,,,,,,,,,,,,,,,,,,,,",
                ",,,,,,,,,,,,,,,,,,,,,,,,,,,,,,,,,,,,,,,,,,,,,,,,",
                ",,,,,,,,,,,,,,,,,,,,,,,,,,,,,,,,,,,,,,,,,,,,,,,,",
                ",,,,,,,,,,,,,,,,,,,,,,,,,,,,,,,,,,,,,,,,,,,,,,,,",
                ",,,,,,,,,,,,,,,,,,,,,,,,,,,,,,,,,,,,,,,,,,,,,,,,",
                ",,,,,,,,,,,,,,,,,,,,,,,,,,,,,,,,,,,,,,,,,,,,,,,,",
                ",,,,,,,,,,,,,,,,,,,,,,,,,,,,,,,,,,,,,,,,,,,,,,,,",
                ",,,,,,,,,,,,,,,,,,,,,,,,,,,,,,,,,,,,,,,,,,,,,,,,",
                ",,,,,,,,,,,,,,,,,,,,,,,,,,,,,,,,,,,,,,,,,,,,,,,,"
            ],
        "palettes": [ "wasteland_battlepal" ],
        "place_nested": [ { "chunks": [ [ "wasteland_battlefield_wired1_d", 25 ], [ "wasteland_battlefield_wired2_d", 25 ], [ "wasteland_battlefield_wired3_d", 25 ], [ "wasteland_battlefield_wired4_d", 25 ] ], "x": 0, "y": 3 },
            { "chunks": [ [ "wasteland_battlefield_wired5_d", 25 ], [ "wasteland_battlefield_wired6_d", 25 ], [ "wasteland_battlefield_wired1_d", 25 ], [ "wasteland_battlefield_wired2_d", 25 ] ], "x": 12, "y": 3 },
            { "chunks": [ [ "wasteland_battlefield_wired3_d", 25 ], [ "wasteland_battlefield_wired4_d", 25 ], [ "wasteland_battlefield_wired5_d", 25 ], [ "wasteland_battlefield_wired6_d", 25 ] ], "x": 24, "y": 3 },
            { "chunks": [ [ "wasteland_battlefield_wired1_d", 25 ], [ "wasteland_battlefield_wired2_d", 25 ], [ "wasteland_battlefield_wired3_d", 25 ], [ "wasteland_battlefield_wired4_d", 25 ] ], "x": 35, "y": 3 },
            { "chunks": [ [ "wasteland_battlefield_wired1_u", 25 ], [ "wasteland_battlefield_wired2_u", 25 ],[ "wasteland_battlefield_wired3_u", 25 ], [ "wasteland_battlefield_wired4_u", 25 ] ], "x": 0, "y": 38 },
            { "chunks": [ [ "wasteland_battlefield_wired5_u", 25 ], [ "wasteland_battlefield_wired6_u", 25 ],[ "wasteland_battlefield_wired1_u", 25 ], [ "wasteland_battlefield_wired2_u", 25 ] ], "x": 12, "y": 38},
            { "chunks": [ [ "wasteland_battlefield_wired3_u", 25 ], [ "wasteland_battlefield_wired4_u", 25 ],[ "wasteland_battlefield_wired5_u", 25 ], [ "wasteland_battlefield_wired6_u", 25 ] ], "x": 24, "y": 38 },
            { "chunks": [ [ "wasteland_battlefield_wired1_u", 25 ], [ "wasteland_battlefield_wired2_u", 25 ],[ "wasteland_battlefield_wired3_u", 25 ], [ "wasteland_battlefield_wired4_u", 25 ] ], "x": 35, "y": 38 },
            { "chunks": [ [ "wasteland_battlefield_m1", 25 ], [ "wasteland_battlefield_m2", 25 ], [ "wasteland_battlefield_m3", 25 ], [ "wasteland_battlefield_m4", 25 ] ], "x": 0, "y": 16 },
            { "chunks": [ [ "wasteland_battlefield_m2", 25 ], [ "wasteland_battlefield_m3", 25 ], [ "wasteland_battlefield_m4", 25 ], [ "wasteland_battlefield_m5", 25 ] ], "x": 8, "y": 16},
            { "chunks": [ [ "wasteland_battlefield_m3", 25 ], [ "wasteland_battlefield_m4", 25 ], [ "wasteland_battlefield_m5", 25 ], [ "wasteland_battlefield_m6", 25 ] ], "x": 16, "y": 16 },
            { "chunks": [ [ "wasteland_battlefield_m6", 25 ], [ "wasteland_battlefield_m7", 25 ], [ "wasteland_battlefield_m8", 25 ], [ "wasteland_battlefield_m1", 25 ] ], "x": 24, "y": 16 },
            { "chunks": [ [ "wasteland_battlefield_m2", 25 ], [ "wasteland_battlefield_m3", 25 ], [ "wasteland_battlefield_m4", 25 ], [ "wasteland_battlefield_m5", 25 ] ], "x": 32, "y": 16},
            { "chunks": [ [ "wasteland_battlefield_m6", 25 ], [ "wasteland_battlefield_m7", 25 ], [ "wasteland_battlefield_m8", 25 ], [ "wasteland_battlefield_m1", 25 ] ], "x": 40, "y": 16 },
            { "chunks": [ [ "wasteland_battlefield_m2", 25 ], [ "wasteland_battlefield_m3", 25 ], [ "wasteland_battlefield_m4", 25 ], [ "wasteland_battlefield_m5", 25 ] ], "x": 0, "y": 24 },
            { "chunks": [ [ "wasteland_battlefield_m6", 25 ], [ "wasteland_battlefield_m7", 25 ], [ "wasteland_battlefield_m8", 25 ], [ "wasteland_battlefield_m1", 25 ] ], "x": 8, "y": 24},
            { "chunks": [ [ "wasteland_battlefield_m2", 25 ], [ "wasteland_battlefield_m3", 25 ], [ "wasteland_battlefield_m4", 25 ], [ "wasteland_battlefield_m5", 25 ] ], "x": 16, "y": 24 },
            { "chunks": [ [ "wasteland_battlefield_m6", 25 ], [ "wasteland_battlefield_m7", 25 ], [ "wasteland_battlefield_m8", 25 ], [ "wasteland_battlefield_m1", 25 ] ], "x": 24, "y": 24 },
            { "chunks": [ [ "wasteland_battlefield_m2", 25 ], [ "wasteland_battlefield_m3", 25 ], [ "wasteland_battlefield_m4", 25 ], [ "wasteland_battlefield_m5", 25 ] ], "x": 32, "y": 24 },
            { "chunks": [ [ "wasteland_battlefield_m6", 25 ], [ "wasteland_battlefield_m7", 25 ], [ "wasteland_battlefield_m8", 25 ], [ "wasteland_battlefield_m1", 25 ] ], "x": 40, "y": 24 }
        ],
        "terrain": { ",": "t_region_groundcover" }
        }
    },
    {
        "type": "mapgen",
        "method": "json",
        "om_terrain": [ 
            [ "wasteland_BATTLEFIELD1_roof_2", "wasteland_BATTLEFIELD1_roof_1" ],
            [ "wasteland_BATTLEFIELD1_roof_4", "wasteland_BATTLEFIELD1_roof_3" ]
        ],
        "weight": 100,
        "object": {
            "fill_ter": "t_open_air",
             "rows": [
                
                "                                                ",
                "                                                ",
                "                                                ",
                "                                                ",
                "                                                ",
                "                                                ",
                "                                                ",
                "                                                ",
                "                                                ",
                "                                                ",
                "                                                ",
                "                                                ",
                "                                                ",
                "                                                ",
                "                                                ",
                "                                                ",
                "                                                ",
                "                                                ",
                "                                                ",
                "                                                ",
                "                                                ",
                "                                                ",
                "                                                ",
                "                                                ",
                "                                                ",
                "                                                ",
                "                                                ",
                "                                                ",
                "                                                ",
                "                                                ",
                "                                                ",
                "                                                ",
                "                                                ",
                "                                                ",
                "                                                ",
                "                                                ",
                "                                                ",
                "                                                ",
                "                                                ",
                "                                                ",
                "                                                ",
                "                                                ",
                "                                                ",
                "                                                ",
                "                                                ",
                "                                                ",
                "                                                ",
                "                                                "
            ],
            "terrain": {
                ".": "t_flat_roof"
            }
        }
    }
]