[
    {
        "type":"palette",
        "id":"FO_DCLAW_WARREN_PAL",
        "terrain": {
           "W": "t_rock",
           "w": "t_region_grass",
           "Q": "t_region_grass",
           "q": "t_region_grass",
           "T": "t_dirtfloor",
           "t": "t_grass_dead",
           "<": "t_slope_up",
           ">": "t_slope_down",
           "F": "t_rock_floor",
           "f": "t_rock_floor",
           "S": "t_rock_floor"
        },
        "furniture": {
           "w": "f_boulder_large",
           "Q": "f_boulder_medium",
           "q": "f_boulder_small",
           "f": "f_boulder_small",
           "S": "f_boulder_large"
        },
    "items": {
            
            }
        }
]