[
    {
        "id": "FO_DEATHCLAW_WARREN_1",
        "type": "overmap_terrain",
        "name": "Deathclaw Warren",
        "sym": "D",
        "color": "i_brown",
        "see_cost": 10,
        "mondensity": 2
    },
    {
        "id": "FO_DEATHCLAW_WARREN_2",
        "type": "overmap_terrain",
        "name": "Deathclaw Warren",
        "sym": "D",
        "color": "i_brown",
        "see_cost": 10,
        "mondensity": 2
    },
    {
        "id": "FO_DEATHCLAW_WARREN_1_roof",
        "type": "overmap_terrain",
        "name": "Deathclaw Warren roof",
        "sym": "D",
        "color": "i_brown",
        "see_cost": 2
    }
        
]