[
    {
        "type":"palette",
        "id":"FO_BOS_OUTPOSTPAL",
        "terrain": {
           ".": "t_linoleum_white",
           "W": "t_concrete_wall",
           "w": "t_wall_metal",
           "F": "t_concrete",
           "<": "t_stairs_down",
           ">": "t_stairs_up",
           "C": "t_vault_door_c",
           "f": "t_metal_floor",
           "T": "t_strconc_floor",
           "t": "t_linoleum_gray",
           "c": "t_door_glass_green_c",
           "Q": "t_wall_half",
           "S": "t_linoleum_gray",
           "s": "t_concrete",
           "G": "t_floor_blue",
           "*": "t_vault_floor_olight",
           "B": "t_concrete",
           "b": "t_metal_floor",
           "E": "t_linoleum_gray",
           "e": "t_linoleum_gray",
           "R": "t_linoleum_gray",
           "1": "t_strconc_floor",
           "2": "t_strconc_floor",
           "V": "t_metal_floor",
           "g": "t_grate",
           "Y": "t_linoleum_white",
           "y": "t_floor_blue",
           "U": "t_plut_generator",
           "u": "t_metal_floor",
           "I": "t_metal_floor",
           "i": "t_metal_floor",
           "3": "t_strconc_floor",
           "O": "t_concrete",
           "o": "t_floor_blue",
           "P": "t_console",
           "p": "t_linoleum_white",
           "4": "t_strconc_floor",
           "[": "t_metal_floor",
           "]": "t_concrete",
           "A": "t_concrete",
           "a": "t_concrete",
           "D": "t_concrete",
           "d": "t_concrete",
           "5": "t_metal_floor",
           "H": "t_floor_blue",
           "h": "t_strconc_floor",
           "J": "t_reinforced_glass",
           "j": "t_concrete",
           "K": "t_concrete",
           "L": "t_concrete",
           "l": "t_concrete",
           ";": "t_strconc_floor",
           "'": "t_sewage_pump",
           "6": "t_concrete",
           "7": "t_strconc_floor",
           "8": "t_strconc_floor",
           "9": "t_strconc_floor",
           "!": "t_door_metal_locked",
           "Z": "t_chainfence",
           "z": "t_strconc_floor",
           "X": "t_strconc_floor",
           "x": "t_strconc_floor",
           "v": "t_concrete",
           "@": "t_concrete",
           "N": "t_linoleum_white",
           "n": "t_grass_dead",
           "#": "t_linoleum_white",
           "$": "t_concrete",
           "%": "t_concrete",
           "^": "t_concrete",
           "~": "t_rock",
           "`": "t_floor_blue",
           "?": "t_floor_blue",
           ":": "t_linoleum_white",
           "(": "t_concrete",
           "0": "t_concrete",
           "_": "t_strconc_floor",
           "=": "t_metal_floor",
           "+": "t_metal_floor",
           "M": "t_metal_railing",
           "m": "t_machinery_heavy",
           "|": "t_machinery_light",
           "/": "t_machinery_electronic",
           "k": "t_linoleum_white",
           "{": "t_column"
        },
        "furniture": {
           ".": "f_shower",
           "t": "f_table",
           "S": "f_stool",
           "s": "f_chair",
           "b": "f_trashcan",
           "E": "f_sink",
           "e": "f_washer",
           "R": "f_glass_fridge",
           "1": "f_crate_c",
           "2": "f_rack",
           "V": "f_vending_c",
           "Y": "f_IV_pole",
           "y": "f_bed",
           "u": "f_desk",
           "I": "f_fallout_magreel",
           "i": "f_fallout_server",
           "3": "f_rack",
           "O": "f_table",
           "o": "f_sofa",
           "p": "f_bed",
           "4": "f_locker",
           "[": "f_vent_pipe",
           "]": "f_air_filter",
           "A": "f_air_filter",
           "a": "f_standing_tank",
           "D": "f_water_heater",
           "d": "f_water_purifier",
           "5": "f_utility_shelf",
           "H": "f_table",
           "h": "f_armchair",
           "j": "f_table",
           "K": "f_chair",
           "L": "f_filing_cabinet",
           "l": "f_target",
           ";": "f_sandbag_half",
           "6": "f_utility_shelf",
           "7": "f_utility_shelf",
           "8": "f_utility_shelf",
           "9": "f_locker",
           "z": "f_treadmill",
           "X": "f_punching_bag",
           "x": "f_exercise",
           "v": "f_water_heater",
           "@": "f_warehouse_shelf",
           "#": "f_glass_cabinet",
           "$": "f_utility_shelf",
           "%": "f_bookcase",
           "^": "f_utility_shelf",
           "?": "f_table",
           "(": "f_utility_shelf",
           "0": "f_heavy_lathe",
           "_": "f_bunkbed",
           "=": "f_workbench",
           "+": "f_stool",
           "k": "f_sink"
        },
    "items": {
              "R": [ { "item": "foodintincan", "chance": 70, "repeat": [ 6, 10 ] },  { "item": "softdrinks_canned", "chance": 75, "repeat": [ 6, 10 ] }, { "item": "preserved_food", "chance": 73, "repeat": [ 4, 5 ] }, { "item": "irradiated_food", "chance": 40, "repeat": [ 3, 5 ] }, { "item": "pantry", "chance": 75, "repeat": [ 4, 7 ] }, { "item": "mon_vault_food", "chance": 75, "repeat": [ 4, 7 ] }, { "item": "mon_vault_drink", "chance": 75, "repeat": [ 4, 7 ] } ],
              "t": { "item": "mon_vault_table", "chance": 30, "repeat": [ 1, 2 ] },
              "1": [ { "item": "supplies_mechanics", "chance": 88, "repeat": [ 2, 4 ] }, { "item": "supplies_electronics", "chance": 65, "repeat": [ 5, 8 ] }, { "item": "supplies_metal", "chance": 78, "repeat": [ 5, 13 ] }, { "item": "supplies_hardware", "chance": 78, "repeat": [ 6, 15 ] }, { "item": "metal_workshop", "chance": 50, "repeat": [ 4, 7 ] }, { "item": "supplies_electronics", "chance": 15 }, { "item": "ammo_any_batteries_full", "chance": 35, "repeat": [ 1, 3 ] } ],
              "2": [ { "item": "supplies_mechanics", "chance": 65, "repeat": [ 2, 6 ] }, { "item": "supplies_electronics", "chance": 55, "repeat": [ 5, 8 ] }, { "item": "metal_workshop", "chance": 55, "repeat": [ 5, 8 ] }, { "item": "office_supplies", "chance": 55, "repeat": [ 1, 3 ] }, { "item": "lab_bookshelves", "prob": 20 } ],
              "3": [ { "item": "book_gunref", "chance": 65, "repeat": [ 3, 4 ] }, { "item": "electronics", "chance": 20, "repeat": [ 4, 7 ] }, { "item": "gunmod_common", "chance": 20, "repeat": [ 4, 7 ] }, { "item": "gunmod_rare", "chance": 20, "repeat": [ 4, 7 ] }, { "item": "metal_workshop", "chance": 25, "repeat": [ 7, 13 ] }, { "item": "tools_gunsmith", "chance": 33, "repeat": [ 4, 8 ] } ],
              "7": [ { "item": "fallout_energy_gungroups_enhanced", "chance": 65, "repeat": [ 7, 13 ] }, { "item": "mon_vault_equipment_armory", "chance": 30, "repeat": [ 7, 13 ] }, { "item": "electronics", "chance": 20, "repeat": [ 4, 7 ] }, { "item": "metal_workshop", "chance": 25, "repeat": [ 7, 13 ] }, { "item": "tools_gunsmith", "chance": 65, "repeat": [ 4, 8 ] } ],
              "8": [ { "item": "mon_vault_mags_armory", "chance": 85, "repeat": [ 5, 10 ] }, { "item": "mon_vault_ammo_armory", "chance": 85, "repeat": [ 5, 10 ] }, { "item": "mags_milspec", "chance": 50, "repeat": [ 4, 9 ] }, { "item": "mags_pistol_common", "chance": 50, "repeat": [ 8, 15 ] }, { "item": "mags_pistol_rare", "chance": 25, "repeat": [ 4, 9 ] },{ "item": "mags_smg_common", "chance": 25, "repeat": [ 6, 8 ] }, { "item": "mags_rifle_common", "chance": 25, "repeat": [ 6, 8 ] }, { "item": "ammo_pistol_common", "chance": 40, "repeat": [ 6, 17 ] }, { "item": "ammo_pistol_rare", "chance": 25, "repeat": [ 6, 11 ] }, { "item": "ammo_rifle_common", "chance": 45, "repeat": [ 7, 12 ] }, { "item": "ammo_shotgun_common", "chance": 35, "repeat": [ 6, 8 ] }, { "item": "grenades", "chance": 35, "repeat": [ 6, 8 ] } ],
              "9": [ { "item": "fallout_BOS_locker_enhanced", "chance": 75, "repeat": [ 5, 10 ] } ]
              

            }
        }
]