[
    {
        "id": "FO_BOSOUTPOST_1",
        "type": "overmap_terrain",
        "name": "BoS Outpost",
        "sym": "B",
        "color": "blue",
        "see_cost": 10,
        "mondensity": 2
    },
    {
        "id": "FO_BOSOUTPOST_2",
        "type": "overmap_terrain",
        "name": "BoS Outpost",
        "sym": "B",
        "color": "blue",
        "see_cost": 10,
        "mondensity": 2
    },
    {
        "id": "FO_BOSOUTPOST_1_roof",
        "type": "overmap_terrain",
        "name": "BoS Outpost roof",
        "sym": "B",
        "color": "blue",
        "see_cost": 2
    }
        
]