[
    {
        "type": "mapgen",
        "method": "json",
        "weight": 1000,
        "om_terrain": [ "FO_LEGIONCAMP_1" ],"object": {
            "fill_ter": "t_floor",
            "rows": [
                
                ",,,,,,,,,,,,,,,,,,,,,,,,",
                ",,,,,,,,,,,,,,,,,,,,,,,,",
                ",,,,,,,,,,,,,,,,,,,,,,,,",
                ",,WWWWWWWWWWWWWWWWWWWW,,",
                ",,W,,,,,,,,,,,QJtTTtJW,,",
                ",,W,WWWWWWRWW,QFtTTtFW,,",
                ",,W,WUukWfffW,QFtTTtFW,,",
                ",,W,WUfkW456W,QFtTTtFW,,",
                ",,W,WIfJWWWWW,Q3FFFFFW,,",
                ",,W,WifffffiW,Q3FYy33W,,",
                "rrW,WWWWWdWWW,QQDQQQWW,,",
                ",,rr,,,,,rj,,,Po,jrrr,rr",
                ",,,r,,,,,,,,rrrr,r,rr,r,",
                ",rrrr,rr,,,,jr,,,,r,rrrr",
                "rrW,,QQDQQ,QQDQQ,QDQWW,,",
                ",,W,,QBFBQ,QBFBQ,QFJ1W,,",
                ",,W,,QFFFQ,QFF2Q,QFF1W,,",
                ",,W,,QBFBQ,QBFBQ,QFF2W,,",
                ",,W,,Q1FFQ,QFF1Q,QFF2W,,",
                ",,W,,QB2BQ,QBFBQ,Q111W,,",
                ",,WWWWWWWWWWWWWWWWWWWW,,",
                ",,,,,,,,,,,,,,,,,,,,,,,,",
                ",,,,,,,,,,,,,,,,,,,,,,,,",
                ",,,,,,,,,,,,,,,,,,,,,,,,"
            ],
        "palettes": [ "PAL_FO_LEGIONCAMP" ],
        "place_item": [
        { "item": "log", "x": 7, "y": 8, "chance": 75 },
        { "item": "log", "x": 15, "y": 4, "chance": 75 },
        { "item": "log", "x": 20, "y": 4, "chance": 75 },
        { "item": "log", "x": 19, "y": 15, "chance": 75 },
        { "item": "log", "x": 10, "y": 11, "chance": 75 },
        { "item": "log", "x": 12, "y": 13, "chance": 75 },
        { "item": "log", "x": 17, "y": 11, "chance": 75 }
      ],
        "faction_owner": [
        { "id": "fac__fo_legion", "x": [ 0, 23 ], "y": [ 0, 23 ] }
           ],
        "place_nested": [ { "chunks": [ [ "leg_recruit_spawn", 25 ], [ "leg_prime_spawn", 15 ], [ "leg_vet_spawn", 10 ], [ "null", 50 ] ], "x": 1, "y": 9 },
            { "chunks": [ [ "leg_recruit_spawn", 25 ], [ "leg_prime_spawn", 15 ], [ "leg_vet_spawn", 10 ], [ "null", 50 ] ], "x": 1, "y": 15 },
            { "chunks": [ [ "leg_recruit_spawn", 25 ], [ "leg_prime_spawn", 15 ], [ "leg_vet_spawn", 10 ], [ "null", 50 ] ], "x": 22, "y": 15 },
            { "chunks": [ [ "leg_recruit_spawn", 25 ], [ "leg_prime_spawn", 15 ], [ "leg_vet_spawn", 10 ], [ "null", 50 ] ], "x": 22, "y": 9 },
            { "chunks": [ [ "leg_recruit_spawn", 25 ], [ "leg_prime_spawn", 15 ], [ "leg_vet_spawn", 10 ], [ "null", 50 ] ], "x": 4, "y": 13 },
            { "chunks": [ [ "leg_recruit_spawn", 25 ], [ "leg_prime_spawn", 15 ], [ "leg_vet_spawn", 10 ], [ "null", 50 ] ], "x": 7, "y": 11 },
            { "chunks": [ [ "leg_recruit_spawn", 25 ], [ "leg_prime_spawn", 15 ], [ "leg_vet_spawn", 10 ], [ "null", 50 ] ], "x": 6, "y": 7 },
            { "chunks": [ [ "leg_recruit_spawn", 25 ], [ "leg_prime_spawn", 15 ], [ "leg_vet_spawn", 10 ], [ "null", 50 ] ], "x": 10, "y": 9 },
            { "chunks": [ [ "leg_recruit_spawn", 25 ], [ "leg_prime_spawn", 15 ], [ "leg_vet_spawn", 10 ], [ "null", 50 ] ], "x": 13, "y": 12 },
            { "chunks": [ [ "leg_recruit_spawn", 25 ], [ "leg_prime_spawn", 15 ], [ "leg_vet_spawn", 10 ], [ "null", 50 ] ], "x": 16, "y": 14 },
            { "chunks": [ [ "leg_recruit_spawn", 25 ], [ "leg_prime_spawn", 15 ], [ "leg_vet_spawn", 10 ], [ "null", 50 ] ], "x": 10, "y": 16 },
            { "chunks": [ [ "leg_recruit_spawn", 25 ], [ "leg_prime_spawn", 15 ], [ "leg_vet_spawn", 10 ], [ "null", 50 ] ], "x": 8, "y": 16 },
            { "chunks": [ [ "leg_recruit_spawn", 25 ], [ "leg_prime_spawn", 15 ], [ "leg_vet_spawn", 10 ], [ "null", 50 ] ], "x": 13, "y": 9 },
            { "chunks": [ [ "leg_recruit_spawn", 25 ], [ "leg_prime_spawn", 15 ], [ "leg_vet_spawn", 10 ], [ "null", 50 ] ], "x": 19, "y": 7 },
            { "chunks": [ [ "leg_recruit_spawn", 25 ], [ "leg_prime_spawn", 15 ], [ "leg_vet_spawn", 10 ], [ "null", 50 ] ], "x": 13, "y": 7 },
            { "chunks": [ [ "leg_recruit_spawn", 25 ], [ "leg_prime_spawn", 15 ], [ "leg_vet_spawn", 10 ], [ "null", 50 ] ], "x": 21, "y": 10 }
        ],
        "terrain": { ",": "t_region_groundcover" }
        }
    },
    {
        "type": "mapgen",
        "method": "json",
        "om_terrain": "FO_LEGIONCAMP_1_roof",
        "weight": 100,
        "object": {
            "fill_ter": "t_open_air",
             "rows": [
                
                "                        ",
                "                        ",
                "                        ",
                "  ZZZZZZZZZZZZZZZZZZZZ  ",
                "  Z           .......Z  ",
                "  Z ......... .......Z  ",
                "  Z ......... .......Z  ",
                "  Z ......... .......Z  ",
                "  Z ......... .......Z  ",
                "  Z ......... .......Z  ",
                "  Z ......... .......Z  ",
                "                        ",
                "                        ",
                "                        ",
                "  Z  ..... ..... ....Z  ",
                "  Z  ..... ..... ....Z  ",
                "  Z  ..... ..... ....Z  ",
                "  Z  ..... ..... ....Z  ",
                "  Z  ..... ..... ....Z  ",
                "  Z  ..... ..... ....Z  ",
                "  ZZZZZZZZZZZZZZZZZZZZ  ",
                "                        ",
                "                        ",
                "                        "
            ],
            "terrain": {
                ".": "t_flat_roof",
                "Z": "t_junk_floor"
            }
        }
    }
]