[
    {
        "type":"palette",
        "id":"PAL_FO_LEGIONCAMP",
        "terrain": {
           "W": "t_junk_wall",
           "w": "t_junk_palisade",
           "Q": "t_dirt",
           "D": "t_dirt",
           "d": "t_door_makeshift_c",
           "F": "t_dirtfloor",
           "f": "t_junk_floor",
           "R": "t_door_metal_pickable",
           "r": "t_dirt",
           "B": "t_dirtfloor",
           "1": "t_dirtfloor",
           "2": "t_dirtfloor",
           "T": "t_dirtfloor",
           "t": "t_dirtfloor",
           "Y": "t_dirtfloor",
           "y": "t_dirtfloor",
           "3": "t_dirtfloor",
           "U": "t_junk_floor",
           "u": "t_junk_floor",
           "I": "t_junk_floor",
           "i": "t_junk_floor",
           "O": "t_junk_floor",
           "o": "t_dirt",
           "P": "t_dirt",
           "K": "t_dirt",
           "k": "t_junk_floor",
           "J": "t_junk_floor",
           "j": "t_dirt",
           "4": "t_junk_floor",
           "5": "t_junk_floor",
           "6": "t_junk_floor"
        },
        "furniture": {
           "Q": "f_large_canvas_wall",
           "D": "f_large_canvas_door_o",
           "B": "f_bunkbed",
           "1": "f_crate_c",
           "2": "f_crate_o",
           "T": "f_table",
           "t": "f_logstool",
           "Y": "f_woodstove",
           "y": "f_wood_keg",
           "3": "f_rack_wood",
           "U": "f_table",
           "u": "f_stool",
           "I": "f_bellows",
           "i": "f_forge",
           "O": "f_smoking_rack",
           "o": "f_butcher_rack",
           "P": "f_smoking_rack",
           "K": "f_workbench",
           "k": "f_workbench",
           "J": "f_brazier",
           "j": "f_brazier",
           "4": "f_rack_wood",
           "5": "f_rack_wood",
           "6": "f_rack_wood"
        },
    "items": {
            "1": [ { "item": "drops_legion_gunmags_storage", "chance": 35, "repeat": [ 2, 4 ] }, { "item": "drops_legion_melee_storage", "chance": 30, "repeat": [ 2, 3 ] }, { "item": "drops_legion_gun_storage", "chance": 20, "repeat": [ 1, 2 ] }, { "item": "drops_legioncrate_mags", "chance": 20, "repeat": [ 1, 2 ] }, { "item": "drops_legionclosedcrate_ammo", "chance": 20, "repeat": [ 1, 2 ] }, { "item": "military", "chance": 20, "repeat": [ 1, 2 ] }, { "item": "grenades", "chance": 25, "repeat": [ 2, 4 ] } ],
            "2": [ { "item": "drops_legion_gunmags_storage", "chance": 20 }, { "item": "drops_legion_melee_storage", "chance": 20, "repeat": [ 1, 2 ] }, { "item": "drops_legion_gun_storage", "chance": 20, "repeat": [ 1, 2 ] }, { "item": "drops_legioncrate_mags", "chance": 20, "repeat": [ 1, 2 ] }, { "item": "drops_legionopencrate_ammo", "chance": 20, "repeat": [ 1, 2 ] }, { "item": "trash_forest", "chance": 75, "repeat": [ 5, 7 ] }, { "item": "grenades", "chance": 10, "repeat": [ 1, 3 ] }, { "item": "drops_legionfood", "chance": 20, "repeat": [ 1, 3 ] } ],
            "T": [ { "item": "dining", "chance": 20 }, { "item": "drops_legionfood", "chance": 20, "repeat": [ 1, 2 ] } ],
            "3": [ { "item": "SUS_pantry", "chance": 40, "repeat": [ 3, 6 ] }, { "item": "drops_legionfood", "chance": 75, "repeat": [ 8, 14 ] } ],
            "U": [ { "item": "trash_forest", "chance": 20, "repeat": [ 1, 3 ] }, { "item": "book_survival", "chance": 15 }, { "item": "book_martial", "chance": 15 }, { "item": "exotic_books", "chance": 3 } ],
            "4": [ { "item": "mon_legion_armor", "chance": 70, "repeat": [ 4, 7 ] }, { "item": "mon_legion_helmet", "chance": 70, "repeat": [ 4, 7 ] }, { "item": "infantry_common_gear", "chance": 65, "repeat": [ 3, 8 ] } ],
            "5": [ { "item": "drops_legion_gun_storage", "chance": 65, "repeat": [ 7, 9 ] }, { "item": "drops_legion_melee_storage", "chance": 76, "repeat": [ 4, 8 ] } ],
            "6": [ { "item": "drops_legionclosedcrate_ammo", "chance": 85, "repeat": [ 34, 40 ] }, { "item": "drops_legionopencrate_ammo", "chance": 99, "repeat": [ 4, 8 ] }, { "item": "drops_legion_gunmags_storage", "chance": 75, "repeat": [ 18, 25 ] }, { "item": "drops_legioncrate_mags", "chance": 30, "repeat": [ 5, 6 ] } ]
            }
        }
]