[
  {
    "type": "terrain",
    "id": "t_vault_floor_olight",
    "name": "concrete floor, overhead light",
    "description": "A bare and cold concrete floor with a still-functioning light attached to the ceiling above.",
    "symbol": ".",
    "color": "white",
    "move_cost": 2,
    "light_emitted": 120,
    "roof": "t_flat_roof",
    "flags": [ "TRANSPARENT", "SUPPORTS_ROOF", "INDOORS", "FLAT", "ROAD" ],
    "bash": {
      "str_min": 4,
      "str_max": 12,
      "sound": "glass breaking!",
      "sound_fail": "whack!",
      "sound_vol": 16,
      "sound_fail_vol": 10,
      "ter_set": "t_thconc_floor",
      "items": [ { "item": "glass_shard", "count": [ 8, 16 ] } ]
    }
  },
  {
    "type": "terrain",
    "id": "t_vault_door_c",
    "name": "closed hydraulic door",
    "description": "An extremely resilient door made of assorted steel, carved and pounded into shape. Commonly seen in vaults and other high-security pre-war installations.",
    "symbol": "+",
    "looks_like": "t_door_c",
    "color": "cyan",
    "move_cost": 0,
    "coverage": 95,
    "roof": "t_flat_roof",
    "flags": [ "NOITEM", "DOOR", "CONNECT_TO_WALL", "MINEABLE", "BLOCK_WIND" ],
    "open": "t_vault_door_o",
    "bash": {
      "str_min": 80,
      "str_max": 250,
      "sound": "metal screeching!",
      "sound_fail": "clang!",
      "ter_set": "t_mdoor_frame",
      "items": [
        { "item": "scrap", "count": [ 12, 24 ] },
        { "item": "steel_plate", "prob": 75 },
        { "item": "hinge", "count": [ 1, 3 ] }
      ]
    }
  },
  {
    "type": "terrain",
    "id": "t_vault_door_o",
    "name": "closed hydraulic door",
    "description": "An extremely resilient door made of assorted steel, carved and pounded into shape. Commonly seen in vaults and other high-security pre-war installations.  It's open, so no tools are needed to break in.",
    "symbol": "'",
    "looks_like": "t_door_o",
    "color": "cyan",
    "move_cost": 2,
    "roof": "t_flat_roof",
    "flags": [ "TRANSPARENT", "FLAT", "CONNECT_TO_WALL", "ROAD", "MINEABLE" ],
    "close": "t_vault_door_c",
    "bash": {
      "str_min": 80,
      "str_max": 250,
      "sound": "metal screeching!",
      "sound_fail": "clang!",
      "ter_set": "t_mdoor_frame",
      "items": [
        { "item": "scrap", "count": [ 12, 24 ] },
        { "item": "steel_plate", "prob": 75 },
        { "item": "hinge", "count": [ 1, 3 ] }
      ]
    }
  },
  {
    "type": "furniture",
    "id": "f_fallout_magreel",
    "looks_like": "f_utility_shelf",
    "name": "tape data storage system",
    "description": "A housing for various magnetic tape reels and spools containing any variety of data.",
    "symbol": ":",
    "color": "blue_white",
    "move_cost_mod": -1,
    "coverage": 90,
    "required_str": 8,
    "flags": [ "BLOCKSDOOR" ],
    "deconstruct": {
      "items": [
        { "item": "sheet_metal_small", "count": [ 4, 6 ] },
        { "item": "pipe", "count": [ 4, 8 ] },
        { "item": "processor", "count": [ 1, 2 ] },
        { "item": "cable", "charges": [ 5, 10 ] }
      ]
    },
    "bash": {
      "str_min": 16,
      "str_max": 40,
      "sound": "metal screeching!",
      "sound_fail": "clang!",
      "items": [
        { "item": "scrap", "count": [ 4, 8 ] },
        { "item": "sheet_metal_small", "count": [ 1, 4 ] },
        { "item": "pipe", "count": 1 },
        { "item": "e_scrap", "count": [ 20, 50 ] },
        { "item": "cable", "charges": [ 2, 8 ] }
      ]
    }
  },
  {
    "type": "furniture",
    "id": "f_fallout_server",
    "looks_like": "f_utility_shelf",
    "name": "electronic server",
    "description": "A tall vertical housing containing various pieces of electronic equipment, mainframes and vacuum tubes for the purpose of performing many calculations in a short period of time. You can hear it faintly humming and clicking at times.",
    "symbol": ":",
    "color": "blue_white",
    "move_cost_mod": -1,
    "coverage": 90,
    "required_str": 8,
    "flags": [ "BLOCKSDOOR" ],
    "deconstruct": {
      "items": [
        { "item": "sheet_metal_small", "count": [ 4, 6 ] },
        { "item": "pipe", "count": [ 4, 8 ] },
        { "item": "processor", "count": [ 3, 6 ] },
        { "item": "cable", "charges": [ 5, 10 ] }
      ]
    },
    "bash": {
      "str_min": 16,
      "str_max": 40,
      "sound": "metal screeching!",
      "sound_fail": "clang!",
      "items": [
        { "item": "scrap", "count": [ 4, 8 ] },
        { "item": "sheet_metal_small", "count": [ 1, 4 ] },
        { "item": "pipe", "count": 1 },
        { "item": "e_scrap", "count": [ 20, 50 ] },
        { "item": "cable", "charges": [ 2, 8 ] }
      ]
    }
  }
]
