[
  {
    "type": "profession",
    "id": "biker_khan",
    "name": "Great Khan",
    "description": "You spent your life in the Great Khans gang: guns, Jet, and biking. Now the end is here, and you feel like keeping your life choices up.",
    "points": 3,
    "skills": [ { "level": 2, "name": "driving" }, { "level": 2, "name": "mechanics" }, { "level": 4, "name": "cooking" } ],
    "items": {
      "both": {
        "items": [
          "jeans",
          "tank_top",
          "widowmaker",
          "shot_00",
          "crackpipe",
          "crack",
          "textbook_chemistry",
          "chaps_leather",
          "socks",
          "boots",
          "bandana",
          "jacket_leather",
          "wristwatch"
        ],
        "entries": [ { "item": "smart_phone" }, { "item": "sheath", "contents-item": "knife_trench" } ]
      },
      "male": [ "boxer_shorts" ],
      "female": [ "bra", "boy_shorts" ]
    },
    "//": "Crack addiction only there because no jet. Same with chemistry textbook Will add Jet later.",
    "addictions": [ { "intensity": 10, "type": "crack" } ]
  },
  {
    "type": "profession",
    "id": "biker_atomcat",
    "name": "Atom Cat",
    "description": "Before the cataclysm, you spent your life with the coolest cats around; the atom cats. You know your way around atomic vehicles, and even the occasional set of power armor.",
    "points": 3,
    "skills": [ { "level": 1, "name": "driving" }, { "level": 4, "name": "mechanics" }, { "level": 1, "name": "speech" } ],
    "items": {
      "both": {
        "items": [ "jeans", "tank_top", "chaps_leather", "socks", "toolbox", "boots", "bandana", "jacket_leather_atomcat", "wristwatch" ],
        "entries": [ { "item": "smart_phone" } ]
      },
      "male": [ "boxer_shorts" ],
      "female": [ "bra", "boy_shorts" ]
    }
  },
  {
    "type": "profession",
    "id": "officer_enclave",
    "name": "Enclave Officer",
    "description": "The Enclave sent your squad out to survey what was left of New England, and retrieve important military documents. They got absolutely slaughtered, and you're all thats left. Supplies have run low, backup isn't set to come for months, if at all. Long live the enclave.",
    "points": 5,
    "CBMs": [
      "bio_targeting",
      "bio_night_vision",
      "bio_geiger",
      "bio_fingerhack",
      "bio_lockpick",
      "bio_face_mask",
      "bio_metabolics",
      "bio_power_storage_mkII"
    ],
    "skills": [
      { "level": 1, "name": "gun" },
      { "level": 4, "name": "speech" },
      { "level": 1, "name": "firstaid" },
      { "level": 1, "name": "electronics" },
      { "level": 1, "name": "survival" }
    ],
    "items": {
      "both": {
        "items": [
          "jumpsuit_enclave",
          "winter_jacket_enclave",
          "winter_pants_enclave",
          "hat_enclave",
          "socks",
          "14mm",
          "binoculars",
          "boots_combat",
          "two_way_radio",
          "pipboy_2000"
        ],
        "entries": [
          { "item": "ear_plugs", "custom-flags": [ "no_auto_equip" ] },
          { "item": "14mmpistol", "ammo-item": "14mm", "charges": 7 }
        ]
      },
      "male": [ "boxer_shorts" ],
      "female": [ "sports_bra", "boxer_shorts" ]
    }
  },
  {
    "type": "profession",
    "id": "minuteman",
    "name": "Minuteman",
    "description": "'Protect the people at a minute's notice.' That was the original idea. But now General Becker is a dead, the Minutemen are a scattered memory, and all the people you were trying to protect are dead.",
    "points": 6,
    "skills": [
      { "level": 2, "name": "survival" },
      { "level": 2, "name": "tailor" },
      { "level": 4, "name": "speech" },
      { "level": 2, "name": "gun" },
      { "level": 2, "name": "cooking" }
    ],
    "items": {
      "both": {
        "items": [
          "stockings",
          "pockknife",
          "matches",
          "pipe_tobacco",
          "tobacco",
          "knee_high_boots",
          "breeches",
          "waistcoat",
          "sword_revolutionary",
          "duster_minutemen",
          "leather_belt",
          "knit_scarf",
          "tricorne",
          "hatchet",
          "hardtack"
        ],
        "entries": [
          { "item": "smart_phone" },
          { "item": "musket_laser", "ammo-item": "battery", "charges": 20, "contents-item": "shoulder_strap" }
        ]
      }
    }
  },
  {
    "type": "profession",
    "id": "soldier_anchorage",
    "name": "Anchorage Soldier",
    "description": "You fought in anchorage for the U.S. Youre used to the cold, used to ruthless attacks. You thought you'd seen it all. Now you know better, as the dead walk the earth.",
    "points": 6,
    "skills": [
      { "level": 4, "name": "gun" },
      { "level": 3, "name": "rifle" },
      { "level": 2, "name": "melee" },
      { "level": 1, "name": "stabbing" },
      { "level": 3, "name": "survival" },
      { "level": 1, "name": "dodge" }
    ],
    "items": {
      "both": {
        "items": [
          "winter_pants_army",
          "undershirt",
          "helmet_combat_light_winter",
          "armor_combat_light_winter",
          "balclava_winter",
          "gloves_liner",
          "glasses_bal",
          "gloves_tactical",
          "socks",
          "boots_combat",
          "wristwatch",
          "molle_pack"
        ],
        "entries": [
          { "group": "charged_two_way_radio" },
          { "item": "ear_plugs", "custom-flags": [ "no_auto_equip" ] },
          { "item": "knife_trench", "container-item": "sheath" },
          { "item": "ak112", "ammo-item": "5mm", "charges": 30, "contents-item": [ "shoulder_strap", "holo_sight" ] }
        ]
      },
      "male": [ "boxer_shorts" ],
      "female": [ "sports_bra", "boxer_shorts" ]
    }
  },
  {
    "type": "profession",
    "id": "specops_anchorage",
    "name": "Anchorage Special Operator",
    "description": "You're a decorated war hero of the Anchorage campaign. You saw things some men couldnt even dream of. You thought the army prepared you for anything. Apparently not.",
    "points": 8,
    "skills": [
      { "level": 3, "name": "gun" },
      { "level": 3, "name": "smg" },
      { "level": 2, "name": "cutting" },
      { "level": 2, "name": "melee" },
      { "level": 2, "name": "dodge" },
      { "level": 1, "name": "firstaid" },
      { "level": 1, "name": "swimming" },
      { "level": 1, "name": "survival" }
    ],
    "items": {
      "both": {
        "items": [
          "winter_pants_army",
          "undershirt",
          "helmet_combat_light_winter",
          "armor_combat_light_winter",
          "balclava_winter",
          "glasses_bal",
          "gloves_tactical",
          "socks",
          "boots_combat",
          "two_way_radio",
          "wristwatch",
          "molle_pack"
        ],
        "entries": [
          { "item": "ear_plugs", "custom-flags": [ "no_auto_equip" ] },
          { "item": "knife_trench", "container-item": "sheath" },
          {
            "item": "10mmsmg",
            "ammo-item": "10mmjhp",
            "charges": 30,
            "contents-item": [ "shoulder_strap", "suppressor", "holo_sight" ]
          }
        ]
      },
      "male": [ "boxer_shorts" ],
      "female": [ "sports_bra", "boxer_shorts" ]
    }
  },
  {
    "type": "profession",
    "id": "medic_anchorage",
    "name": "Anchorage Combat Medic",
    "description": "You were a combat medic during the Anchorage campaign. While your friends fought and died against the reds, you kept most of them alive. You hoped your days of saving lives were behind you, but now you might have to save your own.",
    "points": 6,
    "skills": [
      { "level": 2, "name": "gun" },
      { "level": 2, "name": "rifle" },
      { "level": 1, "name": "melee" },
      { "level": 4, "name": "firstaid" },
      { "level": 1, "name": "stabbing" },
      { "level": 1, "name": "survival" },
      { "level": 1, "name": "dodge" }
    ],
    "items": {
      "both": {
        "items": [
          "winter_pants_army",
          "undershirt",
          "helmet_combat_light_winter",
          "armor_combat_light_winter_medic",
          "balclava_winter",
          "gloves_liner",
          "gloves_tactical",
          "socks",
          "boots_combat",
          "wristwatch",
          "molle_pack"
        ],
        "entries": [
          { "group": "charged_two_way_radio" },
          { "item": "ear_plugs", "custom-flags": [ "no_auto_equip" ] },
          { "item": "knife_trench", "container-item": "sheath" },
          { "item": "ak112", "ammo-item": "5mm", "charges": 30, "contents-item": [ "shoulder_strap", "holo_sight" ] }
        ]
      },
      "male": [ "boxer_shorts" ],
      "female": [ "sports_bra", "boxer_shorts" ]
    }
  }
]
