[
  {
    "type": "profession",
    "id": "vaultkid",
    "name": "Vault Kid",
    "description": "You were raised in a vault by some preppers. On your 10th birthday, the party was interrupted by radroaches. You were the only one to escape, with your presents: a BB gun and a bat.",
    "points": -1,
    "items": {
      "both": {
        "items": [
          "jumpsuit_vault_13",
          "socks",
          "boots_rubber",
          "water_clean",
          "matches",
          "redryderle",
          "bb",
          "bat",
          "cola_nuka",
          "cola_nuka_quantum",
          "backpack",
          "shoulder_strap",
          "fo_misc_pipboy"
        ]
      },
        "male": [ "boxer_shorts" ],
        "female": [ "bra", "panties" ]
    }
  },
  {
    "type": "profession",
    "id": "vaultdweller",
    "name": "Vault Dweller",
    "description": "When the cataclysm struck, you entered a vault. Unfortunately... There was a radiation leak in the vault... You managed to escape with the essentials for survival.",
    "points": 2,
    "items": {
      "both": {
        "items": [
          "jumpsuit_vault_13",
          "socks",
          "boots_rubber",
          "water_clean",
          "matches",
          "colt6250",
          "colt6250mag",
          "10mmjhp",
          "cola_nuka",
          "cola_nuka_quantum",
          "backpack",
          "holster",
          "fo_misc_pipboy"
        ],
        "entries": [ { "item": "sheath", "container-item": "vault_knife" } ]
      },
      "male": [ "boxer_shorts" ],
      "female": [ "bra", "panties" ]
    }
  },
  {
    "type": "profession",
    "id": "vaultpunk",
    "name": "Vault Punk",
    "description": "You didn't want to move into a vault with your stupid prepper family. Now a vault experiment rendered their efforts moot, and youd laugh. If you weren't currently in danger of a ghoul attack, that is. Make your mark. Tunnel Snakes Rule!",
    "points": 4,
    "skills": [ { "level": 2, "name": "melee" }, { "level": 2, "name": "bashing" }, { "level": 2, "name": "mechanics" } ],
    "items": {
      "both": {
        "items": [
          "jumpsuit_vault_13",
          "socks",
          "boots_rubber",
          "vault_knife",
          "water_clean",
          "matches",
          "colt6250",
          "colt6250mag",
          "10mmjhp",
          "bat",
          "cola_nuka",
          "cola_nuka_quantum",
          "backpack",
          "holster",
          "bandana",
          "jacket_leather_tunnel",
          "fo_misc_pipboy"
        ],
        "entries": [ { "item": "sheath", "container-item": "vault_knife" } ]
      },
      "male": [ "boxer_shorts" ],
      "female": [ "bra", "panties" ]
    }
  },
  {
    "type": "profession",
    "id": "vaultscientist",
    "name": "Vault Scientist",
    "description": "When the cataclysm struck, you were working hard in the Vault you were assigned to. Alas, a FEV experiment gone wrong in the lab caused you to have to evacuate.",
    "points": 3,
    "skills": [ { "level": 4, "name": "cooking" }, { "level": 4, "name": "computer" } ],
    "items": {
      "both": {
        "items": [
          "jumpsuit_vault_13",
          "coat_lab",
          "socks",
          "scalpel",
          "boots_rubber",
          "vault_knife",
          "water_clean",
          "matches",
          "colt6250",
          "colt6250mag",
          "10mmjhp",
          "cola_nuka",
          "cola_nuka_quantum",
          "backpack",
          "holster",
          "fo_misc_pipboy"
        ],
        "entries": [ { "item": "sheath", "container-item": "vault_knife" } ]
      },
      "male": [ "boxer_shorts" ],
      "female": [ "bra", "panties" ]
    }
  },
  {
    "type": "profession",
    "id": "vaultmechanic",
    "name": "Vault Mechanic",
    "description": "When the cataclysm struck, you were working hard in the Vault you were assigned to. Alas, a water leak in the bottom floors spiraled out of control and you escaped with your toolbox.",
    "points": 5,
    "skills": [ { "level": 4, "name": "mechanics" }, { "level": 4, "name": "electronics" } ],
    "items": {
      "both": {
        "items": [
          "jumpsuit_vault_13_utility",
          "socks",
          "boots_rubber",
          "vault_knife",
          "water_clean",
          "toolbox",
          "colt6250",
          "colt6250mag",
          "10mmjhp",
          "cola_nuka",
          "cola_nuka_quantum",
          "backpack",
          "holster",
          "fo_misc_pipboy"
        ],
        "entries": [ { "item": "sheath", "container-item": "vault_knife" } ]
      },
      "male": [ "boxer_shorts" ],
      "female": [ "bra", "panties" ]
    }
  },
  {
    "type": "profession",
    "id": "vaultguard",
    "name": "Vault Guard",
    "description": "You were a guard in a vault before the cataclysm. The job was slow, and mostly involved keeping the children from being mean to each other. Alas, a radroach infestation arose in the lower levels, and the whole bunker had to be abandoned. You escaped with your gear.",
    "points": 4,
    "skills": [ { "level": 4, "name": "shotgun" }, { "level": 4, "name": "pistol" }, { "level": 4, "name": "speech" } ],
    "items": {
      "both": {
        "items": [
          "jumpsuit_vault_13_utility",
          "socks",
          "boots_rubber",
          "vault_knife",
          "water_clean",
          "widowmaker",
          "shot_beanbag",
          "colt6250",
          "colt6250mag",
          "10mmjhp",
          "cola_nuka",
          "cola_nuka_quantum",
          "backpack",
          "holster",
          "shoulder_strap",
          "fo_misc_pipboy"
        ],
        "entries": [ { "item": "sheath", "container-item": "vault_knife" } ]
      },
      "male": [ "boxer_shorts" ],
      "female": [ "bra", "panties" ]
    }
  },
  {
    "type": "profession",
    "id": "vaultmechanic_bionic",
    "name": "Bionic Vault Mechanic",
    "description": "When the cataclysm struck, you were working hard in the Vault you were assigned to. Alas, a radroach infestation in the bottom floors spiraled out of control. Your augments helped you escape by the skin of your teeth.",
    "points": 6,
    "CBMs": [
      "bio_torsionratchet",
      "bio_power_storage_mkII",
      "bio_power_storage_mkII",
      "bio_tools",
      "bio_sunglasses",
      "bio_flashlight",
      "bio_hydraulics",
      "bio_batteries",
      "bio_lighter"
    ],
    "skills": [ { "level": 6, "name": "mechanics" }, { "level": 6, "name": "electronics" }, { "level": 4, "name": "computer" } ],
    "items": {
      "both": {
        "items": [
          "jumpsuit_vault_13_utility",
          "socks",
          "boots_rubber",
          "vault_knife",
          "water_clean",
          "toolbox",
          "colt6250",
          "colt6250mag",
          "10mmjhp",
          "cola_nuka",
          "cola_nuka_quantum",
          "backpack",
          "holster",
          "fo_misc_pipboy"
        ],
        "entries": [ { "item": "sheath", "container-item": "vault_knife" } ]
      },
      "male": [ "boxer_shorts" ],
      "female": [ "bra", "panties" ]
    }
  },
  {
    "type": "profession",
    "id": "vaultguard_bionic",
    "name": "Bionic Vault Guard",
    "description": "You were a bionic-enhanced guard in a vault before the cataclysm. The job was slow, as you were on 'reserve' for emergencies. Alas, an emergency came. A radroach infestation arose in the lower levels, and the whole bunker had to be abandoned. You escaped with your gear.",
    "points": 10,
    "CBMs": [
      "bio_armor_eyes",
      "bio_armor_head",
      "bio_armor_torso",
      "bio_armor_legs",
      "bio_armor_arms",
      "bio_targeting",
      "bio_infrared",
      "bio_metabolics",
      "bio_power_storage_mkII"
    ],
    "skills": [ { "level": 4, "name": "shotgun" }, { "level": 4, "name": "pistol" }, { "level": 4, "name": "speech" } ],
    "items": {
      "both": {
        "items": [
          "jumpsuit_vault_13_utility",
          "socks",
          "boots_rubber",
          "vault_knife",
          "water_clean",
          "widowmaker",
          "shot_00",
          "colt6250",
          "colt6250mag",
          "10mmjhp",
          "cola_nuka",
          "cola_nuka_quantum",
          "backpack",
          "holster",
          "shoulder_strap",
          "fo_misc_pipboy"
        ],
        "entries": [ { "item": "sheath", "container-item": "vault_knife" } ]
      },
      "male": [ "boxer_shorts" ],
      "female": [ "bra", "panties" ]
    }
  }
]
